[  2%] Built target cmsys
[  2%] Built target cmsys_c
[  2%] Built target cmsysTestsC
[  2%] Built target testConsoleBufChild
[  2%] Built target cmsysTestDynload
[  4%] Built target cmsysTestsCxx
[  4%] Built target cmsysTestProcess
[  4%] Built target cmstd
[  5%] Built target kwiml_test
[  6%] Built target cmlibrhash
[  8%] Built target cmzlib
[ 10%] Built target cmnghttp2
[ 25%] Built target cmcurl
[ 25%] Built target curltest
[ 25%] Built target cmexpat
[ 26%] Built target cmbzip2
[ 28%] Built target cmzstd
[ 34%] Built target cmliblzma
[ 45%] Built target cmlibarchive
[ 45%] Built target cmjsoncpp
[ 48%] Built target cmlibuv
[ 51%] Built target cmForm
[ 52%] Built target cmcppdap
[ 82%] Built target CMakeLib
[ 86%] Built target CTestLib
[ 88%] Built target CPackLib
[ 88%] Built target cmake
[ 88%] Built target ctest
[ 89%] Built target cpack
[ 91%] Built target ccmake
[ 92%] Built target testUVProcessChainHelper
[ 96%] Built target CMakeLibTests
[ 96%] Built target testEncoding
[ 97%] Built target runcompilecommands
[ 97%] Built target testAffinity
[ 97%] Built target testDebuggerNamedPipe
[ 97%] Built target pseudo_valgrind
[ 98%] Built target pseudo_purify
[ 98%] Built target pseudo_BC
[ 99%] Built target pseudo_cuda-memcheck
[ 99%] Built target memcheck_fail
[ 99%] Built target pseudonl_valgrind
[ 99%] Built target pseudonl_purify
[ 99%] Built target pseudonl_BC
[ 99%] Built target detect_jobserver
[100%] Built target exit_code
[100%] Built target color_warning
[100%] Built target fake_build_command
[100%] Built target ctresalloc
[100%] Built target pseudo_llvm-rc
[100%] Built target print_stdin
[100%] Built target pseudo_emulator
[100%] Built target pseudo_emulator_custom_command
[100%] Built target pseudo_emulator_custom_command_arg
[100%] Built target pseudo_tidy
[100%] Built target pseudo_iwyu
[100%] Built target pseudo_cpplint
[100%] Built target pseudo_cppcheck
[100%] Built target foo
Install the project...
-- Install configuration: "Release"
-- Installing: /Users/jake/dev/jsavin/Frontier/third_party/cmake-src/../cmake-install/doc/cmake-3.29/cmsys/Copyright.txt
-- Installing: /Users/jake/dev/jsavin/Frontier/third_party/cmake-src/../cmake-install/doc/cmake-3.29/cmlibrhash/COPYING
-- Installing: /Users/jake/dev/jsavin/Frontier/third_party/cmake-src/../cmake-install/doc/cmake-3.29/cmzlib/Copyright.txt
-- Installing: /Users/jake/dev/jsavin/Frontier/third_party/cmake-src/../cmake-install/doc/cmake-3.29/cmcurl/COPYING
-- Installing: /Users/jake/dev/jsavin/Frontier/third_party/cmake-src/../cmake-install/doc/cmake-3.29/cmnghttp2/COPYING
-- Installing: /Users/jake/dev/jsavin/Frontier/third_party/cmake-src/../cmake-install/doc/cmake-3.29/cmzstd/LICENSE
-- Installing: /Users/jake/dev/jsavin/Frontier/third_party/cmake-src/../cmake-install/doc/cmake-3.29/cmliblzma/COPYING
-- Installing: /Users/jake/dev/jsavin/Frontier/third_party/cmake-src/../cmake-install/doc/cmake-3.29/cmlibarchive/COPYING
-- Installing: /Users/jake/dev/jsavin/Frontier/third_party/cmake-src/../cmake-install/doc/cmake-3.29/cmlibuv/LICENSE
-- Installing: /Users/jake/dev/jsavin/Frontier/third_party/cmake-src/../cmake-install/doc/cmake-3.29/cmcppdap/NOTICE
-- Installing: /Users/jake/dev/jsavin/Frontier/third_party/cmake-src/../cmake-install/bin/ccmake
-- Installing: /Users/jake/dev/jsavin/Frontier/third_party/cmake-src/../cmake-install/bin/cmake
-- Installing: /Users/jake/dev/jsavin/Frontier/third_party/cmake-src/../cmake-install/bin/ctest
-- Installing: /Users/jake/dev/jsavin/Frontier/third_party/cmake-src/../cmake-install/bin/cpack
-- Installing: /Users/jake/dev/jsavin/Frontier/third_party/cmake-src/../cmake-install/share/cmake-3.29/include/cmCPluginAPI.h
-- Installing: /Users/jake/dev/jsavin/Frontier/third_party/cmake-src/../cmake-install/doc/cmake-3.29/Copyright.txt
-- Installing: /Users/jake/dev/jsavin/Frontier/third_party/cmake-src/../cmake-install/share/cmake-3.29/Help
-- Installing: /Users/jake/dev/jsavin/Frontier/third_party/cmake-src/../cmake-install/share/cmake-3.29/Help/index.rst
-- Installing: /Users/jake/dev/jsavin/Frontier/third_party/cmake-src/../cmake-install/share/cmake-3.29/Help/envvar
-- Installing: /Users/jake/dev/jsavin/Frontier/third_party/cmake-src/../cmake-install/share/cmake-3.29/Help/envvar/SWIFTC.rst
-- Installing: /Users/jake/dev/jsavin/Frontier/third_party/cmake-src/../cmake-install/share/cmake-3.29/Help/envvar/VERBOSE.rst
-- Installing: /Users/jake/dev/jsavin/Frontier/third_party/cmake-src/../cmake-install/share/cmake-3.29/Help/envvar/ADSP_ROOT.rst
-- Installing: /Users/jake/dev/jsavin/Frontier/third_party/cmake-src/../cmake-install/share/cmake-3.29/Help/envvar/ISPC.rst
-- Installing: /Users/jake/dev/jsavin/Frontier/third_party/cmake-src/../cmake-install/share/cmake-3.29/Help/envvar/DESTDIR.rst
-- Installing: /Users/jake/dev/jsavin/Frontier/third_party/cmake-src/../cmake-install/share/cmake-3.29/Help/envvar/CMAKE_MAXIMUM_RECURSION_DEPTH.rst
-- Installing: /Users/jake/dev/jsavin/Frontier/third_party/cmake-src/../cmake-install/share/cmake-3.29/Help/envvar/CMAKE_GENERATOR_INSTANCE.rst
-- Installing: /Users/jake/dev/jsavin/Frontier/third_party/cmake-src/../cmake-install/share/cmake-3.29/Help/envvar/CMAKE_MSVCIDE_RUN_PATH.rst
-- Installing: /Users/jake/dev/jsavin/Frontier/third_party/cmake-src/../cmake-install/share/cmake-3.29/Help/envvar/FFLAGS.rst
-- Installing: /Users/jake/dev/jsavin/Frontier/third_party/cmake-src/../cmake-install/share/cmake-3.29/Help/envvar/CCMAKE_COLORS.rst
-- Installing: /Users/jake/dev/jsavin/Frontier/third_party/cmake-src/../cmake-install/share/cmake-3.29/Help/envvar/CMAKE_PROGRAM_PATH.rst
-- Installing: /Users/jake/dev/jsavin/Frontier/third_party/cmake-src/../cmake-install/share/cmake-3.29/Help/envvar/RCFLAGS.rst
-- Installing: /Users/jake/dev/jsavin/Frontier/third_party/cmake-src/../cmake-install/share/cmake-3.29/Help/envvar/CMAKE_GENERATOR.rst
-- Installing: /Users/jake/dev/jsavin/Frontier/third_party/cmake-src/../cmake-install/share/cmake-3.29/Help/envvar/CMAKE_EXPORT_COMPILE_COMMANDS.rst
-- Installing: /Users/jake/dev/jsavin/Frontier/third_party/cmake-src/../cmake-install/share/cmake-3.29/Help/envvar/CMAKE_CONFIG_TYPE.rst
-- Installing: /Users/jake/dev/jsavin/Frontier/third_party/cmake-src/../cmake-install/share/cmake-3.29/Help/envvar/CMAKE_COLOR_DIAGNOSTICS.rst
-- Installing: /Users/jake/dev/jsavin/Frontier/third_party/cmake-src/../cmake-install/share/cmake-3.29/Help/envvar/CMAKE_NO_VERBOSE.rst
-- Installing: /Users/jake/dev/jsavin/Frontier/third_party/cmake-src/../cmake-install/share/cmake-3.29/Help/envvar/CMAKE_LANG_COMPILER_LAUNCHER.rst
-- Installing: /Users/jake/dev/jsavin/Frontier/third_party/cmake-src/../cmake-install/share/cmake-3.29/Help/envvar/CTEST_PARALLEL_LEVEL.rst
-- Installing: /Users/jake/dev/jsavin/Frontier/third_party/cmake-src/../cmake-install/share/cmake-3.29/Help/envvar/CSFLAGS.rst
-- Installing: /Users/jake/dev/jsavin/Frontier/third_party/cmake-src/../cmake-install/share/cmake-3.29/Help/envvar/RC.rst
-- Installing: /Users/jake/dev/jsavin/Frontier/third_party/cmake-src/../cmake-install/share/cmake-3.29/Help/envvar/CMAKE_FRAMEWORK_PATH.rst
-- Installing: /Users/jake/dev/jsavin/Frontier/third_party/cmake-src/../cmake-install/share/cmake-3.29/Help/envvar/LANG_FLAGS.txt
-- Installing: /Users/jake/dev/jsavin/Frontier/third_party/cmake-src/../cmake-install/share/cmake-3.29/Help/envvar/LDFLAGS.rst
-- Installing: /Users/jake/dev/jsavin/Frontier/third_party/cmake-src/../cmake-install/share/cmake-3.29/Help/envvar/DASHBOARD_TEST_FROM_CTEST.rst
-- Installing: /Users/jake/dev/jsavin/Frontier/third_party/cmake-src/../cmake-install/share/cmake-3.29/Help/envvar/CXX.rst
-- Installing: /Users/jake/dev/jsavin/Frontier/third_party/cmake-src/../cmake-install/share/cmake-3.29/Help/envvar/CMAKE_CONFIGURATION_TYPES.rst
-- Installing: /Users/jake/dev/jsavin/Frontier/third_party/cmake-src/../cmake-install/share/cmake-3.29/Help/envvar/CUDACXX.rst
-- Installing: /Users/jake/dev/jsavin/Frontier/third_party/cmake-src/../cmake-install/share/cmake-3.29/Help/envvar/OBJC.rst
-- Installing: /Users/jake/dev/jsavin/Frontier/third_party/cmake-src/../cmake-install/share/cmake-3.29/Help/envvar/CMAKE_INSTALL_MODE.rst
-- Installing: /Users/jake/dev/jsavin/Frontier/third_party/cmake-src/../cmake-install/share/cmake-3.29/Help/envvar/CUDAHOSTCXX.rst
-- Installing: /Users/jake/dev/jsavin/Frontier/third_party/cmake-src/../cmake-install/share/cmake-3.29/Help/envvar/CMAKE_TEST_LAUNCHER.rst
-- Installing: /Users/jake/dev/jsavin/Frontier/third_party/cmake-src/../cmake-install/share/cmake-3.29/Help/envvar/CMAKE_INCLUDE_PATH.rst
-- Installing: /Users/jake/dev/jsavin/Frontier/third_party/cmake-src/../cmake-install/share/cmake-3.29/Help/envvar/HIPFLAGS.rst
-- Installing: /Users/jake/dev/jsavin/Frontier/third_party/cmake-src/../cmake-install/share/cmake-3.29/Help/envvar/ENV_VAR.txt
-- Installing: /Users/jake/dev/jsavin/Frontier/third_party/cmake-src/../cmake-install/share/cmake-3.29/Help/envvar/CMAKE_GENERATOR_PLATFORM.rst
-- Installing: /Users/jake/dev/jsavin/Frontier/third_party/cmake-src/../cmake-install/share/cmake-3.29/Help/envvar/ASM_DIALECT.rst
-- Installing: /Users/jake/dev/jsavin/Frontier/third_party/cmake-src/../cmake-install/share/cmake-3.29/Help/envvar/FC.rst
-- Installing: /Users/jake/dev/jsavin/Frontier/third_party/cmake-src/../cmake-install/share/cmake-3.29/Help/envvar/CMAKE_LANG_LINKER_LAUNCHER.rst
-- Installing: /Users/jake/dev/jsavin/Frontier/third_party/cmake-src/../cmake-install/share/cmake-3.29/Help/envvar/CTEST_PROGRESS_OUTPUT.rst
-- Installing: /Users/jake/dev/jsavin/Frontier/third_party/cmake-src/../cmake-install/share/cmake-3.29/Help/envvar/HIPCXX.rst
-- Installing: /Users/jake/dev/jsavin/Frontier/third_party/cmake-src/../cmake-install/share/cmake-3.29/Help/envvar/CMAKE_GENERATOR_TOOLSET.rst
-- Installing: /Users/jake/dev/jsavin/Frontier/third_party/cmake-src/../cmake-install/share/cmake-3.29/Help/envvar/CMAKE_LIBRARY_PATH.rst
-- Installing: /Users/jake/dev/jsavin/Frontier/third_party/cmake-src/../cmake-install/share/cmake-3.29/Help/envvar/CMAKE_APPBUNDLE_PATH.rst
-- Installing: /Users/jake/dev/jsavin/Frontier/third_party/cmake-src/../cmake-install/share/cmake-3.29/Help/envvar/CMAKE_OSX_ARCHITECTURES.rst
-- Installing: /Users/jake/dev/jsavin/Frontier/third_party/cmake-src/../cmake-install/share/cmake-3.29/Help/envvar/CTEST_NO_TESTS_ACTION.rst
-- Installing: /Users/jake/dev/jsavin/Frontier/third_party/cmake-src/../cmake-install/share/cmake-3.29/Help/envvar/OBJCXX.rst
-- Installing: /Users/jake/dev/jsavin/Frontier/third_party/cmake-src/../cmake-install/share/cmake-3.29/Help/envvar/CXXFLAGS.rst
-- Installing: /Users/jake/dev/jsavin/Frontier/third_party/cmake-src/../cmake-install/share/cmake-3.29/Help/envvar/CMAKE_INSTALL_PREFIX.rst
-- Installing: /Users/jake/dev/jsavin/Frontier/third_party/cmake-src/../cmake-install/share/cmake-3.29/Help/envvar/ISPCFLAGS.rst
-- Installing: /Users/jake/dev/jsavin/Frontier/third_party/cmake-src/../cmake-install/share/cmake-3.29/Help/envvar/PackageName_ROOT.rst
-- Installing: /Users/jake/dev/jsavin/Frontier/third_party/cmake-src/../cmake-install/share/cmake-3.29/Help/envvar/CTEST_OUTPUT_ON_FAILURE.rst
-- Installing: /Users/jake/dev/jsavin/Frontier/third_party/cmake-src/../cmake-install/share/cmake-3.29/Help/envvar/CMAKE_PREFIX_PATH.rst
-- Installing: /Users/jake/dev/jsavin/Frontier/third_party/cmake-src/../cmake-install/share/cmake-3.29/Help/envvar/ASM_DIALECTFLAGS.rst
-- Installing: /Users/jake/dev/jsavin/Frontier/third_party/cmake-src/../cmake-install/share/cmake-3.29/Help/envvar/CMAKE_CROSSCOMPILING_EMULATOR.rst
-- Installing: /Users/jake/dev/jsavin/Frontier/third_party/cmake-src/../cmake-install/share/cmake-3.29/Help/envvar/CFLAGS.rst
-- Installing: /Users/jake/dev/jsavin/Frontier/third_party/cmake-src/../cmake-install/share/cmake-3.29/Help/envvar/SSL_CERT_FILE.rst
-- Installing: /Users/jake/dev/jsavin/Frontier/third_party/cmake-src/../cmake-install/share/cmake-3.29/Help/envvar/CUDAARCHS.rst
-- Installing: /Users/jake/dev/jsavin/Frontier/third_party/cmake-src/../cmake-install/share/cmake-3.29/Help/envvar/CMAKE_LANG_IMPLICIT_LINK_DIRECTORIES_EXCLUDE.rst
-- Installing: /Users/jake/dev/jsavin/Frontier/third_party/cmake-src/../cmake-install/share/cmake-3.29/Help/envvar/CTEST_USE_LAUNCHERS_DEFAULT.rst
-- Installing: /Users/jake/dev/jsavin/Frontier/third_party/cmake-src/../cmake-install/share/cmake-3.29/Help/envvar/CC.rst
-- Installing: /Users/jake/dev/jsavin/Frontier/third_party/cmake-src/../cmake-install/share/cmake-3.29/Help/envvar/HIPHOSTCXX.rst
-- Installing: /Users/jake/dev/jsavin/Frontier/third_party/cmake-src/../cmake-install/share/cmake-3.29/Help/envvar/CMAKE_BUILD_TYPE.rst
-- Installing: /Users/jake/dev/jsavin/Frontier/third_party/cmake-src/../cmake-install/share/cmake-3.29/Help/envvar/CMAKE_BUILD_PARALLEL_LEVEL.rst
-- Installing: /Users/jake/dev/jsavin/Frontier/third_party/cmake-src/../cmake-install/share/cmake-3.29/Help/envvar/MACOSX_DEPLOYMENT_TARGET.rst
-- Installing: /Users/jake/dev/jsavin/Frontier/third_party/cmake-src/../cmake-install/share/cmake-3.29/Help/envvar/CMAKE_APPLE_SILICON_PROCESSOR.rst
-- Installing: /Users/jake/dev/jsavin/Frontier/third_party/cmake-src/../cmake-install/share/cmake-3.29/Help/envvar/CUDAFLAGS.rst
-- Installing: /Users/jake/dev/jsavin/Frontier/third_party/cmake-src/../cmake-install/share/cmake-3.29/Help/envvar/CTEST_INTERACTIVE_DEBUG_MODE.rst
-- Installing: /Users/jake/dev/jsavin/Frontier/third_party/cmake-src/../cmake-install/share/cmake-3.29/Help/envvar/CMAKE_TOOLCHAIN_FILE.rst
-- Installing: /Users/jake/dev/jsavin/Frontier/third_party/cmake-src/../cmake-install/share/cmake-3.29/Help/envvar/SSL_CERT_DIR.rst
-- Installing: /Users/jake/dev/jsavin/Frontier/third_party/cmake-src/../cmake-install/share/cmake-3.29/Help/prop_test
-- Installing: /Users/jake/dev/jsavin/Frontier/third_party/cmake-src/../cmake-install/share/cmake-3.29/Help/prop_test/FIXTURES_REQUIRED.rst
-- Installing: /Users/jake/dev/jsavin/Frontier/third_party/cmake-src/../cmake-install/share/cmake-3.29/Help/prop_test/TIMEOUT.rst
-- Installing: /Users/jake/dev/jsavin/Frontier/third_party/cmake-src/../cmake-install/share/cmake-3.29/Help/prop_test/SKIP_REGULAR_EXPRESSION.rst
-- Installing: /Users/jake/dev/jsavin/Frontier/third_party/cmake-src/../cmake-install/share/cmake-3.29/Help/prop_test/FIXTURES_SETUP.rst
-- Installing: /Users/jake/dev/jsavin/Frontier/third_party/cmake-src/../cmake-install/share/cmake-3.29/Help/prop_test/WORKING_DIRECTORY.rst
-- Installing: /Users/jake/dev/jsavin/Frontier/third_party/cmake-src/../cmake-install/share/cmake-3.29/Help/prop_test/TIMEOUT_SIGNAL_GRACE_PERIOD.rst
-- Installing: /Users/jake/dev/jsavin/Frontier/third_party/cmake-src/../cmake-install/share/cmake-3.29/Help/prop_test/FIXTURES_CLEANUP.rst
-- Installing: /Users/jake/dev/jsavin/Frontier/third_party/cmake-src/../cmake-install/share/cmake-3.29/Help/prop_test/PROCESSORS.rst
-- Installing: /Users/jake/dev/jsavin/Frontier/third_party/cmake-src/../cmake-install/share/cmake-3.29/Help/prop_test/ATTACHED_FILES.rst
-- Installing: /Users/jake/dev/jsavin/Frontier/third_party/cmake-src/../cmake-install/share/cmake-3.29/Help/prop_test/DEPENDS.rst
-- Installing: /Users/jake/dev/jsavin/Frontier/third_party/cmake-src/../cmake-install/share/cmake-3.29/Help/prop_test/RUN_SERIAL.rst
-- Installing: /Users/jake/dev/jsavin/Frontier/third_party/cmake-src/../cmake-install/share/cmake-3.29/Help/prop_test/PASS_REGULAR_EXPRESSION.rst
-- Installing: /Users/jake/dev/jsavin/Frontier/third_party/cmake-src/../cmake-install/share/cmake-3.29/Help/prop_test/SKIP_RETURN_CODE.rst
-- Installing: /Users/jake/dev/jsavin/Frontier/third_party/cmake-src/../cmake-install/share/cmake-3.29/Help/prop_test/ATTACHED_FILES_ON_FAIL.rst
-- Installing: /Users/jake/dev/jsavin/Frontier/third_party/cmake-src/../cmake-install/share/cmake-3.29/Help/prop_test/RESOURCE_GROUPS.rst
-- Installing: /Users/jake/dev/jsavin/Frontier/third_party/cmake-src/../cmake-install/share/cmake-3.29/Help/prop_test/TIMEOUT_SIGNAL_NAME.rst
-- Installing: /Users/jake/dev/jsavin/Frontier/third_party/cmake-src/../cmake-install/share/cmake-3.29/Help/prop_test/MEASUREMENT.rst
-- Installing: /Users/jake/dev/jsavin/Frontier/third_party/cmake-src/../cmake-install/share/cmake-3.29/Help/prop_test/WILL_FAIL.rst
-- Installing: /Users/jake/dev/jsavin/Frontier/third_party/cmake-src/../cmake-install/share/cmake-3.29/Help/prop_test/DISABLED.rst
-- Installing: /Users/jake/dev/jsavin/Frontier/third_party/cmake-src/../cmake-install/share/cmake-3.29/Help/prop_test/GENERATED_RESOURCE_SPEC_FILE.rst
-- Installing: /Users/jake/dev/jsavin/Frontier/third_party/cmake-src/../cmake-install/share/cmake-3.29/Help/prop_test/PROCESSOR_AFFINITY.rst
-- Installing: /Users/jake/dev/jsavin/Frontier/third_party/cmake-src/../cmake-install/share/cmake-3.29/Help/prop_test/COST.rst
-- Installing: /Users/jake/dev/jsavin/Frontier/third_party/cmake-src/../cmake-install/share/cmake-3.29/Help/prop_test/ENVIRONMENT.rst
-- Installing: /Users/jake/dev/jsavin/Frontier/third_party/cmake-src/../cmake-install/share/cmake-3.29/Help/prop_test/RESOURCE_LOCK.rst
-- Installing: /Users/jake/dev/jsavin/Frontier/third_party/cmake-src/../cmake-install/share/cmake-3.29/Help/prop_test/LABELS.rst
-- Installing: /Users/jake/dev/jsavin/Frontier/third_party/cmake-src/../cmake-install/share/cmake-3.29/Help/prop_test/ENVIRONMENT_MODIFICATION.rst
-- Installing: /Users/jake/dev/jsavin/Frontier/third_party/cmake-src/../cmake-install/share/cmake-3.29/Help/prop_test/FAIL_REGULAR_EXPRESSION.rst
-- Installing: /Users/jake/dev/jsavin/Frontier/third_party/cmake-src/../cmake-install/share/cmake-3.29/Help/prop_test/REQUIRED_FILES.rst
-- Installing: /Users/jake/dev/jsavin/Frontier/third_party/cmake-src/../cmake-install/share/cmake-3.29/Help/prop_test/TIMEOUT_AFTER_MATCH.rst
-- Installing: /Users/jake/dev/jsavin/Frontier/third_party/cmake-src/../cmake-install/share/cmake-3.29/Help/variable
-- Installing: /Users/jake/dev/jsavin/Frontier/third_party/cmake-src/../cmake-install/share/cmake-3.29/Help/variable/CTEST_CHECKOUT_COMMAND.rst
-- Installing: /Users/jake/dev/jsavin/Frontier/third_party/cmake-src/../cmake-install/share/cmake-3.29/Help/variable/CMAKE_HOST_SYSTEM.rst
-- Installing: /Users/jake/dev/jsavin/Frontier/third_party/cmake-src/../cmake-install/share/cmake-3.29/Help/variable/CMAKE_LANG_STANDARD.rst
-- Installing: /Users/jake/dev/jsavin/Frontier/third_party/cmake-src/../cmake-install/share/cmake-3.29/Help/variable/BORLAND.rst
-- Installing: /Users/jake/dev/jsavin/Frontier/third_party/cmake-src/../cmake-install/share/cmake-3.29/Help/variable/CMAKE_AUTORCC_EXECUTABLE.rst
-- Installing: /Users/jake/dev/jsavin/Frontier/third_party/cmake-src/../cmake-install/share/cmake-3.29/Help/variable/CMAKE_AUTOMOC_PATH_PREFIX.rst
-- Installing: /Users/jake/dev/jsavin/Frontier/third_party/cmake-src/../cmake-install/share/cmake-3.29/Help/variable/CMAKE_VS_SDK_LIBRARY_DIRECTORIES.rst
-- Installing: /Users/jake/dev/jsavin/Frontier/third_party/cmake-src/../cmake-install/share/cmake-3.29/Help/variable/CTEST_MEMORYCHECK_SUPPRESSIONS_FILE.rst
-- Installing: /Users/jake/dev/jsavin/Frontier/third_party/cmake-src/../cmake-install/share/cmake-3.29/Help/variable/CMAKE_NINJA_OUTPUT_PATH_PREFIX.rst
-- Installing: /Users/jake/dev/jsavin/Frontier/third_party/cmake-src/../cmake-install/share/cmake-3.29/Help/variable/CMAKE_XCODE_SCHEME_MAIN_THREAD_CHECKER_STOP.rst
-- Installing: /Users/jake/dev/jsavin/Frontier/third_party/cmake-src/../cmake-install/share/cmake-3.29/Help/variable/CMAKE_CURRENT_LIST_DIR.rst
-- Installing: /Users/jake/dev/jsavin/Frontier/third_party/cmake-src/../cmake-install/share/cmake-3.29/Help/variable/CTEST_GIT_UPDATE_CUSTOM.rst
-- Installing: /Users/jake/dev/jsavin/Frontier/third_party/cmake-src/../cmake-install/share/cmake-3.29/Help/variable/CMAKE_TRY_COMPILE_TARGET_TYPE.rst
-- Installing: /Users/jake/dev/jsavin/Frontier/third_party/cmake-src/../cmake-install/share/cmake-3.29/Help/variable/MSVC_VERSION.rst
-- Installing: /Users/jake/dev/jsavin/Frontier/third_party/cmake-src/../cmake-install/share/cmake-3.29/Help/variable/CMAKE_SUBLIME_TEXT_2_ENV_SETTINGS.rst
-- Installing: /Users/jake/dev/jsavin/Frontier/third_party/cmake-src/../cmake-install/share/cmake-3.29/Help/variable/CMAKE_INTERPROCEDURAL_OPTIMIZATION.rst
-- Installing: /Users/jake/dev/jsavin/Frontier/third_party/cmake-src/../cmake-install/share/cmake-3.29/Help/variable/CMAKE_AUTOUIC_EXECUTABLE.rst
-- Installing: /Users/jake/dev/jsavin/Frontier/third_party/cmake-src/../cmake-install/share/cmake-3.29/Help/variable/CMAKE_AUTOMOC_MACRO_NAMES.rst
-- Installing: /Users/jake/dev/jsavin/Frontier/third_party/cmake-src/../cmake-install/share/cmake-3.29/Help/variable/CMAKE_SYSTEM_PREFIX_PATH.rst
-- Installing: /Users/jake/dev/jsavin/Frontier/third_party/cmake-src/../cmake-install/share/cmake-3.29/Help/variable/CMAKE_AUTORCC.rst
-- Installing: /Users/jake/dev/jsavin/Frontier/third_party/cmake-src/../cmake-install/share/cmake-3.29/Help/variable/EXECUTABLE_OUTPUT_PATH.rst
-- Installing: /Users/jake/dev/jsavin/Frontier/third_party/cmake-src/../cmake-install/share/cmake-3.29/Help/variable/CMAKE_CUDA_EXTENSIONS.rst
-- Installing: /Users/jake/dev/jsavin/Frontier/third_party/cmake-src/../cmake-install/share/cmake-3.29/Help/variable/CMAKE_LINK_LIBRARY_USING_FEATURE_SUPPORTED.rst
-- Installing: /Users/jake/dev/jsavin/Frontier/third_party/cmake-src/../cmake-install/share/cmake-3.29/Help/variable/PROJECT_HOMEPAGE_URL.rst
-- Installing: /Users/jake/dev/jsavin/Frontier/third_party/cmake-src/../cmake-install/share/cmake-3.29/Help/variable/CMAKE_COMPILER_IS_GNUG77.rst
-- Installing: /Users/jake/dev/jsavin/Frontier/third_party/cmake-src/../cmake-install/share/cmake-3.29/Help/variable/CMAKE_LINK_LIBRARIES_ONLY_TARGETS.rst
-- Installing: /Users/jake/dev/jsavin/Frontier/third_party/cmake-src/../cmake-install/share/cmake-3.29/Help/variable/CMAKE_WINDOWS_EXPORT_ALL_SYMBOLS.rst
-- Installing: /Users/jake/dev/jsavin/Frontier/third_party/cmake-src/../cmake-install/share/cmake-3.29/Help/variable/CMAKE_XCODE_ATTRIBUTE_an-attribute.rst
-- Installing: /Users/jake/dev/jsavin/Frontier/third_party/cmake-src/../cmake-install/share/cmake-3.29/Help/variable/CMAKE_EDIT_COMMAND.rst
-- Installing: /Users/jake/dev/jsavin/Frontier/third_party/cmake-src/../cmake-install/share/cmake-3.29/Help/variable/CMAKE_XCODE_SCHEME_MALLOC_GUARD_EDGES.rst
-- Installing: /Users/jake/dev/jsavin/Frontier/third_party/cmake-src/../cmake-install/share/cmake-3.29/Help/variable/CMAKE_INSTALL_RPATH_USE_LINK_PATH.rst
-- Installing: /Users/jake/dev/jsavin/Frontier/third_party/cmake-src/../cmake-install/share/cmake-3.29/Help/variable/PROJECT-NAME_VERSION_MAJOR.rst
-- Installing: /Users/jake/dev/jsavin/Frontier/third_party/cmake-src/../cmake-install/share/cmake-3.29/Help/variable/CMAKE_PCH_INSTANTIATE_TEMPLATES.rst
-- Installing: /Users/jake/dev/jsavin/Frontier/third_party/cmake-src/../cmake-install/share/cmake-3.29/Help/variable/CTEST_CUSTOM_TESTS_IGNORE.rst
-- Installing: /Users/jake/dev/jsavin/Frontier/third_party/cmake-src/../cmake-install/share/cmake-3.29/Help/variable/CMAKE_FIND_ROOT_PATH_MODE_INCLUDE.rst
-- Installing: /Users/jake/dev/jsavin/Frontier/third_party/cmake-src/../cmake-install/share/cmake-3.29/Help/variable/CMAKE_TWEAK_VERSION.rst
-- Installing: /Users/jake/dev/jsavin/Frontier/third_party/cmake-src/../cmake-install/share/cmake-3.29/Help/variable/CMAKE_LANG_IMPLICIT_LINK_LIBRARIES.rst
-- Installing: /Users/jake/dev/jsavin/Frontier/third_party/cmake-src/../cmake-install/share/cmake-3.29/Help/variable/CMAKE_LANG_BYTE_ORDER.rst
-- Installing: /Users/jake/dev/jsavin/Frontier/third_party/cmake-src/../cmake-install/share/cmake-3.29/Help/variable/MSVC12.rst
-- Installing: /Users/jake/dev/jsavin/Frontier/third_party/cmake-src/../cmake-install/share/cmake-3.29/Help/variable/CMAKE_INSTALL_REMOVE_ENVIRONMENT_RPATH.rst
-- Installing: /Users/jake/dev/jsavin/Frontier/third_party/cmake-src/../cmake-install/share/cmake-3.29/Help/variable/CMAKE_MAXIMUM_RECURSION_DEPTH.rst
-- Installing: /Users/jake/dev/jsavin/Frontier/third_party/cmake-src/../cmake-install/share/cmake-3.29/Help/variable/CMAKE_Swift_LANGUAGE_VERSION.rst
-- Installing: /Users/jake/dev/jsavin/Frontier/third_party/cmake-src/../cmake-install/share/cmake-3.29/Help/variable/CMAKE_BUILD_WITH_INSTALL_RPATH.rst
-- Installing: /Users/jake/dev/jsavin/Frontier/third_party/cmake-src/../cmake-install/share/cmake-3.29/Help/variable/CMAKE_CACHEFILE_DIR.rst
-- Installing: /Users/jake/dev/jsavin/Frontier/third_party/cmake-src/../cmake-install/share/cmake-3.29/Help/variable/CMAKE_CURRENT_LIST_LINE.rst
-- Installing: /Users/jake/dev/jsavin/Frontier/third_party/cmake-src/../cmake-install/share/cmake-3.29/Help/variable/CMAKE_CPACK_COMMAND.rst
-- Installing: /Users/jake/dev/jsavin/Frontier/third_party/cmake-src/../cmake-install/share/cmake-3.29/Help/variable/CMAKE_INCLUDE_CURRENT_DIR.rst
-- Installing: /Users/jake/dev/jsavin/Frontier/third_party/cmake-src/../cmake-install/share/cmake-3.29/Help/variable/CMAKE_GENERATOR_INSTANCE.rst
-- Installing: /Users/jake/dev/jsavin/Frontier/third_party/cmake-src/../cmake-install/share/cmake-3.29/Help/variable/CPACK_SET_DESTDIR.rst
-- Installing: /Users/jake/dev/jsavin/Frontier/third_party/cmake-src/../cmake-install/share/cmake-3.29/Help/variable/CMAKE_XCODE_LINK_BUILD_PHASE_MODE.rst
-- Installing: /Users/jake/dev/jsavin/Frontier/third_party/cmake-src/../cmake-install/share/cmake-3.29/Help/variable/CMAKE_LANG_CREATE_SHARED_LIBRARY.rst
-- Installing: /Users/jake/dev/jsavin/Frontier/third_party/cmake-src/../cmake-install/share/cmake-3.29/Help/variable/MSVC10.rst
-- Installing: /Users/jake/dev/jsavin/Frontier/third_party/cmake-src/../cmake-install/share/cmake-3.29/Help/variable/CMAKE_LINK_WHAT_YOU_USE.rst
-- Installing: /Users/jake/dev/jsavin/Frontier/third_party/cmake-src/../cmake-install/share/cmake-3.29/Help/variable/CTEST_CONFIGURE_COMMAND.rst
-- Installing: /Users/jake/dev/jsavin/Frontier/third_party/cmake-src/../cmake-install/share/cmake-3.29/Help/variable/CMAKE_FIND_ROOT_PATH_MODE_PACKAGE.rst
-- Installing: /Users/jake/dev/jsavin/Frontier/third_party/cmake-src/../cmake-install/share/cmake-3.29/Help/variable/CMAKE_GHS_NO_SOURCE_GROUP_FILE.rst
-- Installing: /Users/jake/dev/jsavin/Frontier/third_party/cmake-src/../cmake-install/share/cmake-3.29/Help/variable/CTEST_COVERAGE_EXTRA_FLAGS.rst
-- Installing: /Users/jake/dev/jsavin/Frontier/third_party/cmake-src/../cmake-install/share/cmake-3.29/Help/variable/CMAKE_MSVCIDE_RUN_PATH.rst
-- Installing: /Users/jake/dev/jsavin/Frontier/third_party/cmake-src/../cmake-install/share/cmake-3.29/Help/variable/CMAKE_ANDROID_PROGUARD_CONFIG_PATH.rst
-- Installing: /Users/jake/dev/jsavin/Frontier/third_party/cmake-src/../cmake-install/share/cmake-3.29/Help/variable/CMAKE_LANG_STANDARD_INCLUDE_DIRECTORIES.rst
-- Installing: /Users/jake/dev/jsavin/Frontier/third_party/cmake-src/../cmake-install/share/cmake-3.29/Help/variable/CMAKE_VS_INCLUDE_INSTALL_TO_DEFAULT_BUILD.rst
-- Installing: /Users/jake/dev/jsavin/Frontier/third_party/cmake-src/../cmake-install/share/cmake-3.29/Help/variable/CMAKE_PROJECT_TOP_LEVEL_INCLUDES.rst
-- Installing: /Users/jake/dev/jsavin/Frontier/third_party/cmake-src/../cmake-install/share/cmake-3.29/Help/variable/CMAKE_CUDA_STANDARD_REQUIRED.rst
-- Installing: /Users/jake/dev/jsavin/Frontier/third_party/cmake-src/../cmake-install/share/cmake-3.29/Help/variable/CMAKE_LANG_LINK_LIBRARY_FILE_FLAG.rst
-- Installing: /Users/jake/dev/jsavin/Frontier/third_party/cmake-src/../cmake-install/share/cmake-3.29/Help/variable/CMAKE_ANDROID_STANDALONE_TOOLCHAIN.rst
-- Installing: /Users/jake/dev/jsavin/Frontier/third_party/cmake-src/../cmake-install/share/cmake-3.29/Help/variable/CMAKE_SHARED_LIBRARY_PREFIX.rst
-- Installing: /Users/jake/dev/jsavin/Frontier/third_party/cmake-src/../cmake-install/share/cmake-3.29/Help/variable/CMAKE_VS_DEBUGGER_COMMAND.rst
-- Installing: /Users/jake/dev/jsavin/Frontier/third_party/cmake-src/../cmake-install/share/cmake-3.29/Help/variable/CMAKE_OBJCXX_STANDARD_REQUIRED.rst
-- Installing: /Users/jake/dev/jsavin/Frontier/third_party/cmake-src/../cmake-install/share/cmake-3.29/Help/variable/CMAKE_COMPILE_PDB_OUTPUT_DIRECTORY_CONFIG.rst
-- Installing: /Users/jake/dev/jsavin/Frontier/third_party/cmake-src/../cmake-install/share/cmake-3.29/Help/variable/CMAKE_CXX_STANDARD.rst
-- Installing: /Users/jake/dev/jsavin/Frontier/third_party/cmake-src/../cmake-install/share/cmake-3.29/Help/variable/CTEST_UPDATE_VERSION_OVERRIDE.rst
-- Installing: /Users/jake/dev/jsavin/Frontier/third_party/cmake-src/../cmake-install/share/cmake-3.29/Help/variable/CMAKE_TRY_COMPILE_NO_PLATFORM_VARIABLES.rst
-- Installing: /Users/jake/dev/jsavin/Frontier/third_party/cmake-src/../cmake-install/share/cmake-3.29/Help/variable/CMAKE_COMPILER_IS_GNUCC.rst
-- Installing: /Users/jake/dev/jsavin/Frontier/third_party/cmake-src/../cmake-install/share/cmake-3.29/Help/variable/CMAKE_XCODE_SCHEME_ZOMBIE_OBJECTS.rst
-- Installing: /Users/jake/dev/jsavin/Frontier/third_party/cmake-src/../cmake-install/share/cmake-3.29/Help/variable/CMAKE_INCLUDE_CURRENT_DIR_IN_INTERFACE.rst
-- Installing: /Users/jake/dev/jsavin/Frontier/third_party/cmake-src/../cmake-install/share/cmake-3.29/Help/variable/CMAKE_RUNTIME_OUTPUT_DIRECTORY_CONFIG.rst
-- Installing: /Users/jake/dev/jsavin/Frontier/third_party/cmake-src/../cmake-install/share/cmake-3.29/Help/variable/CMAKE_FIND_LIBRARY_SUFFIXES.rst
-- Installing: /Users/jake/dev/jsavin/Frontier/third_party/cmake-src/../cmake-install/share/cmake-3.29/Help/variable/CMAKE_VS_SDK_EXECUTABLE_DIRECTORIES.rst
-- Installing: /Users/jake/dev/jsavin/Frontier/third_party/cmake-src/../cmake-install/share/cmake-3.29/Help/variable/CMAKE_STATIC_LINKER_FLAGS_CONFIG.rst
-- Installing: /Users/jake/dev/jsavin/Frontier/third_party/cmake-src/../cmake-install/share/cmake-3.29/Help/variable/CPACK_INCLUDE_TOPLEVEL_DIRECTORY.rst
-- Installing: /Users/jake/dev/jsavin/Frontier/third_party/cmake-src/../cmake-install/share/cmake-3.29/Help/variable/CMAKE_XCODE_SCHEME_ADDRESS_SANITIZER.rst
-- Installing: /Users/jake/dev/jsavin/Frontier/third_party/cmake-src/../cmake-install/share/cmake-3.29/Help/variable/CPACK_PACKAGING_INSTALL_PREFIX.rst
-- Installing: /Users/jake/dev/jsavin/Frontier/third_party/cmake-src/../cmake-install/share/cmake-3.29/Help/variable/CMAKE_PROGRAM_PATH.rst
-- Installing: /Users/jake/dev/jsavin/Frontier/third_party/cmake-src/../cmake-install/share/cmake-3.29/Help/variable/CMAKE_DEFAULT_CONFIGS.rst
-- Installing: /Users/jake/dev/jsavin/Frontier/third_party/cmake-src/../cmake-install/share/cmake-3.29/Help/variable/CMAKE_NETRC.rst
-- Installing: /Users/jake/dev/jsavin/Frontier/third_party/cmake-src/../cmake-install/share/cmake-3.29/Help/variable/IGNORE_SEARCH_SYSTEM.txt
-- Installing: /Users/jake/dev/jsavin/Frontier/third_party/cmake-src/../cmake-install/share/cmake-3.29/Help/variable/CMAKE_CACHE_MINOR_VERSION.rst
-- Installing: /Users/jake/dev/jsavin/Frontier/third_party/cmake-src/../cmake-install/share/cmake-3.29/Help/variable/CTEST_BZR_UPDATE_OPTIONS.rst
-- Installing: /Users/jake/dev/jsavin/Frontier/third_party/cmake-src/../cmake-install/share/cmake-3.29/Help/variable/CMAKE_SHARED_LINKER_FLAGS_INIT.rst
-- Installing: /Users/jake/dev/jsavin/Frontier/third_party/cmake-src/../cmake-install/share/cmake-3.29/Help/variable/CMAKE_XCODE_GENERATE_SCHEME.rst
-- Installing: /Users/jake/dev/jsavin/Frontier/third_party/cmake-src/../cmake-install/share/cmake-3.29/Help/variable/CMAKE_GENERATOR.rst
-- Installing: /Users/jake/dev/jsavin/Frontier/third_party/cmake-src/../cmake-install/share/cmake-3.29/Help/variable/MSVC11.rst
-- Installing: /Users/jake/dev/jsavin/Frontier/third_party/cmake-src/../cmake-install/share/cmake-3.29/Help/variable/CMAKE_IMPORT_LIBRARY_PREFIX.rst
-- Installing: /Users/jake/dev/jsavin/Frontier/third_party/cmake-src/../cmake-install/share/cmake-3.29/Help/variable/CMAKE_Fortran_MODDIR_DEFAULT.rst
-- Installing: /Users/jake/dev/jsavin/Frontier/third_party/cmake-src/../cmake-install/share/cmake-3.29/Help/variable/CMAKE_DISABLE_FIND_PACKAGE_PackageName.rst
-- Installing: /Users/jake/dev/jsavin/Frontier/third_party/cmake-src/../cmake-install/share/cmake-3.29/Help/variable/CMAKE_LANG_ARCHIVE_FINISH.rst
-- Installing: /Users/jake/dev/jsavin/Frontier/third_party/cmake-src/../cmake-install/share/cmake-3.29/Help/variable/CMAKE_EXE_LINKER_FLAGS_CONFIG.rst
-- Installing: /Users/jake/dev/jsavin/Frontier/third_party/cmake-src/../cmake-install/share/cmake-3.29/Help/variable/CMAKE_CACHE_MAJOR_VERSION.rst
-- Installing: /Users/jake/dev/jsavin/Frontier/third_party/cmake-src/../cmake-install/share/cmake-3.29/Help/variable/CTEST_HG_COMMAND.rst
-- Installing: /Users/jake/dev/jsavin/Frontier/third_party/cmake-src/../cmake-install/share/cmake-3.29/Help/variable/CMAKE_WARN_DEPRECATED.rst
-- Installing: /Users/jake/dev/jsavin/Frontier/third_party/cmake-src/../cmake-install/share/cmake-3.29/Help/variable/CMAKE_MSVC_DEBUG_INFORMATION_FORMAT.rst
-- Installing: /Users/jake/dev/jsavin/Frontier/third_party/cmake-src/../cmake-install/share/cmake-3.29/Help/variable/CMAKE_LINK_GROUP_USING_FEATURE_SUPPORTED.rst
-- Installing: /Users/jake/dev/jsavin/Frontier/third_party/cmake-src/../cmake-install/share/cmake-3.29/Help/variable/CMAKE_EXPORT_COMPILE_COMMANDS.rst
-- Installing: /Users/jake/dev/jsavin/Frontier/third_party/cmake-src/../cmake-install/share/cmake-3.29/Help/variable/CMAKE_AUTOMOC.rst
-- Installing: /Users/jake/dev/jsavin/Frontier/third_party/cmake-src/../cmake-install/share/cmake-3.29/Help/variable/CMAKE_FRAMEWORK.rst
-- Installing: /Users/jake/dev/jsavin/Frontier/third_party/cmake-src/../cmake-install/share/cmake-3.29/Help/variable/CMAKE_FIND_PACKAGE_REDIRECTS_DIR.rst
-- Installing: /Users/jake/dev/jsavin/Frontier/third_party/cmake-src/../cmake-install/share/cmake-3.29/Help/variable/CMAKE_JOB_POOL_PRECOMPILE_HEADER.rst
-- Installing: /Users/jake/dev/jsavin/Frontier/third_party/cmake-src/../cmake-install/share/cmake-3.29/Help/variable/CMAKE_FIND_PACKAGE_SORT_ORDER.rst
-- Installing: /Users/jake/dev/jsavin/Frontier/third_party/cmake-src/../cmake-install/share/cmake-3.29/Help/variable/CMAKE_ECLIPSE_MAKE_ARGUMENTS.rst
-- Installing: /Users/jake/dev/jsavin/Frontier/third_party/cmake-src/../cmake-install/share/cmake-3.29/Help/variable/CMAKE_LANG_COMPILER_TARGET.rst
-- Installing: /Users/jake/dev/jsavin/Frontier/third_party/cmake-src/../cmake-install/share/cmake-3.29/Help/variable/CMAKE_OBJC_STANDARD.rst
-- Installing: /Users/jake/dev/jsavin/Frontier/third_party/cmake-src/../cmake-install/share/cmake-3.29/Help/variable/CMAKE_RANLIB.rst
-- Installing: /Users/jake/dev/jsavin/Frontier/third_party/cmake-src/../cmake-install/share/cmake-3.29/Help/variable/PROJECT_DESCRIPTION.rst
-- Installing: /Users/jake/dev/jsavin/Frontier/third_party/cmake-src/../cmake-install/share/cmake-3.29/Help/variable/CMAKE_OBJCXX_EXTENSIONS.rst
-- Installing: /Users/jake/dev/jsavin/Frontier/third_party/cmake-src/../cmake-install/share/cmake-3.29/Help/variable/CTEST_DROP_SITE_PASSWORD.rst
-- Installing: /Users/jake/dev/jsavin/Frontier/third_party/cmake-src/../cmake-install/share/cmake-3.29/Help/variable/CMAKE_LIBRARY_ARCHITECTURE.rst
-- Installing: /Users/jake/dev/jsavin/Frontier/third_party/cmake-src/../cmake-install/share/cmake-3.29/Help/variable/CMAKE_LANG_LINK_LIBRARY_USING_FEATURE_SUPPORTED.rst
-- Installing: /Users/jake/dev/jsavin/Frontier/third_party/cmake-src/../cmake-install/share/cmake-3.29/Help/variable/GHSMULTI.rst
-- Installing: /Users/jake/dev/jsavin/Frontier/third_party/cmake-src/../cmake-install/share/cmake-3.29/Help/variable/CMAKE_SYSTEM_INCLUDE_PATH.rst
-- Installing: /Users/jake/dev/jsavin/Frontier/third_party/cmake-src/../cmake-install/share/cmake-3.29/Help/variable/CTEST_CUSTOM_POST_TEST.rst
-- Installing: /Users/jake/dev/jsavin/Frontier/third_party/cmake-src/../cmake-install/share/cmake-3.29/Help/variable/CMAKE_MESSAGE_CONTEXT_SHOW.rst
-- Installing: /Users/jake/dev/jsavin/Frontier/third_party/cmake-src/../cmake-install/share/cmake-3.29/Help/variable/CMAKE_LANG_CREATE_STATIC_LIBRARY.rst
-- Installing: /Users/jake/dev/jsavin/Frontier/third_party/cmake-src/../cmake-install/share/cmake-3.29/Help/variable/CMAKE_LANG_LINK_LIBRARY_USING_FEATURE.rst
-- Installing: /Users/jake/dev/jsavin/Frontier/third_party/cmake-src/../cmake-install/share/cmake-3.29/Help/variable/CMAKE_FIND_LIBRARY_PREFIXES.rst
-- Installing: /Users/jake/dev/jsavin/Frontier/third_party/cmake-src/../cmake-install/share/cmake-3.29/Help/variable/CMAKE_LINK_WHAT_YOU_USE_CHECK.rst
-- Installing: /Users/jake/dev/jsavin/Frontier/third_party/cmake-src/../cmake-install/share/cmake-3.29/Help/variable/CMAKE_LANG_IMPLICIT_LINK_DIRECTORIES.rst
-- Installing: /Users/jake/dev/jsavin/Frontier/third_party/cmake-src/../cmake-install/share/cmake-3.29/Help/variable/CMAKE_COLOR_DIAGNOSTICS.rst
-- Installing: /Users/jake/dev/jsavin/Frontier/third_party/cmake-src/../cmake-install/share/cmake-3.29/Help/variable/CMAKE_PROJECT_HOMEPAGE_URL.rst
-- Installing: /Users/jake/dev/jsavin/Frontier/third_party/cmake-src/../cmake-install/share/cmake-3.29/Help/variable/CMAKE_XCODE_XCCONFIG.rst
-- Installing: /Users/jake/dev/jsavin/Frontier/third_party/cmake-src/../cmake-install/share/cmake-3.29/Help/variable/CTEST_CUSTOM_ERROR_PRE_CONTEXT.rst
-- Installing: /Users/jake/dev/jsavin/Frontier/third_party/cmake-src/../cmake-install/share/cmake-3.29/Help/variable/CMAKE_MODULE_LINKER_FLAGS.rst
-- Installing: /Users/jake/dev/jsavin/Frontier/third_party/cmake-src/../cmake-install/share/cmake-3.29/Help/variable/CMAKE_HOST_SYSTEM_VERSION.rst
-- Installing: /Users/jake/dev/jsavin/Frontier/third_party/cmake-src/../cmake-install/share/cmake-3.29/Help/variable/CMAKE_POLICY_WARNING_CMPNNNN.rst
-- Installing: /Users/jake/dev/jsavin/Frontier/third_party/cmake-src/../cmake-install/share/cmake-3.29/Help/variable/CMAKE_FIND_PACKAGE_RESOLVE_SYMLINKS.rst
-- Installing: /Users/jake/dev/jsavin/Frontier/third_party/cmake-src/../cmake-install/share/cmake-3.29/Help/variable/CMAKE_XCODE_GENERATE_TOP_LEVEL_PROJECT_ONLY.rst
-- Installing: /Users/jake/dev/jsavin/Frontier/third_party/cmake-src/../cmake-install/share/cmake-3.29/Help/variable/MSVC14.rst
-- Installing: /Users/jake/dev/jsavin/Frontier/third_party/cmake-src/../cmake-install/share/cmake-3.29/Help/variable/CMAKE_PROJECT_INCLUDE_BEFORE.rst
-- Installing: /Users/jake/dev/jsavin/Frontier/third_party/cmake-src/../cmake-install/share/cmake-3.29/Help/variable/CTEST_CUSTOM_COVERAGE_EXCLUDE.rst
-- Installing: /Users/jake/dev/jsavin/Frontier/third_party/cmake-src/../cmake-install/share/cmake-3.29/Help/variable/CMAKE_PDB_OUTPUT_DIRECTORY_CONFIG.rst
-- Installing: /Users/jake/dev/jsavin/Frontier/third_party/cmake-src/../cmake-install/share/cmake-3.29/Help/variable/CMAKE_PROJECT_VERSION_MAJOR.rst
-- Installing: /Users/jake/dev/jsavin/Frontier/third_party/cmake-src/../cmake-install/share/cmake-3.29/Help/variable/CMAKE_COLOR_MAKEFILE.rst
-- Installing: /Users/jake/dev/jsavin/Frontier/third_party/cmake-src/../cmake-install/share/cmake-3.29/Help/variable/CMAKE_MACOSX_RPATH.rst
-- Installing: /Users/jake/dev/jsavin/Frontier/third_party/cmake-src/../cmake-install/share/cmake-3.29/Help/variable/MSVC.rst
-- Installing: /Users/jake/dev/jsavin/Frontier/third_party/cmake-src/../cmake-install/share/cmake-3.29/Help/variable/CMAKE_LANG_STANDARD_LIBRARIES.rst
-- Installing: /Users/jake/dev/jsavin/Frontier/third_party/cmake-src/../cmake-install/share/cmake-3.29/Help/variable/CMAKE_POLICY_DEFAULT_CMPNNNN.rst
-- Installing: /Users/jake/dev/jsavin/Frontier/third_party/cmake-src/../cmake-install/share/cmake-3.29/Help/variable/CMAKE_LANG_SOURCE_FILE_EXTENSIONS.rst
-- Installing: /Users/jake/dev/jsavin/Frontier/third_party/cmake-src/../cmake-install/share/cmake-3.29/Help/variable/CMAKE_LANG_COMPILER_LINKER_FRONTEND_VARIANT.rst
-- Installing: /Users/jake/dev/jsavin/Frontier/third_party/cmake-src/../cmake-install/share/cmake-3.29/Help/variable/CMAKE_OBJC_EXTENSIONS.rst
-- Installing: /Users/jake/dev/jsavin/Frontier/third_party/cmake-src/../cmake-install/share/cmake-3.29/Help/variable/CMAKE_KATE_FILES_MODE.rst
-- Installing: /Users/jake/dev/jsavin/Frontier/third_party/cmake-src/../cmake-install/share/cmake-3.29/Help/variable/CMAKE_NETRC_FILE.rst
-- Installing: /Users/jake/dev/jsavin/Frontier/third_party/cmake-src/../cmake-install/share/cmake-3.29/Help/variable/CMAKE_HOST_BSD.rst
-- Installing: /Users/jake/dev/jsavin/Frontier/third_party/cmake-src/../cmake-install/share/cmake-3.29/Help/variable/CMAKE_VS_DEBUGGER_WORKING_DIRECTORY.rst
-- Installing: /Users/jake/dev/jsavin/Frontier/third_party/cmake-src/../cmake-install/share/cmake-3.29/Help/variable/CMAKE_VS_SDK_SOURCE_DIRECTORIES.rst
-- Installing: /Users/jake/dev/jsavin/Frontier/third_party/cmake-src/../cmake-install/share/cmake-3.29/Help/variable/CMAKE_VS_DEVENV_COMMAND.rst
-- Installing: /Users/jake/dev/jsavin/Frontier/third_party/cmake-src/../cmake-install/share/cmake-3.29/Help/variable/CMAKE_LINK_INTERFACE_LIBRARIES.rst
-- Installing: /Users/jake/dev/jsavin/Frontier/third_party/cmake-src/../cmake-install/share/cmake-3.29/Help/variable/WINDOWS_PHONE.rst
-- Installing: /Users/jake/dev/jsavin/Frontier/third_party/cmake-src/../cmake-install/share/cmake-3.29/Help/variable/CMAKE_ROOT.rst
-- Installing: /Users/jake/dev/jsavin/Frontier/third_party/cmake-src/../cmake-install/share/cmake-3.29/Help/variable/CMAKE_LANG_FLAGS_RELWITHDEBINFO.rst
-- Installing: /Users/jake/dev/jsavin/Frontier/third_party/cmake-src/../cmake-install/share/cmake-3.29/Help/variable/CMAKE_HOST_SYSTEM_PROCESSOR.rst
-- Installing: /Users/jake/dev/jsavin/Frontier/third_party/cmake-src/../cmake-install/share/cmake-3.29/Help/variable/CMAKE_LANG_LINK_EXECUTABLE.rst
-- Installing: /Users/jake/dev/jsavin/Frontier/third_party/cmake-src/../cmake-install/share/cmake-3.29/Help/variable/CMAKE_FIND_USE_PACKAGE_ROOT_PATH.rst
-- Installing: /Users/jake/dev/jsavin/Frontier/third_party/cmake-src/../cmake-install/share/cmake-3.29/Help/variable/CMAKE_DEPENDS_USE_COMPILER.rst
-- Installing: /Users/jake/dev/jsavin/Frontier/third_party/cmake-src/../cmake-install/share/cmake-3.29/Help/variable/CMAKE_XCODE_SCHEME_THREAD_SANITIZER_STOP.rst
-- Installing: /Users/jake/dev/jsavin/Frontier/third_party/cmake-src/../cmake-install/share/cmake-3.29/Help/variable/CMAKE_VS_INCLUDE_PACKAGE_TO_DEFAULT_BUILD.rst
-- Installing: /Users/jake/dev/jsavin/Frontier/third_party/cmake-src/../cmake-install/share/cmake-3.29/Help/variable/CMAKE_LANG_CPPCHECK.rst
-- Installing: /Users/jake/dev/jsavin/Frontier/third_party/cmake-src/../cmake-install/share/cmake-3.29/Help/variable/CTEST_SVN_UPDATE_OPTIONS.rst
-- Installing: /Users/jake/dev/jsavin/Frontier/third_party/cmake-src/../cmake-install/share/cmake-3.29/Help/variable/CTEST_CHANGE_ID.rst
-- Installing: /Users/jake/dev/jsavin/Frontier/third_party/cmake-src/../cmake-install/share/cmake-3.29/Help/variable/CMAKE_AUTOUIC.rst
-- Installing: /Users/jake/dev/jsavin/Frontier/third_party/cmake-src/../cmake-install/share/cmake-3.29/Help/variable/CTEST_MEMORYCHECK_TYPE.rst
-- Installing: /Users/jake/dev/jsavin/Frontier/third_party/cmake-src/../cmake-install/share/cmake-3.29/Help/variable/CMAKE_LINK_GROUP_USING_FEATURE.rst
-- Installing: /Users/jake/dev/jsavin/Frontier/third_party/cmake-src/../cmake-install/share/cmake-3.29/Help/variable/CMAKE_CUDA_COMPILE_FEATURES.rst
-- Installing: /Users/jake/dev/jsavin/Frontier/third_party/cmake-src/../cmake-install/share/cmake-3.29/Help/variable/CMAKE_CURRENT_FUNCTION_LIST_FILE.rst
-- Installing: /Users/jake/dev/jsavin/Frontier/third_party/cmake-src/../cmake-install/share/cmake-3.29/Help/variable/CMAKE_WATCOM_RUNTIME_LIBRARY.rst
-- Installing: /Users/jake/dev/jsavin/Frontier/third_party/cmake-src/../cmake-install/share/cmake-3.29/Help/variable/CTEST_BUILD_NAME.rst
-- Installing: /Users/jake/dev/jsavin/Frontier/third_party/cmake-src/../cmake-install/share/cmake-3.29/Help/variable/CMAKE_SUPPRESS_REGENERATION.rst
-- Installing: /Users/jake/dev/jsavin/Frontier/third_party/cmake-src/../cmake-install/share/cmake-3.29/Help/variable/CMAKE_FIND_PACKAGE_NO_SYSTEM_PACKAGE_REGISTRY.rst
-- Installing: /Users/jake/dev/jsavin/Frontier/third_party/cmake-src/../cmake-install/share/cmake-3.29/Help/variable/CMAKE_LANG_COMPILER_LAUNCHER.rst
-- Installing: /Users/jake/dev/jsavin/Frontier/third_party/cmake-src/../cmake-install/share/cmake-3.29/Help/variable/XCODE.rst
-- Installing: /Users/jake/dev/jsavin/Frontier/third_party/cmake-src/../cmake-install/share/cmake-3.29/Help/variable/CMAKE_C_STANDARD_REQUIRED.rst
-- Installing: /Users/jake/dev/jsavin/Frontier/third_party/cmake-src/../cmake-install/share/cmake-3.29/Help/variable/CMAKE_MODULE_PATH.rst
-- Installing: /Users/jake/dev/jsavin/Frontier/third_party/cmake-src/../cmake-install/share/cmake-3.29/Help/variable/IGNORE_SEARCH_LOCATIONS.txt
-- Installing: /Users/jake/dev/jsavin/Frontier/third_party/cmake-src/../cmake-install/share/cmake-3.29/Help/variable/CMAKE_TASKING_TOOLSET.rst
-- Installing: /Users/jake/dev/jsavin/Frontier/third_party/cmake-src/../cmake-install/share/cmake-3.29/Help/variable/CTEST_SUBMIT_INACTIVITY_TIMEOUT.rst
-- Installing: /Users/jake/dev/jsavin/Frontier/third_party/cmake-src/../cmake-install/share/cmake-3.29/Help/variable/PROJECT_NAME.rst
-- Installing: /Users/jake/dev/jsavin/Frontier/third_party/cmake-src/../cmake-install/share/cmake-3.29/Help/variable/CMAKE_ADD_CUSTOM_COMMAND_DEPENDS_EXPLICIT_ONLY.rst
-- Installing: /Users/jake/dev/jsavin/Frontier/third_party/cmake-src/../cmake-install/share/cmake-3.29/Help/variable/CMAKE_LANG_IMPLICIT_INCLUDE_DIRECTORIES.rst
-- Installing: /Users/jake/dev/jsavin/Frontier/third_party/cmake-src/../cmake-install/share/cmake-3.29/Help/variable/CMAKE_VS_NUGET_PACKAGE_RESTORE.rst
-- Installing: /Users/jake/dev/jsavin/Frontier/third_party/cmake-src/../cmake-install/share/cmake-3.29/Help/variable/CMAKE_ECLIPSE_RESOURCE_ENCODING.rst
-- Installing: /Users/jake/dev/jsavin/Frontier/third_party/cmake-src/../cmake-install/share/cmake-3.29/Help/variable/CMAKE_SHARED_MODULE_PREFIX.rst
-- Installing: /Users/jake/dev/jsavin/Frontier/third_party/cmake-src/../cmake-install/share/cmake-3.29/Help/variable/PROJECT-NAME_BINARY_DIR.rst
-- Installing: /Users/jake/dev/jsavin/Frontier/third_party/cmake-src/../cmake-install/share/cmake-3.29/Help/variable/MSVC70.rst
-- Installing: /Users/jake/dev/jsavin/Frontier/third_party/cmake-src/../cmake-install/share/cmake-3.29/Help/variable/LINUX.rst
-- Installing: /Users/jake/dev/jsavin/Frontier/third_party/cmake-src/../cmake-install/share/cmake-3.29/Help/variable/CMAKE_CURRENT_FUNCTION_LIST_DIR.rst
-- Installing: /Users/jake/dev/jsavin/Frontier/third_party/cmake-src/../cmake-install/share/cmake-3.29/Help/variable/CTEST_LABELS_FOR_SUBPROJECTS.rst
-- Installing: /Users/jake/dev/jsavin/Frontier/third_party/cmake-src/../cmake-install/share/cmake-3.29/Help/variable/CMAKE_VS_SDK_EXCLUDE_DIRECTORIES.rst
-- Installing: /Users/jake/dev/jsavin/Frontier/third_party/cmake-src/../cmake-install/share/cmake-3.29/Help/variable/CMAKE_DEFAULT_BUILD_TYPE.rst
-- Installing: /Users/jake/dev/jsavin/Frontier/third_party/cmake-src/../cmake-install/share/cmake-3.29/Help/variable/CMAKE_SYSROOT_LINK.rst
-- Installing: /Users/jake/dev/jsavin/Frontier/third_party/cmake-src/../cmake-install/share/cmake-3.29/Help/variable/CMAKE_LANG_STANDARD_REQUIRED.rst
-- Installing: /Users/jake/dev/jsavin/Frontier/third_party/cmake-src/../cmake-install/share/cmake-3.29/Help/variable/PROJECT-NAME_IS_TOP_LEVEL.rst
-- Installing: /Users/jake/dev/jsavin/Frontier/third_party/cmake-src/../cmake-install/share/cmake-3.29/Help/variable/ANDROID.rst
-- Installing: /Users/jake/dev/jsavin/Frontier/third_party/cmake-src/../cmake-install/share/cmake-3.29/Help/variable/CMAKE_PROJECT_INCLUDE.rst
-- Installing: /Users/jake/dev/jsavin/Frontier/third_party/cmake-src/../cmake-install/share/cmake-3.29/Help/variable/CTEST_SCRIPT_DIRECTORY.rst
-- Installing: /Users/jake/dev/jsavin/Frontier/third_party/cmake-src/../cmake-install/share/cmake-3.29/Help/variable/CMAKE_CUDA_RESOLVE_DEVICE_SYMBOLS.rst
-- Installing: /Users/jake/dev/jsavin/Frontier/third_party/cmake-src/../cmake-install/share/cmake-3.29/Help/variable/LINK_LIBRARY_PREDEFINED_FEATURES.txt
-- Installing: /Users/jake/dev/jsavin/Frontier/third_party/cmake-src/../cmake-install/share/cmake-3.29/Help/variable/CMAKE_LINK_LIBRARY_SUFFIX.rst
-- Installing: /Users/jake/dev/jsavin/Frontier/third_party/cmake-src/../cmake-install/share/cmake-3.29/Help/variable/CMAKE_LANG_FLAGS_RELWITHDEBINFO_INIT.rst
-- Installing: /Users/jake/dev/jsavin/Frontier/third_party/cmake-src/../cmake-install/share/cmake-3.29/Help/variable/CMAKE_LANG_LINK_LIBRARY_SUFFIX.rst
-- Installing: /Users/jake/dev/jsavin/Frontier/third_party/cmake-src/../cmake-install/share/cmake-3.29/Help/variable/CMAKE_LANG_VISIBILITY_PRESET.rst
-- Installing: /Users/jake/dev/jsavin/Frontier/third_party/cmake-src/../cmake-install/share/cmake-3.29/Help/variable/CTEST_P4_UPDATE_OPTIONS.rst
-- Installing: /Users/jake/dev/jsavin/Frontier/third_party/cmake-src/../cmake-install/share/cmake-3.29/Help/variable/CMAKE_OSX_SYSROOT.rst
-- Installing: /Users/jake/dev/jsavin/Frontier/third_party/cmake-src/../cmake-install/share/cmake-3.29/Help/variable/CMAKE_VS_VERSION_BUILD_NUMBER.rst
-- Installing: /Users/jake/dev/jsavin/Frontier/third_party/cmake-src/../cmake-install/share/cmake-3.29/Help/variable/CMAKE_FRAMEWORK_MULTI_CONFIG_POSTFIX_CONFIG.rst
-- Installing: /Users/jake/dev/jsavin/Frontier/third_party/cmake-src/../cmake-install/share/cmake-3.29/Help/variable/CMAKE_SYSROOT.rst
-- Installing: /Users/jake/dev/jsavin/Frontier/third_party/cmake-src/../cmake-install/share/cmake-3.29/Help/variable/CMAKE_XCODE_PLATFORM_TOOLSET.rst
-- Installing: /Users/jake/dev/jsavin/Frontier/third_party/cmake-src/../cmake-install/share/cmake-3.29/Help/variable/CMAKE_MSVC_RUNTIME_LIBRARY.rst
-- Installing: /Users/jake/dev/jsavin/Frontier/third_party/cmake-src/../cmake-install/share/cmake-3.29/Help/variable/CMAKE_LIBRARY_OUTPUT_DIRECTORY.rst
-- Installing: /Users/jake/dev/jsavin/Frontier/third_party/cmake-src/../cmake-install/share/cmake-3.29/Help/variable/CMAKE_HIP_STANDARD_REQUIRED.rst
-- Installing: /Users/jake/dev/jsavin/Frontier/third_party/cmake-src/../cmake-install/share/cmake-3.29/Help/variable/CMAKE_FIND_PACKAGE_NAME.rst
-- Installing: /Users/jake/dev/jsavin/Frontier/third_party/cmake-src/../cmake-install/share/cmake-3.29/Help/variable/CMAKE_VS_PLATFORM_TOOLSET_FORTRAN.rst
-- Installing: /Users/jake/dev/jsavin/Frontier/third_party/cmake-src/../cmake-install/share/cmake-3.29/Help/variable/CMAKE_FRAMEWORK_PATH.rst
-- Installing: /Users/jake/dev/jsavin/Frontier/third_party/cmake-src/../cmake-install/share/cmake-3.29/Help/variable/CMAKE_LANG_ARCHIVE_APPEND.rst
-- Installing: /Users/jake/dev/jsavin/Frontier/third_party/cmake-src/../cmake-install/share/cmake-3.29/Help/variable/MSVC71.rst
-- Installing: /Users/jake/dev/jsavin/Frontier/third_party/cmake-src/../cmake-install/share/cmake-3.29/Help/variable/CMAKE_LANG_ANDROID_TOOLCHAIN_SUFFIX.rst
-- Installing: /Users/jake/dev/jsavin/Frontier/third_party/cmake-src/../cmake-install/share/cmake-3.29/Help/variable/CMAKE_LANG_EXTENSIONS.rst
-- Installing: /Users/jake/dev/jsavin/Frontier/third_party/cmake-src/../cmake-install/share/cmake-3.29/Help/variable/CTEST_SITE.rst
-- Installing: /Users/jake/dev/jsavin/Frontier/third_party/cmake-src/../cmake-install/share/cmake-3.29/Help/variable/CMAKE_LANG_OUTPUT_EXTENSION.rst
-- Installing: /Users/jake/dev/jsavin/Frontier/third_party/cmake-src/../cmake-install/share/cmake-3.29/Help/variable/CMAKE_INSTALL_NAME_DIR.rst
-- Installing: /Users/jake/dev/jsavin/Frontier/third_party/cmake-src/../cmake-install/share/cmake-3.29/Help/variable/CMAKE_LANG_IGNORE_EXTENSIONS.rst
-- Installing: /Users/jake/dev/jsavin/Frontier/third_party/cmake-src/../cmake-install/share/cmake-3.29/Help/variable/CMAKE_HOST_APPLE.rst
-- Installing: /Users/jake/dev/jsavin/Frontier/third_party/cmake-src/../cmake-install/share/cmake-3.29/Help/variable/CMAKE_FOLDER.rst
-- Installing: /Users/jake/dev/jsavin/Frontier/third_party/cmake-src/../cmake-install/share/cmake-3.29/Help/variable/CMAKE_XCODE_SCHEME_UNDEFINED_BEHAVIOUR_SANITIZER_STOP.rst
-- Installing: /Users/jake/dev/jsavin/Frontier/third_party/cmake-src/../cmake-install/share/cmake-3.29/Help/variable/CMAKE_ANDROID_API.rst
-- Installing: /Users/jake/dev/jsavin/Frontier/third_party/cmake-src/../cmake-install/share/cmake-3.29/Help/variable/CMAKE_LINK_LIBRARY_FILE_FLAG.rst
-- Installing: /Users/jake/dev/jsavin/Frontier/third_party/cmake-src/../cmake-install/share/cmake-3.29/Help/variable/CTEST_SUBMIT_URL.rst
-- Installing: /Users/jake/dev/jsavin/Frontier/third_party/cmake-src/../cmake-install/share/cmake-3.29/Help/variable/CMAKE_STATIC_LINKER_FLAGS_INIT.rst
-- Installing: /Users/jake/dev/jsavin/Frontier/third_party/cmake-src/../cmake-install/share/cmake-3.29/Help/variable/CMAKE_DEBUG_POSTFIX.rst
-- Installing: /Users/jake/dev/jsavin/Frontier/third_party/cmake-src/../cmake-install/share/cmake-3.29/Help/variable/CMAKE_MODULE_LINKER_FLAGS_INIT.rst
-- Installing: /Users/jake/dev/jsavin/Frontier/third_party/cmake-src/../cmake-install/share/cmake-3.29/Help/variable/CMAKE_VS_NO_COMPILE_BATCHING.rst
-- Installing: /Users/jake/dev/jsavin/Frontier/third_party/cmake-src/../cmake-install/share/cmake-3.29/Help/variable/CMAKE_SYSTEM_APPBUNDLE_PATH.rst
-- Installing: /Users/jake/dev/jsavin/Frontier/third_party/cmake-src/../cmake-install/share/cmake-3.29/Help/variable/CMAKE_FIND_ROOT_PATH_MODE_XXX.txt
-- Installing: /Users/jake/dev/jsavin/Frontier/third_party/cmake-src/../cmake-install/share/cmake-3.29/Help/variable/CMAKE_LINK_LIBRARY_FLAG.rst
-- Installing: /Users/jake/dev/jsavin/Frontier/third_party/cmake-src/../cmake-install/share/cmake-3.29/Help/variable/CMAKE_ANDROID_NDK_VERSION.rst
-- Installing: /Users/jake/dev/jsavin/Frontier/third_party/cmake-src/../cmake-install/share/cmake-3.29/Help/variable/CMAKE_ARGC.rst
-- Installing: /Users/jake/dev/jsavin/Frontier/third_party/cmake-src/../cmake-install/share/cmake-3.29/Help/variable/CMAKE_FIND_FRAMEWORK.rst
-- Installing: /Users/jake/dev/jsavin/Frontier/third_party/cmake-src/../cmake-install/share/cmake-3.29/Help/variable/CMAKE_GLOBAL_AUTORCC_TARGET.rst
-- Installing: /Users/jake/dev/jsavin/Frontier/third_party/cmake-src/../cmake-install/share/cmake-3.29/Help/variable/CMAKE_CUDA_ARCHITECTURES.rst
-- Installing: /Users/jake/dev/jsavin/Frontier/third_party/cmake-src/../cmake-install/share/cmake-3.29/Help/variable/CMAKE_EXPORT_NO_PACKAGE_REGISTRY.rst
-- Installing: /Users/jake/dev/jsavin/Frontier/third_party/cmake-src/../cmake-install/share/cmake-3.29/Help/variable/CMAKE_VERSION.rst
-- Installing: /Users/jake/dev/jsavin/Frontier/third_party/cmake-src/../cmake-install/share/cmake-3.29/Help/variable/CMAKE_MATCH_COUNT.rst
-- Installing: /Users/jake/dev/jsavin/Frontier/third_party/cmake-src/../cmake-install/share/cmake-3.29/Help/variable/CMAKE_CLANG_VFS_OVERLAY.rst
-- Installing: /Users/jake/dev/jsavin/Frontier/third_party/cmake-src/../cmake-install/share/cmake-3.29/Help/variable/CMAKE_VS_TARGET_FRAMEWORK_TARGETS_VERSION.rst
-- Installing: /Users/jake/dev/jsavin/Frontier/third_party/cmake-src/../cmake-install/share/cmake-3.29/Help/variable/CMAKE_DISABLE_PRECOMPILE_HEADERS.rst
-- Installing: /Users/jake/dev/jsavin/Frontier/third_party/cmake-src/../cmake-install/share/cmake-3.29/Help/variable/CMAKE_XCODE_SCHEME_DEBUG_DOCUMENT_VERSIONING.rst
-- Installing: /Users/jake/dev/jsavin/Frontier/third_party/cmake-src/../cmake-install/share/cmake-3.29/Help/variable/CMAKE_LINK_GROUP_USING_FEATURE.txt
-- Installing: /Users/jake/dev/jsavin/Frontier/third_party/cmake-src/../cmake-install/share/cmake-3.29/Help/variable/CMAKE_ANDROID_ARCH_ABI.rst
-- Installing: /Users/jake/dev/jsavin/Frontier/third_party/cmake-src/../cmake-install/share/cmake-3.29/Help/variable/CTEST_CUSTOM_MAXIMUM_NUMBER_OF_ERRORS.rst
-- Installing: /Users/jake/dev/jsavin/Frontier/third_party/cmake-src/../cmake-install/share/cmake-3.29/Help/variable/CMAKE_SHARED_LINKER_FLAGS_CONFIG_INIT.rst
-- Installing: /Users/jake/dev/jsavin/Frontier/third_party/cmake-src/../cmake-install/share/cmake-3.29/Help/variable/CMAKE_XCODE_SCHEME_UNDEFINED_BEHAVIOUR_SANITIZER.rst
-- Installing: /Users/jake/dev/jsavin/Frontier/third_party/cmake-src/../cmake-install/share/cmake-3.29/Help/variable/PROJECT-NAME_VERSION_TWEAK.rst
-- Installing: /Users/jake/dev/jsavin/Frontier/third_party/cmake-src/../cmake-install/share/cmake-3.29/Help/variable/CMAKE_VS_SDK_LIBRARY_WINRT_DIRECTORIES.rst
-- Installing: /Users/jake/dev/jsavin/Frontier/third_party/cmake-src/../cmake-install/share/cmake-3.29/Help/variable/CMAKE_FIND_PACKAGE_WARN_NO_MODULE.rst
-- Installing: /Users/jake/dev/jsavin/Frontier/third_party/cmake-src/../cmake-install/share/cmake-3.29/Help/variable/CMAKE_LANG_COMPILER_LOADED.rst
-- Installing: /Users/jake/dev/jsavin/Frontier/third_party/cmake-src/../cmake-install/share/cmake-3.29/Help/variable/CMAKE_CONFIGURATION_TYPES.rst
-- Installing: /Users/jake/dev/jsavin/Frontier/third_party/cmake-src/../cmake-install/share/cmake-3.29/Help/variable/CMAKE_SYSTEM_PROGRAM_PATH.rst
-- Installing: /Users/jake/dev/jsavin/Frontier/third_party/cmake-src/../cmake-install/share/cmake-3.29/Help/variable/CMAKE_AUTOMOC_DEPEND_FILTERS.rst
-- Installing: /Users/jake/dev/jsavin/Frontier/third_party/cmake-src/../cmake-install/share/cmake-3.29/Help/variable/CMAKE_MAJOR_VERSION.rst
-- Installing: /Users/jake/dev/jsavin/Frontier/third_party/cmake-src/../cmake-install/share/cmake-3.29/Help/variable/PROJECT-NAME_VERSION_MINOR.rst
-- Installing: /Users/jake/dev/jsavin/Frontier/third_party/cmake-src/../cmake-install/share/cmake-3.29/Help/variable/CMAKE_AUTOGEN_PARALLEL.rst
-- Installing: /Users/jake/dev/jsavin/Frontier/third_party/cmake-src/../cmake-install/share/cmake-3.29/Help/variable/PROJECT-NAME_SOURCE_DIR.rst
-- Installing: /Users/jake/dev/jsavin/Frontier/third_party/cmake-src/../cmake-install/share/cmake-3.29/Help/variable/CMAKE_VS_WINRT_BY_DEFAULT.rst
-- Installing: /Users/jake/dev/jsavin/Frontier/third_party/cmake-src/../cmake-install/share/cmake-3.29/Help/variable/CMAKE_LINK_SEARCH_START_STATIC.rst
-- Installing: /Users/jake/dev/jsavin/Frontier/third_party/cmake-src/../cmake-install/share/cmake-3.29/Help/variable/CTEST_TRIGGER_SITE.rst
-- Installing: /Users/jake/dev/jsavin/Frontier/third_party/cmake-src/../cmake-install/share/cmake-3.29/Help/variable/CMAKE_MINOR_VERSION.rst
-- Installing: /Users/jake/dev/jsavin/Frontier/third_party/cmake-src/../cmake-install/share/cmake-3.29/Help/variable/CMAKE_VS_PLATFORM_NAME_DEFAULT.rst
-- Installing: /Users/jake/dev/jsavin/Frontier/third_party/cmake-src/../cmake-install/share/cmake-3.29/Help/variable/CMAKE_STAGING_PREFIX.rst
-- Installing: /Users/jake/dev/jsavin/Frontier/third_party/cmake-src/../cmake-install/share/cmake-3.29/Help/variable/CMAKE_HIP_EXTENSIONS.rst
-- Installing: /Users/jake/dev/jsavin/Frontier/third_party/cmake-src/../cmake-install/share/cmake-3.29/Help/variable/CMAKE_MACOSX_BUNDLE.rst
-- Installing: /Users/jake/dev/jsavin/Frontier/third_party/cmake-src/../cmake-install/share/cmake-3.29/Help/variable/PROJECT-NAME_DESCRIPTION.rst
-- Installing: /Users/jake/dev/jsavin/Frontier/third_party/cmake-src/../cmake-install/share/cmake-3.29/Help/variable/CMAKE_VS_VERSION_BUILD_NUMBER_COMPONENTS.txt
-- Installing: /Users/jake/dev/jsavin/Frontier/third_party/cmake-src/../cmake-install/share/cmake-3.29/Help/variable/CMAKE_FIND_PACKAGE_PREFER_CONFIG.rst
-- Installing: /Users/jake/dev/jsavin/Frontier/third_party/cmake-src/../cmake-install/share/cmake-3.29/Help/variable/CMAKE_LANG_LINK_GROUP_USING_FEATURE.rst
-- Installing: /Users/jake/dev/jsavin/Frontier/third_party/cmake-src/../cmake-install/share/cmake-3.29/Help/variable/CMAKE_BUILD_RPATH_USE_ORIGIN.rst
-- Installing: /Users/jake/dev/jsavin/Frontier/third_party/cmake-src/../cmake-install/share/cmake-3.29/Help/variable/CMAKE_XCODE_SCHEME_DYNAMIC_LINKER_API_USAGE.rst
-- Installing: /Users/jake/dev/jsavin/Frontier/third_party/cmake-src/../cmake-install/share/cmake-3.29/Help/variable/CMAKE_XCODE_SCHEME_ENABLE_GPU_API_VALIDATION.rst
-- Installing: /Users/jake/dev/jsavin/Frontier/third_party/cmake-src/../cmake-install/share/cmake-3.29/Help/variable/CMAKE_GLOBAL_AUTOGEN_TARGET.rst
-- Installing: /Users/jake/dev/jsavin/Frontier/third_party/cmake-src/../cmake-install/share/cmake-3.29/Help/variable/PROJECT_SOURCE_DIR.rst
-- Installing: /Users/jake/dev/jsavin/Frontier/third_party/cmake-src/../cmake-install/share/cmake-3.29/Help/variable/CMAKE_PROJECT_PROJECT-NAME_INCLUDE_BEFORE.rst
-- Installing: /Users/jake/dev/jsavin/Frontier/third_party/cmake-src/../cmake-install/share/cmake-3.29/Help/variable/CMAKE_ANDROID_ARM_MODE.rst
-- Installing: /Users/jake/dev/jsavin/Frontier/third_party/cmake-src/../cmake-install/share/cmake-3.29/Help/variable/CMAKE_VS_TARGET_FRAMEWORK_VERSION.rst
-- Installing: /Users/jake/dev/jsavin/Frontier/third_party/cmake-src/../cmake-install/share/cmake-3.29/Help/variable/CMAKE_CODEBLOCKS_EXCLUDE_EXTERNAL_FILES.rst
-- Installing: /Users/jake/dev/jsavin/Frontier/third_party/cmake-src/../cmake-install/share/cmake-3.29/Help/variable/CTEST_CUSTOM_ERROR_MATCH.rst
-- Installing: /Users/jake/dev/jsavin/Frontier/third_party/cmake-src/../cmake-install/share/cmake-3.29/Help/variable/BUILD_SHARED_LIBS.rst
-- Installing: /Users/jake/dev/jsavin/Frontier/third_party/cmake-src/../cmake-install/share/cmake-3.29/Help/variable/CMAKE_LANG_COMPILER_AR.rst
-- Installing: /Users/jake/dev/jsavin/Frontier/third_party/cmake-src/../cmake-install/share/cmake-3.29/Help/variable/CMAKE_WARN_ON_ABSOLUTE_INSTALL_DESTINATION.rst
-- Installing: /Users/jake/dev/jsavin/Frontier/third_party/cmake-src/../cmake-install/share/cmake-3.29/Help/variable/CMAKE_TEST_LAUNCHER.rst
-- Installing: /Users/jake/dev/jsavin/Frontier/third_party/cmake-src/../cmake-install/share/cmake-3.29/Help/variable/CMAKE_PROJECT_NAME.rst
-- Installing: /Users/jake/dev/jsavin/Frontier/third_party/cmake-src/../cmake-install/share/cmake-3.29/Help/variable/CMAKE_INCLUDE_DIRECTORIES_PROJECT_BEFORE.rst
-- Installing: /Users/jake/dev/jsavin/Frontier/third_party/cmake-src/../cmake-install/share/cmake-3.29/Help/variable/CMAKE_VS_WINDOWS_TARGET_PLATFORM_VERSION_MAXIMUM.rst
-- Installing: /Users/jake/dev/jsavin/Frontier/third_party/cmake-src/../cmake-install/share/cmake-3.29/Help/variable/CMAKE_FIND_USE_PACKAGE_REGISTRY.rst
-- Installing: /Users/jake/dev/jsavin/Frontier/third_party/cmake-src/../cmake-install/share/cmake-3.29/Help/variable/CTEST_SCP_COMMAND.rst
-- Installing: /Users/jake/dev/jsavin/Frontier/third_party/cmake-src/../cmake-install/share/cmake-3.29/Help/variable/CMAKE_CUDA_TOOLKIT_INCLUDE_DIRECTORIES.rst
-- Installing: /Users/jake/dev/jsavin/Frontier/third_party/cmake-src/../cmake-install/share/cmake-3.29/Help/variable/CMAKE_INCLUDE_PATH.rst
-- Installing: /Users/jake/dev/jsavin/Frontier/third_party/cmake-src/../cmake-install/share/cmake-3.29/Help/variable/CTEST_GIT_COMMAND.rst
-- Installing: /Users/jake/dev/jsavin/Frontier/third_party/cmake-src/../cmake-install/share/cmake-3.29/Help/variable/CMAKE_IGNORE_PATH.rst
-- Installing: /Users/jake/dev/jsavin/Frontier/third_party/cmake-src/../cmake-install/share/cmake-3.29/Help/variable/CACHE.rst
-- Installing: /Users/jake/dev/jsavin/Frontier/third_party/cmake-src/../cmake-install/share/cmake-3.29/Help/variable/CMAKE_VERIFY_INTERFACE_HEADER_SETS.rst
-- Installing: /Users/jake/dev/jsavin/Frontier/third_party/cmake-src/../cmake-install/share/cmake-3.29/Help/variable/CMAKE_VS_WINDOWS_TARGET_PLATFORM_VERSION.rst
-- Installing: /Users/jake/dev/jsavin/Frontier/third_party/cmake-src/../cmake-install/share/cmake-3.29/Help/variable/CMAKE_LANG_HOST_COMPILER.rst
-- Installing: /Users/jake/dev/jsavin/Frontier/third_party/cmake-src/../cmake-install/share/cmake-3.29/Help/variable/ENV.rst
-- Installing: /Users/jake/dev/jsavin/Frontier/third_party/cmake-src/../cmake-install/share/cmake-3.29/Help/variable/CMAKE_NOT_USING_CONFIG_FLAGS.rst
-- Installing: /Users/jake/dev/jsavin/Frontier/third_party/cmake-src/../cmake-install/share/cmake-3.29/Help/variable/CMAKE_VS_SDK_REFERENCE_DIRECTORIES.rst
-- Installing: /Users/jake/dev/jsavin/Frontier/third_party/cmake-src/../cmake-install/share/cmake-3.29/Help/variable/CMAKE_ARGV0.rst
-- Installing: /Users/jake/dev/jsavin/Frontier/third_party/cmake-src/../cmake-install/share/cmake-3.29/Help/variable/CMAKE_GENERATOR_PLATFORM.rst
-- Installing: /Users/jake/dev/jsavin/Frontier/third_party/cmake-src/../cmake-install/share/cmake-3.29/Help/variable/CTEST_CUSTOM_PRE_TEST.rst
-- Installing: /Users/jake/dev/jsavin/Frontier/third_party/cmake-src/../cmake-install/share/cmake-3.29/Help/variable/CMAKE_AUTOUIC_SEARCH_PATHS.rst
-- Installing: /Users/jake/dev/jsavin/Frontier/third_party/cmake-src/../cmake-install/share/cmake-3.29/Help/variable/CPACK_ABSOLUTE_DESTINATION_FILES.rst
-- Installing: /Users/jake/dev/jsavin/Frontier/third_party/cmake-src/../cmake-install/share/cmake-3.29/Help/variable/CTEST_RESOURCE_SPEC_FILE.rst
-- Installing: /Users/jake/dev/jsavin/Frontier/third_party/cmake-src/../cmake-install/share/cmake-3.29/Help/variable/CMAKE_IGNORE_PREFIX_PATH.rst
-- Installing: /Users/jake/dev/jsavin/Frontier/third_party/cmake-src/../cmake-install/share/cmake-3.29/Help/variable/CMAKE_COMMAND.rst
-- Installing: /Users/jake/dev/jsavin/Frontier/third_party/cmake-src/../cmake-install/share/cmake-3.29/Help/variable/CMAKE_CROSSCOMPILING.rst
-- Installing: /Users/jake/dev/jsavin/Frontier/third_party/cmake-src/../cmake-install/share/cmake-3.29/Help/variable/CMAKE_AIX_EXPORT_ALL_SYMBOLS.rst
-- Installing: /Users/jake/dev/jsavin/Frontier/third_party/cmake-src/../cmake-install/share/cmake-3.29/Help/variable/CMAKE_LANG_FLAGS_CONFIG.rst
-- Installing: /Users/jake/dev/jsavin/Frontier/third_party/cmake-src/../cmake-install/share/cmake-3.29/Help/variable/CMAKE_GLOBAL_AUTORCC_TARGET_NAME.rst
-- Installing: /Users/jake/dev/jsavin/Frontier/third_party/cmake-src/../cmake-install/share/cmake-3.29/Help/variable/CTEST_GIT_INIT_SUBMODULES.rst
-- Installing: /Users/jake/dev/jsavin/Frontier/third_party/cmake-src/../cmake-install/share/cmake-3.29/Help/variable/CMAKE_XCODE_SCHEME_ENVIRONMENT.rst
-- Installing: /Users/jake/dev/jsavin/Frontier/third_party/cmake-src/../cmake-install/share/cmake-3.29/Help/variable/CMAKE_DOTNET_TARGET_FRAMEWORK.rst
-- Installing: /Users/jake/dev/jsavin/Frontier/third_party/cmake-src/../cmake-install/share/cmake-3.29/Help/variable/CMAKE_MESSAGE_INDENT.rst
-- Installing: /Users/jake/dev/jsavin/Frontier/third_party/cmake-src/../cmake-install/share/cmake-3.29/Help/variable/CMAKE_FIND_USE_INSTALL_PREFIX.rst
-- Installing: /Users/jake/dev/jsavin/Frontier/third_party/cmake-src/../cmake-install/share/cmake-3.29/Help/variable/CTEST_BINARY_DIRECTORY.rst
-- Installing: /Users/jake/dev/jsavin/Frontier/third_party/cmake-src/../cmake-install/share/cmake-3.29/Help/variable/CMAKE_LANG_COMPILER_LINKER_ID.rst
-- Installing: /Users/jake/dev/jsavin/Frontier/third_party/cmake-src/../cmake-install/share/cmake-3.29/Help/variable/CMAKE_USER_MAKE_RULES_OVERRIDE.rst
-- Installing: /Users/jake/dev/jsavin/Frontier/third_party/cmake-src/../cmake-install/share/cmake-3.29/Help/variable/CMAKE_STATIC_LINKER_FLAGS_CONFIG_INIT.rst
-- Installing: /Users/jake/dev/jsavin/Frontier/third_party/cmake-src/../cmake-install/share/cmake-3.29/Help/variable/CMAKE_XCODE_SCHEME_MALLOC_SCRIBBLE.rst
-- Installing: /Users/jake/dev/jsavin/Frontier/third_party/cmake-src/../cmake-install/share/cmake-3.29/Help/variable/CMAKE_HOST_WIN32.rst
-- Installing: /Users/jake/dev/jsavin/Frontier/third_party/cmake-src/../cmake-install/share/cmake-3.29/Help/variable/CMAKE_OBJECT_PATH_MAX.rst
-- Installing: /Users/jake/dev/jsavin/Frontier/third_party/cmake-src/../cmake-install/share/cmake-3.29/Help/variable/CMAKE_EXPORT_PACKAGE_REGISTRY.rst
-- Installing: /Users/jake/dev/jsavin/Frontier/third_party/cmake-src/../cmake-install/share/cmake-3.29/Help/variable/CMAKE_AUTOMOC_RELAXED_MODE.rst
-- Installing: /Users/jake/dev/jsavin/Frontier/third_party/cmake-src/../cmake-install/share/cmake-3.29/Help/variable/CMAKE_FIND_USE_SYSTEM_ENVIRONMENT_PATH.rst
-- Installing: /Users/jake/dev/jsavin/Frontier/third_party/cmake-src/../cmake-install/share/cmake-3.29/Help/variable/CMAKE_HOST_SOLARIS.rst
-- Installing: /Users/jake/dev/jsavin/Frontier/third_party/cmake-src/../cmake-install/share/cmake-3.29/Help/variable/CMAKE_LANG_LINK_GROUP_USING_FEATURE_SUPPORTED.rst
-- Installing: /Users/jake/dev/jsavin/Frontier/third_party/cmake-src/../cmake-install/share/cmake-3.29/Help/variable/CMAKE_XCODE_SCHEME_GUARD_MALLOC.rst
-- Installing: /Users/jake/dev/jsavin/Frontier/third_party/cmake-src/../cmake-install/share/cmake-3.29/Help/variable/CMAKE_INTERPROCEDURAL_OPTIMIZATION_CONFIG.rst
-- Installing: /Users/jake/dev/jsavin/Frontier/third_party/cmake-src/../cmake-install/share/cmake-3.29/Help/variable/CMAKE_EXECUTABLE_SUFFIX.rst
-- Installing: /Users/jake/dev/jsavin/Frontier/third_party/cmake-src/../cmake-install/share/cmake-3.29/Help/variable/CMAKE_LANG_INCLUDE_WHAT_YOU_USE.rst
-- Installing: /Users/jake/dev/jsavin/Frontier/third_party/cmake-src/../cmake-install/share/cmake-3.29/Help/variable/CMAKE_XCODE_SCHEME_MALLOC_STACK.rst
-- Installing: /Users/jake/dev/jsavin/Frontier/third_party/cmake-src/../cmake-install/share/cmake-3.29/Help/variable/PROJECT_BINARY_DIR.rst
-- Installing: /Users/jake/dev/jsavin/Frontier/third_party/cmake-src/../cmake-install/share/cmake-3.29/Help/variable/CTEST_MEMORYCHECK_SANITIZER_OPTIONS.rst
-- Installing: /Users/jake/dev/jsavin/Frontier/third_party/cmake-src/../cmake-install/share/cmake-3.29/Help/variable/CMAKE_INSTALL_RPATH.rst
-- Installing: /Users/jake/dev/jsavin/Frontier/third_party/cmake-src/../cmake-install/share/cmake-3.29/Help/variable/CMAKE_LINK_DEPENDS_USE_LINKER.rst
-- Installing: /Users/jake/dev/jsavin/Frontier/third_party/cmake-src/../cmake-install/share/cmake-3.29/Help/variable/CMAKE_HIP_ARCHITECTURES.rst
-- Installing: /Users/jake/dev/jsavin/Frontier/third_party/cmake-src/../cmake-install/share/cmake-3.29/Help/variable/CMAKE_LANG_FLAGS_CONFIG_INIT.rst
-- Installing: /Users/jake/dev/jsavin/Frontier/third_party/cmake-src/../cmake-install/share/cmake-3.29/Help/variable/CMAKE_WIN32_EXECUTABLE.rst
-- Installing: /Users/jake/dev/jsavin/Frontier/third_party/cmake-src/../cmake-install/share/cmake-3.29/Help/variable/CMAKE_SHARED_LINKER_FLAGS.rst
-- Installing: /Users/jake/dev/jsavin/Frontier/third_party/cmake-src/../cmake-install/share/cmake-3.29/Help/variable/PROJECT_VERSION_PATCH.rst
-- Installing: /Users/jake/dev/jsavin/Frontier/third_party/cmake-src/../cmake-install/share/cmake-3.29/Help/variable/CTEST_CUSTOM_MAXIMUM_FAILED_TEST_OUTPUT_SIZE.rst
-- Installing: /Users/jake/dev/jsavin/Frontier/third_party/cmake-src/../cmake-install/share/cmake-3.29/Help/variable/CMAKE_FIND_ROOT_PATH_MODE_LIBRARY.rst
-- Installing: /Users/jake/dev/jsavin/Frontier/third_party/cmake-src/../cmake-install/share/cmake-3.29/Help/variable/IGNORE_SEARCH_PREFIX.txt
-- Installing: /Users/jake/dev/jsavin/Frontier/third_party/cmake-src/../cmake-install/share/cmake-3.29/Help/variable/CMAKE_PROJECT_VERSION_TWEAK.rst
-- Installing: /Users/jake/dev/jsavin/Frontier/third_party/cmake-src/../cmake-install/share/cmake-3.29/Help/variable/CMAKE_VS_PLATFORM_TOOLSET_CUDA_CUSTOM_DIR.rst
-- Installing: /Users/jake/dev/jsavin/Frontier/third_party/cmake-src/../cmake-install/share/cmake-3.29/Help/variable/CMAKE_IOS_INSTALL_COMBINED.rst
-- Installing: /Users/jake/dev/jsavin/Frontier/third_party/cmake-src/../cmake-install/share/cmake-3.29/Help/variable/CMAKE_LANG_LINKER_LAUNCHER.rst
-- Installing: /Users/jake/dev/jsavin/Frontier/third_party/cmake-src/../cmake-install/share/cmake-3.29/Help/variable/CMAKE_FIND_PACKAGE_TARGETS_GLOBAL.rst
-- Installing: /Users/jake/dev/jsavin/Frontier/third_party/cmake-src/../cmake-install/share/cmake-3.29/Help/variable/CMAKE_LINK_DEF_FILE_FLAG.rst
-- Installing: /Users/jake/dev/jsavin/Frontier/third_party/cmake-src/../cmake-install/share/cmake-3.29/Help/variable/CMAKE_ANDROID_NDK_TOOLCHAIN_HOST_TAG.rst
-- Installing: /Users/jake/dev/jsavin/Frontier/third_party/cmake-src/../cmake-install/share/cmake-3.29/Help/variable/CMAKE_INTERNAL_PLATFORM_ABI.rst
-- Installing: /Users/jake/dev/jsavin/Frontier/third_party/cmake-src/../cmake-install/share/cmake-3.29/Help/variable/MSVC60.rst
-- Installing: /Users/jake/dev/jsavin/Frontier/third_party/cmake-src/../cmake-install/share/cmake-3.29/Help/variable/CMAKE_LANG_SIZEOF_DATA_PTR.rst
-- Installing: /Users/jake/dev/jsavin/Frontier/third_party/cmake-src/../cmake-install/share/cmake-3.29/Help/variable/CTEST_GIT_UPDATE_OPTIONS.rst
-- Installing: /Users/jake/dev/jsavin/Frontier/third_party/cmake-src/../cmake-install/share/cmake-3.29/Help/variable/CMAKE_PROJECT_VERSION_MINOR.rst
-- Installing: /Users/jake/dev/jsavin/Frontier/third_party/cmake-src/../cmake-install/share/cmake-3.29/Help/variable/CMAKE_POSITION_INDEPENDENT_CODE.rst
-- Installing: /Users/jake/dev/jsavin/Frontier/third_party/cmake-src/../cmake-install/share/cmake-3.29/Help/variable/CMAKE_STATIC_LIBRARY_SUFFIX.rst
-- Installing: /Users/jake/dev/jsavin/Frontier/third_party/cmake-src/../cmake-install/share/cmake-3.29/Help/variable/CMAKE_Fortran_MODOUT_FLAG.rst
-- Installing: /Users/jake/dev/jsavin/Frontier/third_party/cmake-src/../cmake-install/share/cmake-3.29/Help/variable/CMAKE_CROSS_CONFIGS.rst
-- Installing: /Users/jake/dev/jsavin/Frontier/third_party/cmake-src/../cmake-install/share/cmake-3.29/Help/variable/CTEST_BZR_COMMAND.rst
-- Installing: /Users/jake/dev/jsavin/Frontier/third_party/cmake-src/../cmake-install/share/cmake-3.29/Help/variable/CMAKE_SKIP_BUILD_RPATH.rst
-- Installing: /Users/jake/dev/jsavin/Frontier/third_party/cmake-src/../cmake-install/share/cmake-3.29/Help/variable/CPACK_COMPONENT_INCLUDE_TOPLEVEL_DIRECTORY.rst
-- Installing: /Users/jake/dev/jsavin/Frontier/third_party/cmake-src/../cmake-install/share/cmake-3.29/Help/variable/CTEST_CVS_CHECKOUT.rst
-- Installing: /Users/jake/dev/jsavin/Frontier/third_party/cmake-src/../cmake-install/share/cmake-3.29/Help/variable/CMAKE_LIBRARY_OUTPUT_DIRECTORY_CONFIG.rst
-- Installing: /Users/jake/dev/jsavin/Frontier/third_party/cmake-src/../cmake-install/share/cmake-3.29/Help/variable/CMAKE_DL_LIBS.rst
-- Installing: /Users/jake/dev/jsavin/Frontier/third_party/cmake-src/../cmake-install/share/cmake-3.29/Help/variable/CMAKE_ANDROID_RTTI.rst
-- Installing: /Users/jake/dev/jsavin/Frontier/third_party/cmake-src/../cmake-install/share/cmake-3.29/Help/variable/CMAKE_ISPC_INSTRUCTION_SETS.rst
-- Installing: /Users/jake/dev/jsavin/Frontier/third_party/cmake-src/../cmake-install/share/cmake-3.29/Help/variable/CMAKE_CURRENT_LIST_FILE.rst
-- Installing: /Users/jake/dev/jsavin/Frontier/third_party/cmake-src/../cmake-install/share/cmake-3.29/Help/variable/CMAKE_ARCHIVE_OUTPUT_DIRECTORY_CONFIG.rst
-- Installing: /Users/jake/dev/jsavin/Frontier/third_party/cmake-src/../cmake-install/share/cmake-3.29/Help/variable/CMAKE_HIP_PLATFORM.rst
-- Installing: /Users/jake/dev/jsavin/Frontier/third_party/cmake-src/../cmake-install/share/cmake-3.29/Help/variable/CMAKE_C_EXTENSIONS.rst
-- Installing: /Users/jake/dev/jsavin/Frontier/third_party/cmake-src/../cmake-install/share/cmake-3.29/Help/variable/CMAKE_GENERATOR_TOOLSET.rst
-- Installing: /Users/jake/dev/jsavin/Frontier/third_party/cmake-src/../cmake-install/share/cmake-3.29/Help/variable/CMAKE_HOME_DIRECTORY.rst
-- Installing: /Users/jake/dev/jsavin/Frontier/third_party/cmake-src/../cmake-install/share/cmake-3.29/Help/variable/CMAKE_VS_SDK_INCLUDE_DIRECTORIES.rst
-- Installing: /Users/jake/dev/jsavin/Frontier/third_party/cmake-src/../cmake-install/share/cmake-3.29/Help/variable/CMAKE_LINK_DIRECTORIES_BEFORE.rst
-- Installing: /Users/jake/dev/jsavin/Frontier/third_party/cmake-src/../cmake-install/share/cmake-3.29/Help/variable/CTEST_CVS_COMMAND.rst
-- Installing: /Users/jake/dev/jsavin/Frontier/third_party/cmake-src/../cmake-install/share/cmake-3.29/Help/variable/CMAKE_EXPORT_FIND_PACKAGE_NAME.rst
-- Installing: /Users/jake/dev/jsavin/Frontier/third_party/cmake-src/../cmake-install/share/cmake-3.29/Help/variable/CMAKE_SKIP_INSTALL_ALL_DEPENDENCY.rst
-- Installing: /Users/jake/dev/jsavin/Frontier/third_party/cmake-src/../cmake-install/share/cmake-3.29/Help/variable/CMAKE_LANG_COMPILER_VERSION_INTERNAL.rst
-- Installing: /Users/jake/dev/jsavin/Frontier/third_party/cmake-src/../cmake-install/share/cmake-3.29/Help/variable/CMAKE_LIBRARY_PATH.rst
-- Installing: /Users/jake/dev/jsavin/Frontier/third_party/cmake-src/../cmake-install/share/cmake-3.29/Help/variable/CMAKE_C_STANDARD.rst
-- Installing: /Users/jake/dev/jsavin/Frontier/third_party/cmake-src/../cmake-install/share/cmake-3.29/Help/variable/PROJECT_VERSION_MINOR.rst
-- Installing: /Users/jake/dev/jsavin/Frontier/third_party/cmake-src/../cmake-install/share/cmake-3.29/Help/variable/MSVC_TOOLSET_VERSION.rst
-- Installing: /Users/jake/dev/jsavin/Frontier/third_party/cmake-src/../cmake-install/share/cmake-3.29/Help/variable/CMAKE_LINK_DEPENDS_NO_SHARED.rst
-- Installing: /Users/jake/dev/jsavin/Frontier/third_party/cmake-src/../cmake-install/share/cmake-3.29/Help/variable/CMAKE_SYSTEM_FRAMEWORK_PATH.rst
-- Installing: /Users/jake/dev/jsavin/Frontier/third_party/cmake-src/../cmake-install/share/cmake-3.29/Help/variable/IGNORE_SEARCH_PATH.txt
-- Installing: /Users/jake/dev/jsavin/Frontier/third_party/cmake-src/../cmake-install/share/cmake-3.29/Help/variable/CMAKE_SKIP_RPATH.rst
-- Installing: /Users/jake/dev/jsavin/Frontier/third_party/cmake-src/../cmake-install/share/cmake-3.29/Help/variable/CMAKE_ANDROID_NDK_DEPRECATED_HEADERS.rst
-- Installing: /Users/jake/dev/jsavin/Frontier/third_party/cmake-src/../cmake-install/share/cmake-3.29/Help/variable/CMAKE_AUTOGEN_COMMAND_LINE_LENGTH_MAX.rst
-- Installing: /Users/jake/dev/jsavin/Frontier/third_party/cmake-src/../cmake-install/share/cmake-3.29/Help/variable/CTEST_COVERAGE_COMMAND.rst
-- Installing: /Users/jake/dev/jsavin/Frontier/third_party/cmake-src/../cmake-install/share/cmake-3.29/Help/variable/CMAKE_MATCH_n.rst
-- Installing: /Users/jake/dev/jsavin/Frontier/third_party/cmake-src/../cmake-install/share/cmake-3.29/Help/variable/PROJECT_VERSION_TWEAK.rst
-- Installing: /Users/jake/dev/jsavin/Frontier/third_party/cmake-src/../cmake-install/share/cmake-3.29/Help/variable/CMAKE_AUTOUIC_OPTIONS.rst
-- Installing: /Users/jake/dev/jsavin/Frontier/third_party/cmake-src/../cmake-install/share/cmake-3.29/Help/variable/CMAKE_PROJECT_VERSION_PATCH.rst
-- Installing: /Users/jake/dev/jsavin/Frontier/third_party/cmake-src/../cmake-install/share/cmake-3.29/Help/variable/PROJECT_IS_TOP_LEVEL.rst
-- Installing: /Users/jake/dev/jsavin/Frontier/third_party/cmake-src/../cmake-install/share/cmake-3.29/Help/variable/CTEST_RUN_CURRENT_SCRIPT.rst
-- Installing: /Users/jake/dev/jsavin/Frontier/third_party/cmake-src/../cmake-install/share/cmake-3.29/Help/variable/CMAKE_EXE_LINKER_FLAGS.rst
-- Installing: /Users/jake/dev/jsavin/Frontier/third_party/cmake-src/../cmake-install/share/cmake-3.29/Help/variable/CMAKE_GNUtoMS.rst
-- Installing: /Users/jake/dev/jsavin/Frontier/third_party/cmake-src/../cmake-install/share/cmake-3.29/Help/variable/CMAKE_PROJECT_PROJECT-NAME_INCLUDE.rst
-- Installing: /Users/jake/dev/jsavin/Frontier/third_party/cmake-src/../cmake-install/share/cmake-3.29/Help/variable/CMAKE_CXX_SCAN_FOR_MODULES.rst
-- Installing: /Users/jake/dev/jsavin/Frontier/third_party/cmake-src/../cmake-install/share/cmake-3.29/Help/variable/CTEST_CONFIGURATION_TYPE.rst
-- Installing: /Users/jake/dev/jsavin/Frontier/third_party/cmake-src/../cmake-install/share/cmake-3.29/Help/variable/CTEST_CUSTOM_ERROR_POST_CONTEXT.rst
-- Installing: /Users/jake/dev/jsavin/Frontier/third_party/cmake-src/../cmake-install/share/cmake-3.29/Help/variable/CMAKE_EXE_LINKER_FLAGS_CONFIG_INIT.rst
-- Installing: /Users/jake/dev/jsavin/Frontier/third_party/cmake-src/../cmake-install/share/cmake-3.29/Help/variable/CMAKE_EXECUTABLE_ENABLE_EXPORTS.rst
-- Installing: /Users/jake/dev/jsavin/Frontier/third_party/cmake-src/../cmake-install/share/cmake-3.29/Help/variable/CMAKE_OSX_VARIABLE.txt
-- Installing: /Users/jake/dev/jsavin/Frontier/third_party/cmake-src/../cmake-install/share/cmake-3.29/Help/variable/CMAKE_PATCH_VERSION.rst
-- Installing: /Users/jake/dev/jsavin/Frontier/third_party/cmake-src/../cmake-install/share/cmake-3.29/Help/variable/CMAKE_DEPENDS_IN_PROJECT_ONLY.rst
-- Installing: /Users/jake/dev/jsavin/Frontier/third_party/cmake-src/../cmake-install/share/cmake-3.29/Help/variable/CMAKE_LANG_COMPILER_ABI.rst
-- Installing: /Users/jake/dev/jsavin/Frontier/third_party/cmake-src/../cmake-install/share/cmake-3.29/Help/variable/CMAKE_XCODE_SCHEME_WORKING_DIRECTORY.rst
-- Installing: /Users/jake/dev/jsavin/Frontier/third_party/cmake-src/../cmake-install/share/cmake-3.29/Help/variable/WIN32.rst
-- Installing: /Users/jake/dev/jsavin/Frontier/third_party/cmake-src/../cmake-install/share/cmake-3.29/Help/variable/CMAKE_RULE_MESSAGES.rst
-- Installing: /Users/jake/dev/jsavin/Frontier/third_party/cmake-src/../cmake-install/share/cmake-3.29/Help/variable/CTEST_DROP_SITE.rst
-- Installing: /Users/jake/dev/jsavin/Frontier/third_party/cmake-src/../cmake-install/share/cmake-3.29/Help/variable/CMAKE_Fortran_MODDIR_FLAG.rst
-- Installing: /Users/jake/dev/jsavin/Frontier/third_party/cmake-src/../cmake-install/share/cmake-3.29/Help/variable/CMAKE_STATIC_LINKER_FLAGS.rst
-- Installing: /Users/jake/dev/jsavin/Frontier/third_party/cmake-src/../cmake-install/share/cmake-3.29/Help/variable/CMAKE_SHARED_LIBRARY_SUFFIX.rst
-- Installing: /Users/jake/dev/jsavin/Frontier/third_party/cmake-src/../cmake-install/share/cmake-3.29/Help/variable/CMAKE_FIND_PACKAGE_SORT_DIRECTION.rst
-- Installing: /Users/jake/dev/jsavin/Frontier/third_party/cmake-src/../cmake-install/share/cmake-3.29/Help/variable/LINKER_PREDEFINED_TYPES.txt
-- Installing: /Users/jake/dev/jsavin/Frontier/third_party/cmake-src/../cmake-install/share/cmake-3.29/Help/variable/CMAKE_APPBUNDLE_PATH.rst
-- Installing: /Users/jake/dev/jsavin/Frontier/third_party/cmake-src/../cmake-install/share/cmake-3.29/Help/variable/CMAKE_SYSTEM_PROCESSOR.rst
-- Installing: /Users/jake/dev/jsavin/Frontier/third_party/cmake-src/../cmake-install/share/cmake-3.29/Help/variable/CMAKE_CXX_STANDARD_REQUIRED.rst
-- Installing: /Users/jake/dev/jsavin/Frontier/third_party/cmake-src/../cmake-install/share/cmake-3.29/Help/variable/CMAKE_TLS_VERIFY.rst
-- Installing: /Users/jake/dev/jsavin/Frontier/third_party/cmake-src/../cmake-install/share/cmake-3.29/Help/variable/CMAKE_OSX_ARCHITECTURES.rst
-- Installing: /Users/jake/dev/jsavin/Frontier/third_party/cmake-src/../cmake-install/share/cmake-3.29/Help/variable/CMAKE_MAKE_PROGRAM.rst
-- Installing: /Users/jake/dev/jsavin/Frontier/third_party/cmake-src/../cmake-install/share/cmake-3.29/Help/variable/CMAKE_VS_NsightTegra_VERSION.rst
-- Installing: /Users/jake/dev/jsavin/Frontier/third_party/cmake-src/../cmake-install/share/cmake-3.29/Help/variable/CMAKE_AUTOGEN_ORIGIN_DEPENDS.rst
-- Installing: /Users/jake/dev/jsavin/Frontier/third_party/cmake-src/../cmake-install/share/cmake-3.29/Help/variable/CMAKE_ANDROID_SECURE_PROPS_PATH.rst
-- Installing: /Users/jake/dev/jsavin/Frontier/third_party/cmake-src/../cmake-install/share/cmake-3.29/Help/variable/CMAKE_SYSROOT_COMPILE.rst
-- Installing: /Users/jake/dev/jsavin/Frontier/third_party/cmake-src/../cmake-install/share/cmake-3.29/Help/variable/CTEST_BUILD_COMMAND.rst
-- Installing: /Users/jake/dev/jsavin/Frontier/third_party/cmake-src/../cmake-install/share/cmake-3.29/Help/variable/CMAKE_LANG_COMPILER_PREDEFINES_COMMAND.rst
-- Installing: /Users/jake/dev/jsavin/Frontier/third_party/cmake-src/../cmake-install/share/cmake-3.29/Help/variable/CMAKE_VISIBILITY_INLINES_HIDDEN.rst
-- Installing: /Users/jake/dev/jsavin/Frontier/third_party/cmake-src/../cmake-install/share/cmake-3.29/Help/variable/CMAKE_VS_DEBUGGER_ENVIRONMENT.rst
-- Installing: /Users/jake/dev/jsavin/Frontier/third_party/cmake-src/../cmake-install/share/cmake-3.29/Help/variable/CMAKE_CFG_INTDIR.rst
-- Installing: /Users/jake/dev/jsavin/Frontier/third_party/cmake-src/../cmake-install/share/cmake-3.29/Help/variable/CMAKE_MODULE_LINKER_FLAGS_CONFIG.rst
-- Installing: /Users/jake/dev/jsavin/Frontier/third_party/cmake-src/../cmake-install/share/cmake-3.29/Help/variable/CMAKE_LANG_CPPLINT.rst
-- Installing: /Users/jake/dev/jsavin/Frontier/third_party/cmake-src/../cmake-install/share/cmake-3.29/Help/variable/CMAKE_IMPORT_LIBRARY_SUFFIX.rst
-- Installing: /Users/jake/dev/jsavin/Frontier/third_party/cmake-src/../cmake-install/share/cmake-3.29/Help/variable/CMAKE_LANG_FLAGS_INIT.rst
-- Installing: /Users/jake/dev/jsavin/Frontier/third_party/cmake-src/../cmake-install/share/cmake-3.29/Help/variable/CTEST_DROP_SITE_CDASH.rst
-- Installing: /Users/jake/dev/jsavin/Frontier/third_party/cmake-src/../cmake-install/share/cmake-3.29/Help/variable/CMAKE_PDB_OUTPUT_DIRECTORY.rst
-- Installing: /Users/jake/dev/jsavin/Frontier/third_party/cmake-src/../cmake-install/share/cmake-3.29/Help/variable/CMAKE_ERROR_DEPRECATED.rst
-- Installing: /Users/jake/dev/jsavin/Frontier/third_party/cmake-src/../cmake-install/share/cmake-3.29/Help/variable/CMAKE_LANG_FLAGS_RELEASE_INIT.rst
-- Installing: /Users/jake/dev/jsavin/Frontier/third_party/cmake-src/../cmake-install/share/cmake-3.29/Help/variable/MSVC90.rst
-- Installing: /Users/jake/dev/jsavin/Frontier/third_party/cmake-src/../cmake-install/share/cmake-3.29/Help/variable/IOS.rst
-- Installing: /Users/jake/dev/jsavin/Frontier/third_party/cmake-src/../cmake-install/share/cmake-3.29/Help/variable/MSVC80.rst
-- Installing: /Users/jake/dev/jsavin/Frontier/third_party/cmake-src/../cmake-install/share/cmake-3.29/Help/variable/CMAKE_CURRENT_FUNCTION.rst
-- Installing: /Users/jake/dev/jsavin/Frontier/third_party/cmake-src/../cmake-install/share/cmake-3.29/Help/variable/CMAKE_LINK_SEARCH_END_STATIC.rst
-- Installing: /Users/jake/dev/jsavin/Frontier/third_party/cmake-src/../cmake-install/share/cmake-3.29/Help/variable/CTEST_NIGHTLY_START_TIME.rst
-- Installing: /Users/jake/dev/jsavin/Frontier/third_party/cmake-src/../cmake-install/share/cmake-3.29/Help/variable/CMAKE_TLS_CAINFO.rst
-- Installing: /Users/jake/dev/jsavin/Frontier/third_party/cmake-src/../cmake-install/share/cmake-3.29/Help/variable/CMAKE_OBJCXX_STANDARD.rst
-- Installing: /Users/jake/dev/jsavin/Frontier/third_party/cmake-src/../cmake-install/share/cmake-3.29/Help/variable/CMAKE_COMPILE_WARNING_AS_ERROR.rst
-- Installing: /Users/jake/dev/jsavin/Frontier/third_party/cmake-src/../cmake-install/share/cmake-3.29/Help/variable/CMAKE_AUTOGEN_USE_SYSTEM_INCLUDE.rst
-- Installing: /Users/jake/dev/jsavin/Frontier/third_party/cmake-src/../cmake-install/share/cmake-3.29/Help/variable/CMAKE_ANDROID_ARCH.rst
-- Installing: /Users/jake/dev/jsavin/Frontier/third_party/cmake-src/../cmake-install/share/cmake-3.29/Help/variable/CMAKE_INSTALL_DEFAULT_COMPONENT_NAME.rst
-- Installing: /Users/jake/dev/jsavin/Frontier/third_party/cmake-src/../cmake-install/share/cmake-3.29/Help/variable/CMAKE_VS_PLATFORM_NAME.rst
-- Installing: /Users/jake/dev/jsavin/Frontier/third_party/cmake-src/../cmake-install/share/cmake-3.29/Help/variable/CMAKE_ECLIPSE_VERSION.rst
-- Installing: /Users/jake/dev/jsavin/Frontier/third_party/cmake-src/../cmake-install/share/cmake-3.29/Help/variable/CMAKE_SIZEOF_VOID_P.rst
-- Installing: /Users/jake/dev/jsavin/Frontier/third_party/cmake-src/../cmake-install/share/cmake-3.29/Help/variable/CMAKE_AUTOMOC_EXECUTABLE.rst
-- Installing: /Users/jake/dev/jsavin/Frontier/third_party/cmake-src/../cmake-install/share/cmake-3.29/Help/variable/CMAKE_HOST_LINUX.rst
-- Installing: /Users/jake/dev/jsavin/Frontier/third_party/cmake-src/../cmake-install/share/cmake-3.29/Help/variable/UNIX.rst
-- Installing: /Users/jake/dev/jsavin/Frontier/third_party/cmake-src/../cmake-install/share/cmake-3.29/Help/variable/CTEST_UPDATE_OPTIONS.rst
-- Installing: /Users/jake/dev/jsavin/Frontier/third_party/cmake-src/../cmake-install/share/cmake-3.29/Help/variable/CMAKE_MINIMUM_REQUIRED_VERSION.rst
-- Installing: /Users/jake/dev/jsavin/Frontier/third_party/cmake-src/../cmake-install/share/cmake-3.29/Help/variable/CMAKE_FIND_USE_CMAKE_ENVIRONMENT_PATH.rst
-- Installing: /Users/jake/dev/jsavin/Frontier/third_party/cmake-src/../cmake-install/share/cmake-3.29/Help/variable/CMAKE_Swift_NUM_THREADS.rst
-- Installing: /Users/jake/dev/jsavin/Frontier/third_party/cmake-src/../cmake-install/share/cmake-3.29/Help/variable/CMAKE_Fortran_FORMAT.rst
-- Installing: /Users/jake/dev/jsavin/Frontier/third_party/cmake-src/../cmake-install/share/cmake-3.29/Help/variable/PROJECT_VERSION.rst
-- Installing: /Users/jake/dev/jsavin/Frontier/third_party/cmake-src/../cmake-install/share/cmake-3.29/Help/variable/APPLE.rst
-- Installing: /Users/jake/dev/jsavin/Frontier/third_party/cmake-src/../cmake-install/share/cmake-3.29/Help/variable/CMAKE_LANG_LINK_LIBRARY_FLAG.rst
-- Installing: /Users/jake/dev/jsavin/Frontier/third_party/cmake-src/../cmake-install/share/cmake-3.29/Help/variable/CMAKE_USER_MAKE_RULES_OVERRIDE_LANG.rst
-- Installing: /Users/jake/dev/jsavin/Frontier/third_party/cmake-src/../cmake-install/share/cmake-3.29/Help/variable/PROJECT-NAME_VERSION_PATCH.rst
-- Installing: /Users/jake/dev/jsavin/Frontier/third_party/cmake-src/../cmake-install/share/cmake-3.29/Help/variable/CMAKE_CURRENT_FUNCTION_LIST_LINE.rst
-- Installing: /Users/jake/dev/jsavin/Frontier/third_party/cmake-src/../cmake-install/share/cmake-3.29/Help/variable/CMAKE_ECLIPSE_GENERATE_SOURCE_PROJECT.rst
-- Installing: /Users/jake/dev/jsavin/Frontier/third_party/cmake-src/../cmake-install/share/cmake-3.29/Help/variable/CMAKE_ANDROID_NDK_TOOLCHAIN_VERSION.rst
-- Installing: /Users/jake/dev/jsavin/Frontier/third_party/cmake-src/../cmake-install/share/cmake-3.29/Help/variable/CMAKE_DOTNET_SDK.rst
-- Installing: /Users/jake/dev/jsavin/Frontier/third_party/cmake-src/../cmake-install/share/cmake-3.29/Help/variable/CMAKE_VS_PLATFORM_TOOLSET_VERSION.rst
-- Installing: /Users/jake/dev/jsavin/Frontier/third_party/cmake-src/../cmake-install/share/cmake-3.29/Help/variable/CMAKE_XCODE_SCHEME_THREAD_SANITIZER.rst
-- Installing: /Users/jake/dev/jsavin/Frontier/third_party/cmake-src/../cmake-install/share/cmake-3.29/Help/variable/CMAKE_SKIP_TEST_ALL_DEPENDENCY.rst
-- Installing: /Users/jake/dev/jsavin/Frontier/third_party/cmake-src/../cmake-install/share/cmake-3.29/Help/variable/CMAKE_PROJECT_DESCRIPTION.rst
-- Installing: /Users/jake/dev/jsavin/Frontier/third_party/cmake-src/../cmake-install/share/cmake-3.29/Help/variable/CMAKE_VS_WINDOWS_TARGET_PLATFORM_MIN_VERSION.rst
-- Installing: /Users/jake/dev/jsavin/Frontier/third_party/cmake-src/../cmake-install/share/cmake-3.29/Help/variable/CMAKE_XCODE_SCHEME_ENABLE_GPU_SHADER_VALIDATION.rst
-- Installing: /Users/jake/dev/jsavin/Frontier/third_party/cmake-src/../cmake-install/share/cmake-3.29/Help/variable/CMAKE_BUILD_WITH_INSTALL_NAME_DIR.rst
-- Installing: /Users/jake/dev/jsavin/Frontier/third_party/cmake-src/../cmake-install/share/cmake-3.29/Help/variable/CMAKE_VS_MSBUILD_COMMAND.rst
-- Installing: /Users/jake/dev/jsavin/Frontier/third_party/cmake-src/../cmake-install/share/cmake-3.29/Help/variable/CMAKE_SHARED_LIBRARY_ENABLE_EXPORTS.rst
-- Installing: /Users/jake/dev/jsavin/Frontier/third_party/cmake-src/../cmake-install/share/cmake-3.29/Help/variable/CMAKE_INSTALL_PREFIX.rst
-- Installing: /Users/jake/dev/jsavin/Frontier/third_party/cmake-src/../cmake-install/share/cmake-3.29/Help/variable/CTEST_UPDATE_COMMAND.rst
-- Installing: /Users/jake/dev/jsavin/Frontier/third_party/cmake-src/../cmake-install/share/cmake-3.29/Help/variable/CMAKE_CURRENT_SOURCE_DIR.rst
-- Installing: /Users/jake/dev/jsavin/Frontier/third_party/cmake-src/../cmake-install/share/cmake-3.29/Help/variable/BSD.rst
-- Installing: /Users/jake/dev/jsavin/Frontier/third_party/cmake-src/../cmake-install/share/cmake-3.29/Help/variable/CMAKE_BACKWARDS_COMPATIBILITY.rst
-- Installing: /Users/jake/dev/jsavin/Frontier/third_party/cmake-src/../cmake-install/share/cmake-3.29/Help/variable/CMAKE_LINK_LIBRARY_USING_FEATURE.txt
-- Installing: /Users/jake/dev/jsavin/Frontier/third_party/cmake-src/../cmake-install/share/cmake-3.29/Help/variable/CMAKE_SOURCE_DIR.rst
-- Installing: /Users/jake/dev/jsavin/Frontier/third_party/cmake-src/../cmake-install/share/cmake-3.29/Help/variable/CMAKE_LANG_COMPILER_ARCHITECTURE_ID.rst
-- Installing: /Users/jake/dev/jsavin/Frontier/third_party/cmake-src/../cmake-install/share/cmake-3.29/Help/variable/CMAKE_SYSTEM_VERSION.rst
-- Installing: /Users/jake/dev/jsavin/Frontier/third_party/cmake-src/../cmake-install/share/cmake-3.29/Help/variable/CMAKE_ENABLE_EXPORTS.rst
-- Installing: /Users/jake/dev/jsavin/Frontier/third_party/cmake-src/../cmake-install/share/cmake-3.29/Help/variable/CMAKE_ANDROID_ARM_NEON.rst
-- Installing: /Users/jake/dev/jsavin/Frontier/third_party/cmake-src/../cmake-install/share/cmake-3.29/Help/variable/CMAKE_CODELITE_USE_TARGETS.rst
-- Installing: /Users/jake/dev/jsavin/Frontier/third_party/cmake-src/../cmake-install/share/cmake-3.29/Help/variable/CMAKE_LANG_ANDROID_TOOLCHAIN_MACHINE.rst
-- Installing: /Users/jake/dev/jsavin/Frontier/third_party/cmake-src/../cmake-install/share/cmake-3.29/Help/variable/CTEST_EXTRA_COVERAGE_GLOB.rst
-- Installing: /Users/jake/dev/jsavin/Frontier/third_party/cmake-src/../cmake-install/share/cmake-3.29/Help/variable/CMAKE_BINARY_DIR.rst
-- Installing: /Users/jake/dev/jsavin/Frontier/third_party/cmake-src/../cmake-install/share/cmake-3.29/Help/variable/CMAKE_CURRENT_BINARY_DIR.rst
-- Installing: /Users/jake/dev/jsavin/Frontier/third_party/cmake-src/../cmake-install/share/cmake-3.29/Help/variable/CMAKE_INSTALL_MESSAGE.rst
-- Installing: /Users/jake/dev/jsavin/Frontier/third_party/cmake-src/../cmake-install/share/cmake-3.29/Help/variable/CMAKE_LANG_CLANG_TIDY_EXPORT_FIXES_DIR.rst
-- Installing: /Users/jake/dev/jsavin/Frontier/third_party/cmake-src/../cmake-install/share/cmake-3.29/Help/variable/CMAKE_ISPC_HEADER_DIRECTORY.rst
-- Installing: /Users/jake/dev/jsavin/Frontier/third_party/cmake-src/../cmake-install/share/cmake-3.29/Help/variable/CMAKE_LANG_IMPLICIT_LINK_FRAMEWORK_DIRECTORIES.rst
-- Installing: /Users/jake/dev/jsavin/Frontier/third_party/cmake-src/../cmake-install/share/cmake-3.29/Help/variable/CMAKE_EXE_LINKER_FLAGS_INIT.rst
-- Installing: /Users/jake/dev/jsavin/Frontier/third_party/cmake-src/../cmake-install/share/cmake-3.29/Help/variable/CMAKE_LANG_COMPILER_RANLIB.rst
-- Installing: /Users/jake/dev/jsavin/Frontier/third_party/cmake-src/../cmake-install/share/cmake-3.29/Help/variable/CTEST_SVN_COMMAND.rst
-- Installing: /Users/jake/dev/jsavin/Frontier/third_party/cmake-src/../cmake-install/share/cmake-3.29/Help/variable/CMAKE_TRY_COMPILE_CONFIGURATION.rst
-- Installing: /Users/jake/dev/jsavin/Frontier/third_party/cmake-src/../cmake-install/share/cmake-3.29/Help/variable/CMAKE_SYSTEM_NAME.rst
-- Installing: /Users/jake/dev/jsavin/Frontier/third_party/cmake-src/../cmake-install/share/cmake-3.29/Help/variable/CMAKE_SCRIPT_MODE_FILE.rst
-- Installing: /Users/jake/dev/jsavin/Frontier/third_party/cmake-src/../cmake-install/share/cmake-3.29/Help/variable/CMAKE_JOB_POOLS.rst
-- Installing: /Users/jake/dev/jsavin/Frontier/third_party/cmake-src/../cmake-install/share/cmake-3.29/Help/variable/CMAKE_CUDA_HOST_COMPILER.rst
-- Installing: /Users/jake/dev/jsavin/Frontier/third_party/cmake-src/../cmake-install/share/cmake-3.29/Help/variable/PackageName_ROOT.rst
-- Installing: /Users/jake/dev/jsavin/Frontier/third_party/cmake-src/../cmake-install/share/cmake-3.29/Help/variable/CMAKE_CUDA_STANDARD.rst
-- Installing: /Users/jake/dev/jsavin/Frontier/third_party/cmake-src/../cmake-install/share/cmake-3.29/Help/variable/CTEST_HG_UPDATE_OPTIONS.rst
-- Installing: /Users/jake/dev/jsavin/Frontier/third_party/cmake-src/../cmake-install/share/cmake-3.29/Help/variable/CMAKE_ANDROID_PROGUARD.rst
-- Installing: /Users/jake/dev/jsavin/Frontier/third_party/cmake-src/../cmake-install/share/cmake-3.29/Help/variable/CMAKE_MODULE_LINKER_FLAGS_CONFIG_INIT.rst
-- Installing: /Users/jake/dev/jsavin/Frontier/third_party/cmake-src/../cmake-install/share/cmake-3.29/Help/variable/CMAKE_MFC_FLAG.rst
-- Installing: /Users/jake/dev/jsavin/Frontier/third_party/cmake-src/../cmake-install/share/cmake-3.29/Help/variable/CMAKE_ANDROID_ANT_ADDITIONAL_OPTIONS.rst
-- Installing: /Users/jake/dev/jsavin/Frontier/third_party/cmake-src/../cmake-install/share/cmake-3.29/Help/variable/CTEST_P4_CLIENT.rst
-- Installing: /Users/jake/dev/jsavin/Frontier/third_party/cmake-src/../cmake-install/share/cmake-3.29/Help/variable/CMAKE_MESSAGE_CONTEXT.rst
-- Installing: /Users/jake/dev/jsavin/Frontier/third_party/cmake-src/../cmake-install/share/cmake-3.29/Help/variable/CMAKE_VS_INTEL_Fortran_PROJECT_VERSION.rst
-- Installing: /Users/jake/dev/jsavin/Frontier/third_party/cmake-src/../cmake-install/share/cmake-3.29/Help/variable/CMAKE_ISPC_HEADER_SUFFIX.rst
-- Installing: /Users/jake/dev/jsavin/Frontier/third_party/cmake-src/../cmake-install/share/cmake-3.29/Help/variable/CMAKE_GLOBAL_AUTOGEN_TARGET_NAME.rst
-- Installing: /Users/jake/dev/jsavin/Frontier/third_party/cmake-src/../cmake-install/share/cmake-3.29/Help/variable/CMAKE_LANG_FLAGS_RELEASE.rst
-- Installing: /Users/jake/dev/jsavin/Frontier/third_party/cmake-src/../cmake-install/share/cmake-3.29/Help/variable/CMAKE_JOB_POOL_LINK.rst
-- Installing: /Users/jake/dev/jsavin/Frontier/third_party/cmake-src/../cmake-install/share/cmake-3.29/Help/variable/CTEST_SVN_OPTIONS.rst
-- Installing: /Users/jake/dev/jsavin/Frontier/third_party/cmake-src/../cmake-install/share/cmake-3.29/Help/variable/CMAKE_LANG_CLANG_TIDY.rst
-- Installing: /Users/jake/dev/jsavin/Frontier/third_party/cmake-src/../cmake-install/share/cmake-3.29/Help/variable/CMAKE_LANG_FLAGS_DEBUG_INIT.rst
-- Installing: /Users/jake/dev/jsavin/Frontier/third_party/cmake-src/../cmake-install/share/cmake-3.29/Help/variable/CMAKE_PREFIX_PATH.rst
-- Installing: /Users/jake/dev/jsavin/Frontier/third_party/cmake-src/../cmake-install/share/cmake-3.29/Help/variable/CMAKE_SYSTEM.rst
-- Installing: /Users/jake/dev/jsavin/Frontier/third_party/cmake-src/../cmake-install/share/cmake-3.29/Help/variable/WINDOWS_STORE.rst
-- Installing: /Users/jake/dev/jsavin/Frontier/third_party/cmake-src/../cmake-install/share/cmake-3.29/Help/variable/CMAKE_ANDROID_SKIP_ANT_STEP.rst
-- Installing: /Users/jake/dev/jsavin/Frontier/third_party/cmake-src/../cmake-install/share/cmake-3.29/Help/variable/LINK_GROUP_PREDEFINED_FEATURES.txt
-- Installing: /Users/jake/dev/jsavin/Frontier/third_party/cmake-src/../cmake-install/share/cmake-3.29/Help/variable/CTEST_CUSTOM_WARNING_MATCH.rst
-- Installing: /Users/jake/dev/jsavin/Frontier/third_party/cmake-src/../cmake-install/share/cmake-3.29/Help/variable/CMAKE_AUTOMOC_MOC_OPTIONS.rst
-- Installing: /Users/jake/dev/jsavin/Frontier/third_party/cmake-src/../cmake-install/share/cmake-3.29/Help/variable/CMAKE_DEBUG_TARGET_PROPERTIES.rst
-- Installing: /Users/jake/dev/jsavin/Frontier/third_party/cmake-src/../cmake-install/share/cmake-3.29/Help/variable/PROJECT-NAME_HOMEPAGE_URL.rst
-- Installing: /Users/jake/dev/jsavin/Frontier/third_party/cmake-src/../cmake-install/share/cmake-3.29/Help/variable/CMAKE_SHARED_MODULE_SUFFIX.rst
-- Installing: /Users/jake/dev/jsavin/Frontier/third_party/cmake-src/../cmake-install/share/cmake-3.29/Help/variable/CTEST_CUSTOM_ERROR_EXCEPTION.rst
-- Installing: /Users/jake/dev/jsavin/Frontier/third_party/cmake-src/../cmake-install/share/cmake-3.29/Help/variable/CMAKE_VS_GLOBALS.rst
-- Installing: /Users/jake/dev/jsavin/Frontier/third_party/cmake-src/../cmake-install/share/cmake-3.29/Help/variable/CMAKE_VERBOSE_MAKEFILE.rst
-- Installing: /Users/jake/dev/jsavin/Frontier/third_party/cmake-src/../cmake-install/share/cmake-3.29/Help/variable/CTEST_CUSTOM_MAXIMUM_NUMBER_OF_WARNINGS.rst
-- Installing: /Users/jake/dev/jsavin/Frontier/third_party/cmake-src/../cmake-install/share/cmake-3.29/Help/variable/CTEST_CUSTOM_MEMCHECK_IGNORE.rst
-- Installing: /Users/jake/dev/jsavin/Frontier/third_party/cmake-src/../cmake-install/share/cmake-3.29/Help/variable/CMAKE_LANG_COMPILER_VERSION.rst
-- Installing: /Users/jake/dev/jsavin/Frontier/third_party/cmake-src/../cmake-install/share/cmake-3.29/Help/variable/CMAKE_XCODE_SCHEME_LAUNCH_CONFIGURATION.rst
-- Installing: /Users/jake/dev/jsavin/Frontier/third_party/cmake-src/../cmake-install/share/cmake-3.29/Help/variable/CMAKE_LINK_LIBRARY_USING_FEATURE.rst
-- Installing: /Users/jake/dev/jsavin/Frontier/third_party/cmake-src/../cmake-install/share/cmake-3.29/Help/variable/CMAKE_LANG_EXTENSIONS_DEFAULT.rst
-- Installing: /Users/jake/dev/jsavin/Frontier/third_party/cmake-src/../cmake-install/share/cmake-3.29/Help/variable/CMAKE_BUILD_TOOL.rst
-- Installing: /Users/jake/dev/jsavin/Frontier/third_party/cmake-src/../cmake-install/share/cmake-3.29/Help/variable/CMAKE_CTEST_COMMAND.rst
-- Installing: /Users/jake/dev/jsavin/Frontier/third_party/cmake-src/../cmake-install/share/cmake-3.29/Help/variable/CMAKE_CROSSCOMPILING_EMULATOR.rst
-- Installing: /Users/jake/dev/jsavin/Frontier/third_party/cmake-src/../cmake-install/share/cmake-3.29/Help/variable/CMAKE_SKIP_INSTALL_RPATH.rst
-- Installing: /Users/jake/dev/jsavin/Frontier/third_party/cmake-src/../cmake-install/share/cmake-3.29/Help/variable/CTEST_DROP_SITE_USER.rst
-- Installing: /Users/jake/dev/jsavin/Frontier/third_party/cmake-src/../cmake-install/share/cmake-3.29/Help/variable/CMAKE_SYSTEM_LIBRARY_PATH.rst
-- Installing: /Users/jake/dev/jsavin/Frontier/third_party/cmake-src/../cmake-install/share/cmake-3.29/Help/variable/CMAKE_DIRECTORY_LABELS.rst
-- Installing: /Users/jake/dev/jsavin/Frontier/third_party/cmake-src/../cmake-install/share/cmake-3.29/Help/variable/CMAKE_JOB_POOL_COMPILE.rst
-- Installing: /Users/jake/dev/jsavin/Frontier/third_party/cmake-src/../cmake-install/share/cmake-3.29/Help/variable/CMAKE_UNITY_BUILD_BATCH_SIZE.rst
-- Installing: /Users/jake/dev/jsavin/Frontier/third_party/cmake-src/../cmake-install/share/cmake-3.29/Help/variable/CMAKE_AUTORCC_OPTIONS.rst
-- Installing: /Users/jake/dev/jsavin/Frontier/third_party/cmake-src/../cmake-install/share/cmake-3.29/Help/variable/CMAKE_FIND_ROOT_PATH.rst
-- Installing: /Users/jake/dev/jsavin/Frontier/third_party/cmake-src/../cmake-install/share/cmake-3.29/Help/variable/CMAKE_LANG_FLAGS_MINSIZEREL_INIT.rst
-- Installing: /Users/jake/dev/jsavin/Frontier/third_party/cmake-src/../cmake-install/share/cmake-3.29/Help/variable/CTEST_DROP_LOCATION.rst
-- Installing: /Users/jake/dev/jsavin/Frontier/third_party/cmake-src/../cmake-install/share/cmake-3.29/Help/variable/CMAKE_VS_PLATFORM_TOOLSET.rst
-- Installing: /Users/jake/dev/jsavin/Frontier/third_party/cmake-src/../cmake-install/share/cmake-3.29/Help/variable/CMAKE_ANDROID_GUI.rst
-- Installing: /Users/jake/dev/jsavin/Frontier/third_party/cmake-src/../cmake-install/share/cmake-3.29/Help/variable/CTEST_CUSTOM_XXX.txt
-- Installing: /Users/jake/dev/jsavin/Frontier/third_party/cmake-src/../cmake-install/share/cmake-3.29/Help/variable/CMAKE_KATE_MAKE_ARGUMENTS.rst
-- Installing: /Users/jake/dev/jsavin/Frontier/third_party/cmake-src/../cmake-install/share/cmake-3.29/Help/variable/CMAKE_FIND_USE_CMAKE_PATH.rst
-- Installing: /Users/jake/dev/jsavin/Frontier/third_party/cmake-src/../cmake-install/share/cmake-3.29/Help/variable/CMAKE_OPTIMIZE_DEPENDENCIES.rst
-- Installing: /Users/jake/dev/jsavin/Frontier/third_party/cmake-src/../cmake-install/share/cmake-3.29/Help/variable/CTEST_DROP_METHOD.rst
-- Installing: /Users/jake/dev/jsavin/Frontier/third_party/cmake-src/../cmake-install/share/cmake-3.29/Help/variable/CTEST_SOURCE_DIRECTORY.rst
-- Installing: /Users/jake/dev/jsavin/Frontier/third_party/cmake-src/../cmake-install/share/cmake-3.29/Help/variable/CMAKE_RUNTIME_OUTPUT_DIRECTORY.rst
-- Installing: /Users/jake/dev/jsavin/Frontier/third_party/cmake-src/../cmake-install/share/cmake-3.29/Help/variable/CMAKE_SUBLIME_TEXT_2_EXCLUDE_BUILD_TREE.rst
-- Installing: /Users/jake/dev/jsavin/Frontier/third_party/cmake-src/../cmake-install/share/cmake-3.29/Help/variable/CMAKE_BUILD_RPATH.rst
-- Installing: /Users/jake/dev/jsavin/Frontier/third_party/cmake-src/../cmake-install/share/cmake-3.29/Help/variable/CMAKE_USE_RELATIVE_PATHS.rst
-- Installing: /Users/jake/dev/jsavin/Frontier/third_party/cmake-src/../cmake-install/share/cmake-3.29/Help/variable/CMAKE_ANDROID_JAR_DEPENDENCIES.rst
-- Installing: /Users/jake/dev/jsavin/Frontier/third_party/cmake-src/../cmake-install/share/cmake-3.29/Help/variable/CTEST_TEST_LOAD.rst
-- Installing: /Users/jake/dev/jsavin/Frontier/third_party/cmake-src/../cmake-install/share/cmake-3.29/Help/variable/CMAKE_CONFIG_POSTFIX.rst
-- Installing: /Users/jake/dev/jsavin/Frontier/third_party/cmake-src/../cmake-install/share/cmake-3.29/Help/variable/CMAKE_LANG_ANDROID_TOOLCHAIN_PREFIX.rst
-- Installing: /Users/jake/dev/jsavin/Frontier/third_party/cmake-src/../cmake-install/share/cmake-3.29/Help/variable/CTEST_MEMORYCHECK_COMMAND_OPTIONS.rst
-- Installing: /Users/jake/dev/jsavin/Frontier/third_party/cmake-src/../cmake-install/share/cmake-3.29/Help/variable/CMAKE_LANG_LINKER_WRAPPER_FLAG.rst
-- Installing: /Users/jake/dev/jsavin/Frontier/third_party/cmake-src/../cmake-install/share/cmake-3.29/Help/variable/CMAKE_Swift_MODULE_DIRECTORY.rst
-- Installing: /Users/jake/dev/jsavin/Frontier/third_party/cmake-src/../cmake-install/share/cmake-3.29/Help/variable/CMAKE_REQUIRE_FIND_PACKAGE_PackageName.rst
-- Installing: /Users/jake/dev/jsavin/Frontier/third_party/cmake-src/../cmake-install/share/cmake-3.29/Help/variable/CMAKE_LANG_ARCHIVE_CREATE.rst
-- Installing: /Users/jake/dev/jsavin/Frontier/third_party/cmake-src/../cmake-install/share/cmake-3.29/Help/variable/CMAKE_C_COMPILE_FEATURES.rst
-- Installing: /Users/jake/dev/jsavin/Frontier/third_party/cmake-src/../cmake-install/share/cmake-3.29/Help/variable/CMAKE_INCLUDE_DIRECTORIES_BEFORE.rst
-- Installing: /Users/jake/dev/jsavin/Frontier/third_party/cmake-src/../cmake-install/share/cmake-3.29/Help/variable/CMAKE_SYSTEM_IGNORE_PATH.rst
-- Installing: /Users/jake/dev/jsavin/Frontier/third_party/cmake-src/../cmake-install/share/cmake-3.29/Help/variable/CMAKE_VS_TARGET_FRAMEWORK_IDENTIFIER.rst
-- Installing: /Users/jake/dev/jsavin/Frontier/third_party/cmake-src/../cmake-install/share/cmake-3.29/Help/variable/CTEST_CUSTOM_TEST_OUTPUT_TRUNCATION.rst
-- Installing: /Users/jake/dev/jsavin/Frontier/third_party/cmake-src/../cmake-install/share/cmake-3.29/Help/variable/CTEST_CUSTOM_POST_MEMCHECK.rst
-- Installing: /Users/jake/dev/jsavin/Frontier/third_party/cmake-src/../cmake-install/share/cmake-3.29/Help/variable/CTEST_MEMORYCHECK_COMMAND.rst
-- Installing: /Users/jake/dev/jsavin/Frontier/third_party/cmake-src/../cmake-install/share/cmake-3.29/Help/variable/CMAKE_NO_BUILTIN_CHRPATH.rst
-- Installing: /Users/jake/dev/jsavin/Frontier/third_party/cmake-src/../cmake-install/share/cmake-3.29/Help/variable/CTEST_CVS_UPDATE_OPTIONS.rst
-- Installing: /Users/jake/dev/jsavin/Frontier/third_party/cmake-src/../cmake-install/share/cmake-3.29/Help/variable/CMAKE_EXECUTABLE_SUFFIX_LANG.rst
-- Installing: /Users/jake/dev/jsavin/Frontier/third_party/cmake-src/../cmake-install/share/cmake-3.29/Help/variable/CMAKE_HOST_SYSTEM_NAME.rst
-- Installing: /Users/jake/dev/jsavin/Frontier/third_party/cmake-src/../cmake-install/share/cmake-3.29/Help/variable/CMAKE_LANG_PLATFORM_ID.rst
-- Installing: /Users/jake/dev/jsavin/Frontier/third_party/cmake-src/../cmake-install/share/cmake-3.29/Help/variable/CMAKE_ANDROID_NDK.rst
-- Installing: /Users/jake/dev/jsavin/Frontier/third_party/cmake-src/../cmake-install/share/cmake-3.29/Help/variable/CMAKE_XCODE_SCHEME_ENABLE_GPU_FRAME_CAPTURE_MODE.rst
-- Installing: /Users/jake/dev/jsavin/Frontier/third_party/cmake-src/../cmake-install/share/cmake-3.29/Help/variable/CMAKE_CACHE_PATCH_VERSION.rst
-- Installing: /Users/jake/dev/jsavin/Frontier/third_party/cmake-src/../cmake-install/share/cmake-3.29/Help/variable/CMAKE_HOST_UNIX.rst
-- Installing: /Users/jake/dev/jsavin/Frontier/third_party/cmake-src/../cmake-install/share/cmake-3.29/Help/variable/PROJECT-NAME_VERSION.rst
-- Installing: /Users/jake/dev/jsavin/Frontier/third_party/cmake-src/../cmake-install/share/cmake-3.29/Help/variable/CTEST_P4_COMMAND.rst
-- Installing: /Users/jake/dev/jsavin/Frontier/third_party/cmake-src/../cmake-install/share/cmake-3.29/Help/variable/CMAKE_VS_JUST_MY_CODE_DEBUGGING.rst
-- Installing: /Users/jake/dev/jsavin/Frontier/third_party/cmake-src/../cmake-install/share/cmake-3.29/Help/variable/PROJECT_VERSION_MAJOR.rst
-- Installing: /Users/jake/dev/jsavin/Frontier/third_party/cmake-src/../cmake-install/share/cmake-3.29/Help/variable/CMAKE_ECLIPSE_GENERATE_LINKED_RESOURCES.rst
-- Installing: /Users/jake/dev/jsavin/Frontier/third_party/cmake-src/../cmake-install/share/cmake-3.29/Help/variable/CMAKE_CXX_EXTENSIONS.rst
-- Installing: /Users/jake/dev/jsavin/Frontier/third_party/cmake-src/../cmake-install/share/cmake-3.29/Help/variable/CMAKE_LANG_LINKER_PREFERENCE.rst
-- Installing: /Users/jake/dev/jsavin/Frontier/third_party/cmake-src/../cmake-install/share/cmake-3.29/Help/variable/CMAKE_ANDROID_JAR_DIRECTORIES.rst
-- Installing: /Users/jake/dev/jsavin/Frontier/third_party/cmake-src/../cmake-install/share/cmake-3.29/Help/variable/CMAKE_XCODE_SCHEME_DYNAMIC_LIBRARY_LOADS.rst
-- Installing: /Users/jake/dev/jsavin/Frontier/third_party/cmake-src/../cmake-install/share/cmake-3.29/Help/variable/CPACK_WARN_ON_ABSOLUTE_INSTALL_DESTINATION.rst
-- Installing: /Users/jake/dev/jsavin/Frontier/third_party/cmake-src/../cmake-install/share/cmake-3.29/Help/variable/CMAKE_FIND_NO_INSTALL_PREFIX.rst
-- Installing: /Users/jake/dev/jsavin/Frontier/third_party/cmake-src/../cmake-install/share/cmake-3.29/Help/variable/CMAKE_CUDA_RUNTIME_LIBRARY.rst
-- Installing: /Users/jake/dev/jsavin/Frontier/third_party/cmake-src/../cmake-install/share/cmake-3.29/Help/variable/CMAKE_LANG_COMPILER.rst
-- Installing: /Users/jake/dev/jsavin/Frontier/third_party/cmake-src/../cmake-install/share/cmake-3.29/Help/variable/CMAKE_HIP_STANDARD.rst
-- Installing: /Users/jake/dev/jsavin/Frontier/third_party/cmake-src/../cmake-install/share/cmake-3.29/Help/variable/CMAKE_PLATFORM_NO_VERSIONED_SONAME.rst
-- Installing: /Users/jake/dev/jsavin/Frontier/third_party/cmake-src/../cmake-install/share/cmake-3.29/Help/variable/CMAKE_LANG_LINK_WHAT_YOU_USE_FLAG.rst
-- Installing: /Users/jake/dev/jsavin/Frontier/third_party/cmake-src/../cmake-install/share/cmake-3.29/Help/variable/CMAKE_MAP_IMPORTED_CONFIG_CONFIG.rst
-- Installing: /Users/jake/dev/jsavin/Frontier/third_party/cmake-src/../cmake-install/share/cmake-3.29/Help/variable/CTEST_P4_OPTIONS.rst
-- Installing: /Users/jake/dev/jsavin/Frontier/third_party/cmake-src/../cmake-install/share/cmake-3.29/Help/variable/CMAKE_COMPILE_PDB_OUTPUT_DIRECTORY.rst
-- Installing: /Users/jake/dev/jsavin/Frontier/third_party/cmake-src/../cmake-install/share/cmake-3.29/Help/variable/CMAKE_LANG_COMPILE_OBJECT.rst
-- Installing: /Users/jake/dev/jsavin/Frontier/third_party/cmake-src/../cmake-install/share/cmake-3.29/Help/variable/CMAKE_Swift_COMPILATION_MODE.rst
-- Installing: /Users/jake/dev/jsavin/Frontier/third_party/cmake-src/../cmake-install/share/cmake-3.29/Help/variable/CMAKE_MESSAGE_LOG_LEVEL.rst
-- Installing: /Users/jake/dev/jsavin/Frontier/third_party/cmake-src/../cmake-install/share/cmake-3.29/Help/variable/MSVC_IDE.rst
-- Installing: /Users/jake/dev/jsavin/Frontier/third_party/cmake-src/../cmake-install/share/cmake-3.29/Help/variable/CMAKE_VS_DEBUGGER_COMMAND_ARGUMENTS.rst
-- Installing: /Users/jake/dev/jsavin/Frontier/third_party/cmake-src/../cmake-install/share/cmake-3.29/Help/variable/CMAKE_FIND_PACKAGE_NO_PACKAGE_REGISTRY.rst
-- Installing: /Users/jake/dev/jsavin/Frontier/third_party/cmake-src/../cmake-install/share/cmake-3.29/Help/variable/CMAKE_SYSTEM_IGNORE_PREFIX_PATH.rst
-- Installing: /Users/jake/dev/jsavin/Frontier/third_party/cmake-src/../cmake-install/share/cmake-3.29/Help/variable/CMAKE_BUILD_TYPE.rst
-- Installing: /Users/jake/dev/jsavin/Frontier/third_party/cmake-src/../cmake-install/share/cmake-3.29/Help/variable/CMAKE_XCODE_SCHEME_LAUNCH_MODE.rst
-- Installing: /Users/jake/dev/jsavin/Frontier/third_party/cmake-src/../cmake-install/share/cmake-3.29/Help/variable/CYGWIN.rst
-- Installing: /Users/jake/dev/jsavin/Frontier/third_party/cmake-src/../cmake-install/share/cmake-3.29/Help/variable/CMAKE_Fortran_MODULE_DIRECTORY.rst
-- Installing: /Users/jake/dev/jsavin/Frontier/third_party/cmake-src/../cmake-install/share/cmake-3.29/Help/variable/WINCE.rst
-- Installing: /Users/jake/dev/jsavin/Frontier/third_party/cmake-src/../cmake-install/share/cmake-3.29/Help/variable/CMAKE_ANDROID_NATIVE_LIB_DEPENDENCIES.rst
-- Installing: /Users/jake/dev/jsavin/Frontier/third_party/cmake-src/../cmake-install/share/cmake-3.29/Help/variable/CTEST_CUSTOM_PRE_MEMCHECK.rst
-- Installing: /Users/jake/dev/jsavin/Frontier/third_party/cmake-src/../cmake-install/share/cmake-3.29/Help/variable/CMAKE_LANG_COMPILER_LINKER.rst
-- Installing: /Users/jake/dev/jsavin/Frontier/third_party/cmake-src/../cmake-install/share/cmake-3.29/Help/variable/CMAKE_LANG_LIBRARY_ARCHITECTURE.rst
-- Installing: /Users/jake/dev/jsavin/Frontier/third_party/cmake-src/../cmake-install/share/cmake-3.29/Help/variable/CMAKE_ANDROID_JAVA_SOURCE_DIR.rst
-- Installing: /Users/jake/dev/jsavin/Frontier/third_party/cmake-src/../cmake-install/share/cmake-3.29/Help/variable/CMAKE_CL_64.rst
-- Installing: /Users/jake/dev/jsavin/Frontier/third_party/cmake-src/../cmake-install/share/cmake-3.29/Help/variable/CMAKE_APPLE_SILICON_PROCESSOR.rst
-- Installing: /Users/jake/dev/jsavin/Frontier/third_party/cmake-src/../cmake-install/share/cmake-3.29/Help/variable/CMAKE_LANG_COMPILER_ID.rst
-- Installing: /Users/jake/dev/jsavin/Frontier/third_party/cmake-src/../cmake-install/share/cmake-3.29/Help/variable/CMAKE_COMPILER_2005.rst
-- Installing: /Users/jake/dev/jsavin/Frontier/third_party/cmake-src/../cmake-install/share/cmake-3.29/Help/variable/CMAKE_ANDROID_EXCEPTIONS.rst
-- Installing: /Users/jake/dev/jsavin/Frontier/third_party/cmake-src/../cmake-install/share/cmake-3.29/Help/variable/CMAKE_PCH_WARN_INVALID.rst
-- Installing: /Users/jake/dev/jsavin/Frontier/third_party/cmake-src/../cmake-install/share/cmake-3.29/Help/variable/CMAKE_UNITY_BUILD.rst
-- Installing: /Users/jake/dev/jsavin/Frontier/third_party/cmake-src/../cmake-install/share/cmake-3.29/Help/variable/CMAKE_FIND_DEBUG_MODE.rst
-- Installing: /Users/jake/dev/jsavin/Frontier/third_party/cmake-src/../cmake-install/share/cmake-3.29/Help/variable/CTEST_CURL_OPTIONS.rst
-- Installing: /Users/jake/dev/jsavin/Frontier/third_party/cmake-src/../cmake-install/share/cmake-3.29/Help/variable/CMAKE_EXTRA_SHARED_LIBRARY_SUFFIXES.rst
-- Installing: /Users/jake/dev/jsavin/Frontier/third_party/cmake-src/../cmake-install/share/cmake-3.29/Help/variable/CMAKE_EXTRA_GENERATOR.rst
-- Installing: /Users/jake/dev/jsavin/Frontier/third_party/cmake-src/../cmake-install/share/cmake-3.29/Help/variable/CMAKE_ARCHIVE_OUTPUT_DIRECTORY.rst
-- Installing: /Users/jake/dev/jsavin/Frontier/third_party/cmake-src/../cmake-install/share/cmake-3.29/Help/variable/CMAKE_XCODE_BUILD_SYSTEM.rst
-- Installing: /Users/jake/dev/jsavin/Frontier/third_party/cmake-src/../cmake-install/share/cmake-3.29/Help/variable/CMAKE_LANG_COMPILER_FRONTEND_VARIANT.rst
-- Installing: /Users/jake/dev/jsavin/Frontier/third_party/cmake-src/../cmake-install/share/cmake-3.29/Help/variable/CTEST_CUSTOM_MAXIMUM_PASSED_TEST_OUTPUT_SIZE.rst
-- Installing: /Users/jake/dev/jsavin/Frontier/third_party/cmake-src/../cmake-install/share/cmake-3.29/Help/variable/CMAKE_CODEBLOCKS_COMPILER_ID.rst
-- Installing: /Users/jake/dev/jsavin/Frontier/third_party/cmake-src/../cmake-install/share/cmake-3.29/Help/variable/CMAKE_AUTOGEN_BETTER_GRAPH_MULTI_CONFIG.rst
-- Installing: /Users/jake/dev/jsavin/Frontier/third_party/cmake-src/../cmake-install/share/cmake-3.29/Help/variable/CMAKE_UNITY_BUILD_UNIQUE_ID.rst
-- Installing: /Users/jake/dev/jsavin/Frontier/third_party/cmake-src/../cmake-install/share/cmake-3.29/Help/variable/CTEST_TEST_TIMEOUT.rst
-- Installing: /Users/jake/dev/jsavin/Frontier/third_party/cmake-src/../cmake-install/share/cmake-3.29/Help/variable/CMAKE_LANG_LINKER_PREFERENCE_PROPAGATES.rst
-- Installing: /Users/jake/dev/jsavin/Frontier/third_party/cmake-src/../cmake-install/share/cmake-3.29/Help/variable/CMAKE_XCODE_SCHEME_ADDRESS_SANITIZER_USE_AFTER_RETURN.rst
-- Installing: /Users/jake/dev/jsavin/Frontier/third_party/cmake-src/../cmake-install/share/cmake-3.29/Help/variable/CMAKE_INSTALL_PREFIX_INITIALIZED_TO_DEFAULT.rst
-- Installing: /Users/jake/dev/jsavin/Frontier/third_party/cmake-src/../cmake-install/share/cmake-3.29/Help/variable/CMAKE_LANG_LINKER_WRAPPER_FLAG_SEP.rst
-- Installing: /Users/jake/dev/jsavin/Frontier/third_party/cmake-src/../cmake-install/share/cmake-3.29/Help/variable/CMAKE_FIND_USE_CMAKE_SYSTEM_PATH.rst
-- Installing: /Users/jake/dev/jsavin/Frontier/third_party/cmake-src/../cmake-install/share/cmake-3.29/Help/variable/CMAKE_Fortran_PREPROCESS.rst
-- Installing: /Users/jake/dev/jsavin/Frontier/third_party/cmake-src/../cmake-install/share/cmake-3.29/Help/variable/CMAKE_VS_PLATFORM_TOOLSET_CUDA.rst
-- Installing: /Users/jake/dev/jsavin/Frontier/third_party/cmake-src/../cmake-install/share/cmake-3.29/Help/variable/CMAKE_ADSP_ROOT.rst
-- Installing: /Users/jake/dev/jsavin/Frontier/third_party/cmake-src/../cmake-install/share/cmake-3.29/Help/variable/XCODE_VERSION.rst
-- Installing: /Users/jake/dev/jsavin/Frontier/third_party/cmake-src/../cmake-install/share/cmake-3.29/Help/variable/CMAKE_LANG_CREATE_SHARED_MODULE.rst
-- Installing: /Users/jake/dev/jsavin/Frontier/third_party/cmake-src/../cmake-install/share/cmake-3.29/Help/variable/CMAKE_XCODE_SCHEME_DISABLE_MAIN_THREAD_CHECKER.rst
-- Installing: /Users/jake/dev/jsavin/Frontier/third_party/cmake-src/../cmake-install/share/cmake-3.29/Help/variable/CMAKE_FIND_ROOT_PATH_MODE_PROGRAM.rst
-- Installing: /Users/jake/dev/jsavin/Frontier/third_party/cmake-src/../cmake-install/share/cmake-3.29/Help/variable/CMAKE_PARENT_LIST_FILE.rst
-- Installing: /Users/jake/dev/jsavin/Frontier/third_party/cmake-src/../cmake-install/share/cmake-3.29/Help/variable/CMAKE_FIND_USE_SYSTEM_PACKAGE_REGISTRY.rst
-- Installing: /Users/jake/dev/jsavin/Frontier/third_party/cmake-src/../cmake-install/share/cmake-3.29/Help/variable/CMAKE_COMPILER_IS_GNUCXX.rst
-- Installing: /Users/jake/dev/jsavin/Frontier/third_party/cmake-src/../cmake-install/share/cmake-3.29/Help/variable/CMAKE_OBJC_STANDARD_REQUIRED.rst
-- Installing: /Users/jake/dev/jsavin/Frontier/third_party/cmake-src/../cmake-install/share/cmake-3.29/Help/variable/CMAKE_LIBRARY_PATH_FLAG.rst
-- Installing: /Users/jake/dev/jsavin/Frontier/third_party/cmake-src/../cmake-install/share/cmake-3.29/Help/variable/CMAKE_FIND_LIBRARY_CUSTOM_LIB_SUFFIX.rst
-- Installing: /Users/jake/dev/jsavin/Frontier/third_party/cmake-src/../cmake-install/share/cmake-3.29/Help/variable/CMAKE_ANDROID_NATIVE_LIB_DIRECTORIES.rst
-- Installing: /Users/jake/dev/jsavin/Frontier/third_party/cmake-src/../cmake-install/share/cmake-3.29/Help/variable/MINGW.rst
-- Installing: /Users/jake/dev/jsavin/Frontier/third_party/cmake-src/../cmake-install/share/cmake-3.29/Help/variable/CMAKE_CUDA_SEPARABLE_COMPILATION.rst
-- Installing: /Users/jake/dev/jsavin/Frontier/third_party/cmake-src/../cmake-install/share/cmake-3.29/Help/variable/CMAKE_LANG_USING_LINKER_MODE.rst
-- Installing: /Users/jake/dev/jsavin/Frontier/third_party/cmake-src/../cmake-install/share/cmake-3.29/Help/variable/CMAKE_AUTOGEN_VERBOSE.rst
-- Installing: /Users/jake/dev/jsavin/Frontier/third_party/cmake-src/../cmake-install/share/cmake-3.29/Help/variable/CMAKE_LINKER_TYPE.rst
-- Installing: /Users/jake/dev/jsavin/Frontier/third_party/cmake-src/../cmake-install/share/cmake-3.29/Help/variable/CMAKE_CTEST_ARGUMENTS.rst
-- Installing: /Users/jake/dev/jsavin/Frontier/third_party/cmake-src/../cmake-install/share/cmake-3.29/Help/variable/CMAKE_ERROR_ON_ABSOLUTE_INSTALL_DESTINATION.rst
-- Installing: /Users/jake/dev/jsavin/Frontier/third_party/cmake-src/../cmake-install/share/cmake-3.29/Help/variable/CPACK_ERROR_ON_ABSOLUTE_INSTALL_DESTINATION.rst
-- Installing: /Users/jake/dev/jsavin/Frontier/third_party/cmake-src/../cmake-install/share/cmake-3.29/Help/variable/CTEST_CUSTOM_WARNING_EXCEPTION.rst
-- Installing: /Users/jake/dev/jsavin/Frontier/third_party/cmake-src/../cmake-install/share/cmake-3.29/Help/variable/CMAKE_TOOLCHAIN_FILE.rst
-- Installing: /Users/jake/dev/jsavin/Frontier/third_party/cmake-src/../cmake-install/share/cmake-3.29/Help/variable/CMAKE_LANG_FLAGS_MINSIZEREL.rst
-- Installing: /Users/jake/dev/jsavin/Frontier/third_party/cmake-src/../cmake-install/share/cmake-3.29/Help/variable/CMAKE_ANDROID_ASSETS_DIRECTORIES.rst
-- Installing: /Users/jake/dev/jsavin/Frontier/third_party/cmake-src/../cmake-install/share/cmake-3.29/Help/variable/CMAKE_LANG_FLAGS_DEBUG.rst
-- Installing: /Users/jake/dev/jsavin/Frontier/third_party/cmake-src/../cmake-install/share/cmake-3.29/Help/variable/CMAKE_PROJECT_VERSION.rst
-- Installing: /Users/jake/dev/jsavin/Frontier/third_party/cmake-src/../cmake-install/share/cmake-3.29/Help/variable/CMAKE_ANDROID_PROCESS_MAX.rst
-- Installing: /Users/jake/dev/jsavin/Frontier/third_party/cmake-src/../cmake-install/share/cmake-3.29/Help/variable/CMAKE_ANDROID_API_MIN.rst
-- Installing: /Users/jake/dev/jsavin/Frontier/third_party/cmake-src/../cmake-install/share/cmake-3.29/Help/variable/CMAKE_LANG_COMPILER_EXTERNAL_TOOLCHAIN.rst
-- Installing: /Users/jake/dev/jsavin/Frontier/third_party/cmake-src/../cmake-install/share/cmake-3.29/Help/variable/CMAKE_LANG_FLAGS.rst
-- Installing: /Users/jake/dev/jsavin/Frontier/third_party/cmake-src/../cmake-install/share/cmake-3.29/Help/variable/CMAKE_DOTNET_TARGET_FRAMEWORK_VERSION.rst
-- Installing: /Users/jake/dev/jsavin/Frontier/third_party/cmake-src/../cmake-install/share/cmake-3.29/Help/variable/CMAKE_LANG_COMPILER_LINKER_VERSION.rst
-- Installing: /Users/jake/dev/jsavin/Frontier/third_party/cmake-src/../cmake-install/share/cmake-3.29/Help/variable/CMAKE_VS_PLATFORM_TOOLSET_HOST_ARCHITECTURE.rst
-- Installing: /Users/jake/dev/jsavin/Frontier/third_party/cmake-src/../cmake-install/share/cmake-3.29/Help/variable/CMAKE_DLL_NAME_WITH_SOVERSION.rst
-- Installing: /Users/jake/dev/jsavin/Frontier/third_party/cmake-src/../cmake-install/share/cmake-3.29/Help/variable/CMAKE_SHARED_LINKER_FLAGS_CONFIG.rst
-- Installing: /Users/jake/dev/jsavin/Frontier/third_party/cmake-src/../cmake-install/share/cmake-3.29/Help/variable/CMAKE_SKIP_INSTALL_RULES.rst
-- Installing: /Users/jake/dev/jsavin/Frontier/third_party/cmake-src/../cmake-install/share/cmake-3.29/Help/variable/CMAKE_LANG_SIMULATE_VERSION.rst
-- Installing: /Users/jake/dev/jsavin/Frontier/third_party/cmake-src/../cmake-install/share/cmake-3.29/Help/variable/CMAKE_TRY_COMPILE_PLATFORM_VARIABLES.rst
-- Installing: /Users/jake/dev/jsavin/Frontier/third_party/cmake-src/../cmake-install/share/cmake-3.29/Help/variable/CMAKE_LANG_STANDARD_DEFAULT.rst
-- Installing: /Users/jake/dev/jsavin/Frontier/third_party/cmake-src/../cmake-install/share/cmake-3.29/Help/variable/CMAKE_AUTOMOC_COMPILER_PREDEFINES.rst
-- Installing: /Users/jake/dev/jsavin/Frontier/third_party/cmake-src/../cmake-install/share/cmake-3.29/Help/variable/CMAKE_FIND_APPBUNDLE.rst
-- Installing: /Users/jake/dev/jsavin/Frontier/third_party/cmake-src/../cmake-install/share/cmake-3.29/Help/variable/CMAKE_ABSOLUTE_DESTINATION_FILES.rst
-- Installing: /Users/jake/dev/jsavin/Frontier/third_party/cmake-src/../cmake-install/share/cmake-3.29/Help/variable/CMAKE_LANG_SIMULATE_ID.rst
-- Installing: /Users/jake/dev/jsavin/Frontier/third_party/cmake-src/../cmake-install/share/cmake-3.29/Help/variable/CPACK_INSTALL_DEFAULT_DIRECTORY_PERMISSIONS.rst
-- Installing: /Users/jake/dev/jsavin/Frontier/third_party/cmake-src/../cmake-install/share/cmake-3.29/Help/variable/CTEST_USE_LAUNCHERS.rst
-- Installing: /Users/jake/dev/jsavin/Frontier/third_party/cmake-src/../cmake-install/share/cmake-3.29/Help/variable/CMAKE_EXECUTE_PROCESS_COMMAND_ECHO.rst
-- Installing: /Users/jake/dev/jsavin/Frontier/third_party/cmake-src/../cmake-install/share/cmake-3.29/Help/variable/IGNORE_SEARCH_NONSYSTEM.txt
-- Installing: /Users/jake/dev/jsavin/Frontier/third_party/cmake-src/../cmake-install/share/cmake-3.29/Help/variable/CMAKE_INSTALL_DEFAULT_DIRECTORY_PERMISSIONS.rst
-- Installing: /Users/jake/dev/jsavin/Frontier/third_party/cmake-src/../cmake-install/share/cmake-3.29/Help/variable/CPACK_CUSTOM_INSTALL_VARIABLES.rst
-- Installing: /Users/jake/dev/jsavin/Frontier/third_party/cmake-src/../cmake-install/share/cmake-3.29/Help/variable/CMAKE_AR.rst
-- Installing: /Users/jake/dev/jsavin/Frontier/third_party/cmake-src/../cmake-install/share/cmake-3.29/Help/variable/CMAKE_CXX_COMPILE_FEATURES.rst
-- Installing: /Users/jake/dev/jsavin/Frontier/third_party/cmake-src/../cmake-install/share/cmake-3.29/Help/variable/MSYS.rst
-- Installing: /Users/jake/dev/jsavin/Frontier/third_party/cmake-src/../cmake-install/share/cmake-3.29/Help/variable/CMAKE_LIBRARY_ARCHITECTURE_REGEX.rst
-- Installing: /Users/jake/dev/jsavin/Frontier/third_party/cmake-src/../cmake-install/share/cmake-3.29/Help/variable/CMAKE_ANDROID_STL_TYPE.rst
-- Installing: /Users/jake/dev/jsavin/Frontier/third_party/cmake-src/../cmake-install/share/cmake-3.29/Help/variable/LIBRARY_OUTPUT_PATH.rst
-- Installing: /Users/jake/dev/jsavin/Frontier/third_party/cmake-src/../cmake-install/share/cmake-3.29/Help/variable/CTEST_UPDATE_VERSION_ONLY.rst
-- Installing: /Users/jake/dev/jsavin/Frontier/third_party/cmake-src/../cmake-install/share/cmake-3.29/Help/variable/CMAKE_OSX_DEPLOYMENT_TARGET.rst
-- Installing: /Users/jake/dev/jsavin/Frontier/third_party/cmake-src/../cmake-install/share/cmake-3.29/Help/variable/CMAKE_LANG_USING_LINKER_TYPE.rst
-- Installing: /Users/jake/dev/jsavin/Frontier/third_party/cmake-src/../cmake-install/share/cmake-3.29/Help/variable/CMAKE_NO_SYSTEM_FROM_IMPORTED.rst
-- Installing: /Users/jake/dev/jsavin/Frontier/third_party/cmake-src/../cmake-install/share/cmake-3.29/Help/variable/CMAKE_STATIC_LIBRARY_PREFIX.rst
-- Installing: /Users/jake/dev/jsavin/Frontier/third_party/cmake-src/../cmake-install/share/cmake-3.29/Help/module
-- Installing: /Users/jake/dev/jsavin/Frontier/third_party/cmake-src/../cmake-install/share/cmake-3.29/Help/module/FindOpenACC.rst
-- Installing: /Users/jake/dev/jsavin/Frontier/third_party/cmake-src/../cmake-install/share/cmake-3.29/Help/module/FindBLAS.rst
-- Installing: /Users/jake/dev/jsavin/Frontier/third_party/cmake-src/../cmake-install/share/cmake-3.29/Help/module/FindGnuTLS.rst
-- Installing: /Users/jake/dev/jsavin/Frontier/third_party/cmake-src/../cmake-install/share/cmake-3.29/Help/module/FindOpenAL.rst
-- Installing: /Users/jake/dev/jsavin/Frontier/third_party/cmake-src/../cmake-install/share/cmake-3.29/Help/module/FindHg.rst
-- Installing: /Users/jake/dev/jsavin/Frontier/third_party/cmake-src/../cmake-install/share/cmake-3.29/Help/module/FindLibXml2.rst
-- Installing: /Users/jake/dev/jsavin/Frontier/third_party/cmake-src/../cmake-install/share/cmake-3.29/Help/module/CPackDMG.rst
-- Installing: /Users/jake/dev/jsavin/Frontier/third_party/cmake-src/../cmake-install/share/cmake-3.29/Help/module/FindosgText.rst
-- Installing: /Users/jake/dev/jsavin/Frontier/third_party/cmake-src/../cmake-install/share/cmake-3.29/Help/module/FindHSPELL.rst
-- Installing: /Users/jake/dev/jsavin/Frontier/third_party/cmake-src/../cmake-install/share/cmake-3.29/Help/module/FindPhysFS.rst
-- Installing: /Users/jake/dev/jsavin/Frontier/third_party/cmake-src/../cmake-install/share/cmake-3.29/Help/module/MacroAddFileDependencies.rst
-- Installing: /Users/jake/dev/jsavin/Frontier/third_party/cmake-src/../cmake-install/share/cmake-3.29/Help/module/GetPrerequisites.rst
-- Installing: /Users/jake/dev/jsavin/Frontier/third_party/cmake-src/../cmake-install/share/cmake-3.29/Help/module/FindIcotool.rst
-- Installing: /Users/jake/dev/jsavin/Frontier/third_party/cmake-src/../cmake-install/share/cmake-3.29/Help/module/FindDoxygen.rst
-- Installing: /Users/jake/dev/jsavin/Frontier/third_party/cmake-src/../cmake-install/share/cmake-3.29/Help/module/FindLibinput.rst
-- Installing: /Users/jake/dev/jsavin/Frontier/third_party/cmake-src/../cmake-install/share/cmake-3.29/Help/module/CPackIFWConfigureFile.rst
-- Installing: /Users/jake/dev/jsavin/Frontier/third_party/cmake-src/../cmake-install/share/cmake-3.29/Help/module/FindUnixCommands.rst
-- Installing: /Users/jake/dev/jsavin/Frontier/third_party/cmake-src/../cmake-install/share/cmake-3.29/Help/module/FindJasper.rst
-- Installing: /Users/jake/dev/jsavin/Frontier/third_party/cmake-src/../cmake-install/share/cmake-3.29/Help/module/CPackArchive.rst
-- Installing: /Users/jake/dev/jsavin/Frontier/third_party/cmake-src/../cmake-install/share/cmake-3.29/Help/module/FindosgAnimation.rst
-- Installing: /Users/jake/dev/jsavin/Frontier/third_party/cmake-src/../cmake-install/share/cmake-3.29/Help/module/FindMPEG2.rst
-- Installing: /Users/jake/dev/jsavin/Frontier/third_party/cmake-src/../cmake-install/share/cmake-3.29/Help/module/FindSDL_ttf.rst
-- Installing: /Users/jake/dev/jsavin/Frontier/third_party/cmake-src/../cmake-install/share/cmake-3.29/Help/module/FindCUDA.rst
-- Installing: /Users/jake/dev/jsavin/Frontier/third_party/cmake-src/../cmake-install/share/cmake-3.29/Help/module/FindosgVolume.rst
-- Installing: /Users/jake/dev/jsavin/Frontier/third_party/cmake-src/../cmake-install/share/cmake-3.29/Help/module/FindosgManipulator.rst
-- Installing: /Users/jake/dev/jsavin/Frontier/third_party/cmake-src/../cmake-install/share/cmake-3.29/Help/module/FindosgQt.rst
-- Installing: /Users/jake/dev/jsavin/Frontier/third_party/cmake-src/../cmake-install/share/cmake-3.29/Help/module/FindLATEX.rst
-- Installing: /Users/jake/dev/jsavin/Frontier/third_party/cmake-src/../cmake-install/share/cmake-3.29/Help/module/FindosgDB.rst
-- Installing: /Users/jake/dev/jsavin/Frontier/third_party/cmake-src/../cmake-install/share/cmake-3.29/Help/module/FindXalanC.rst
-- Installing: /Users/jake/dev/jsavin/Frontier/third_party/cmake-src/../cmake-install/share/cmake-3.29/Help/module/FindFreetype.rst
-- Installing: /Users/jake/dev/jsavin/Frontier/third_party/cmake-src/../cmake-install/share/cmake-3.29/Help/module/FindCups.rst
-- Installing: /Users/jake/dev/jsavin/Frontier/third_party/cmake-src/../cmake-install/share/cmake-3.29/Help/module/FindCURL.rst
-- Installing: /Users/jake/dev/jsavin/Frontier/third_party/cmake-src/../cmake-install/share/cmake-3.29/Help/module/CheckVariableExists.rst
-- Installing: /Users/jake/dev/jsavin/Frontier/third_party/cmake-src/../cmake-install/share/cmake-3.29/Help/module/FindIntl.rst
-- Installing: /Users/jake/dev/jsavin/Frontier/third_party/cmake-src/../cmake-install/share/cmake-3.29/Help/module/Documentation.rst
-- Installing: /Users/jake/dev/jsavin/Frontier/third_party/cmake-src/../cmake-install/share/cmake-3.29/Help/module/CMakeParseArguments.rst
-- Installing: /Users/jake/dev/jsavin/Frontier/third_party/cmake-src/../cmake-install/share/cmake-3.29/Help/module/FindwxWindows.rst
-- Installing: /Users/jake/dev/jsavin/Frontier/third_party/cmake-src/../cmake-install/share/cmake-3.29/Help/module/CPack.rst
-- Installing: /Users/jake/dev/jsavin/Frontier/third_party/cmake-src/../cmake-install/share/cmake-3.29/Help/module/CheckCXXCompilerFlag.rst
-- Installing: /Users/jake/dev/jsavin/Frontier/third_party/cmake-src/../cmake-install/share/cmake-3.29/Help/module/CheckIPOSupported.rst
-- Installing: /Users/jake/dev/jsavin/Frontier/third_party/cmake-src/../cmake-install/share/cmake-3.29/Help/module/FeatureSummary.rst
-- Installing: /Users/jake/dev/jsavin/Frontier/third_party/cmake-src/../cmake-install/share/cmake-3.29/Help/module/CMakeAddFortranSubdirectory.rst
-- Installing: /Users/jake/dev/jsavin/Frontier/third_party/cmake-src/../cmake-install/share/cmake-3.29/Help/module/CheckCXXSymbolExists.rst
-- Installing: /Users/jake/dev/jsavin/Frontier/third_party/cmake-src/../cmake-install/share/cmake-3.29/Help/module/CheckFortranSourceCompiles.rst
-- Installing: /Users/jake/dev/jsavin/Frontier/third_party/cmake-src/../cmake-install/share/cmake-3.29/Help/module/CMAKE_REQUIRED_DEFINITIONS.txt
-- Installing: /Users/jake/dev/jsavin/Frontier/third_party/cmake-src/../cmake-install/share/cmake-3.29/Help/module/FindBullet.rst
-- Installing: /Users/jake/dev/jsavin/Frontier/third_party/cmake-src/../cmake-install/share/cmake-3.29/Help/module/CheckIncludeFile.rst
-- Installing: /Users/jake/dev/jsavin/Frontier/third_party/cmake-src/../cmake-install/share/cmake-3.29/Help/module/CPackNSIS.rst
-- Installing: /Users/jake/dev/jsavin/Frontier/third_party/cmake-src/../cmake-install/share/cmake-3.29/Help/module/UseJava.rst
-- Installing: /Users/jake/dev/jsavin/Frontier/third_party/cmake-src/../cmake-install/share/cmake-3.29/Help/module/FindTIFF.rst
-- Installing: /Users/jake/dev/jsavin/Frontier/third_party/cmake-src/../cmake-install/share/cmake-3.29/Help/module/CheckIncludeFileCXX.rst
-- Installing: /Users/jake/dev/jsavin/Frontier/third_party/cmake-src/../cmake-install/share/cmake-3.29/Help/module/FindGTest.rst
-- Installing: /Users/jake/dev/jsavin/Frontier/third_party/cmake-src/../cmake-install/share/cmake-3.29/Help/module/FindVulkan.rst
-- Installing: /Users/jake/dev/jsavin/Frontier/third_party/cmake-src/../cmake-install/share/cmake-3.29/Help/module/TestCXXAcceptsFlag.rst
-- Installing: /Users/jake/dev/jsavin/Frontier/third_party/cmake-src/../cmake-install/share/cmake-3.29/Help/module/CMAKE_REQUIRED_LINK_OPTIONS.txt
-- Installing: /Users/jake/dev/jsavin/Frontier/third_party/cmake-src/../cmake-install/share/cmake-3.29/Help/module/FindosgFX.rst
-- Installing: /Users/jake/dev/jsavin/Frontier/third_party/cmake-src/../cmake-install/share/cmake-3.29/Help/module/FindQt.rst
-- Installing: /Users/jake/dev/jsavin/Frontier/third_party/cmake-src/../cmake-install/share/cmake-3.29/Help/module/FindX11.rst
-- Installing: /Users/jake/dev/jsavin/Frontier/third_party/cmake-src/../cmake-install/share/cmake-3.29/Help/module/ProcessorCount.rst
-- Installing: /Users/jake/dev/jsavin/Frontier/third_party/cmake-src/../cmake-install/share/cmake-3.29/Help/module/FindFLEX.rst
-- Installing: /Users/jake/dev/jsavin/Frontier/third_party/cmake-src/../cmake-install/share/cmake-3.29/Help/module/CMakeDetermineVSServicePack.rst
-- Installing: /Users/jake/dev/jsavin/Frontier/third_party/cmake-src/../cmake-install/share/cmake-3.29/Help/module/CTest.rst
-- Installing: /Users/jake/dev/jsavin/Frontier/third_party/cmake-src/../cmake-install/share/cmake-3.29/Help/module/FindosgProducer.rst
-- Installing: /Users/jake/dev/jsavin/Frontier/third_party/cmake-src/../cmake-install/share/cmake-3.29/Help/module/FindJava.rst
-- Installing: /Users/jake/dev/jsavin/Frontier/third_party/cmake-src/../cmake-install/share/cmake-3.29/Help/module/CMakeGraphVizOptions.rst
-- Installing: /Users/jake/dev/jsavin/Frontier/third_party/cmake-src/../cmake-install/share/cmake-3.29/Help/module/FindPython.rst
-- Installing: /Users/jake/dev/jsavin/Frontier/third_party/cmake-src/../cmake-install/share/cmake-3.29/Help/module/FindosgUtil.rst
-- Installing: /Users/jake/dev/jsavin/Frontier/third_party/cmake-src/../cmake-install/share/cmake-3.29/Help/module/CMakePrintSystemInformation.rst
-- Installing: /Users/jake/dev/jsavin/Frontier/third_party/cmake-src/../cmake-install/share/cmake-3.29/Help/module/FindQuickTime.rst
-- Installing: /Users/jake/dev/jsavin/Frontier/third_party/cmake-src/../cmake-install/share/cmake-3.29/Help/module/CMakeDependentOption.rst
-- Installing: /Users/jake/dev/jsavin/Frontier/third_party/cmake-src/../cmake-install/share/cmake-3.29/Help/module/FindPostgreSQL.rst
-- Installing: /Users/jake/dev/jsavin/Frontier/third_party/cmake-src/../cmake-install/share/cmake-3.29/Help/module/CMakeFindFrameworks.rst
-- Installing: /Users/jake/dev/jsavin/Frontier/third_party/cmake-src/../cmake-install/share/cmake-3.29/Help/module/CMakePushCheckState.rst
-- Installing: /Users/jake/dev/jsavin/Frontier/third_party/cmake-src/../cmake-install/share/cmake-3.29/Help/module/CheckSourceRuns.rst
-- Installing: /Users/jake/dev/jsavin/Frontier/third_party/cmake-src/../cmake-install/share/cmake-3.29/Help/module/FindPackageHandleStandardArgs.rst
-- Installing: /Users/jake/dev/jsavin/Frontier/third_party/cmake-src/../cmake-install/share/cmake-3.29/Help/module/FindLTTngUST.rst
-- Installing: /Users/jake/dev/jsavin/Frontier/third_party/cmake-src/../cmake-install/share/cmake-3.29/Help/module/FindAVIFile.rst
-- Installing: /Users/jake/dev/jsavin/Frontier/third_party/cmake-src/../cmake-install/share/cmake-3.29/Help/module/CPackBundle.rst
-- Installing: /Users/jake/dev/jsavin/Frontier/third_party/cmake-src/../cmake-install/share/cmake-3.29/Help/module/FindDevIL.rst
-- Installing: /Users/jake/dev/jsavin/Frontier/third_party/cmake-src/../cmake-install/share/cmake-3.29/Help/module/FindLua50.rst
-- Installing: /Users/jake/dev/jsavin/Frontier/third_party/cmake-src/../cmake-install/share/cmake-3.29/Help/module/CTestCoverageCollectGCOV.rst
-- Installing: /Users/jake/dev/jsavin/Frontier/third_party/cmake-src/../cmake-install/share/cmake-3.29/Help/module/FindLibXslt.rst
-- Installing: /Users/jake/dev/jsavin/Frontier/third_party/cmake-src/../cmake-install/share/cmake-3.29/Help/module/FindIconv.rst
-- Installing: /Users/jake/dev/jsavin/Frontier/third_party/cmake-src/../cmake-install/share/cmake-3.29/Help/module/GNUInstallDirs.rst
-- Installing: /Users/jake/dev/jsavin/Frontier/third_party/cmake-src/../cmake-install/share/cmake-3.29/Help/module/CMakePackageConfigHelpers.rst
-- Installing: /Users/jake/dev/jsavin/Frontier/third_party/cmake-src/../cmake-install/share/cmake-3.29/Help/module/CPackComponent.rst
-- Installing: /Users/jake/dev/jsavin/Frontier/third_party/cmake-src/../cmake-install/share/cmake-3.29/Help/module/FindVTK.rst
-- Installing: /Users/jake/dev/jsavin/Frontier/third_party/cmake-src/../cmake-install/share/cmake-3.29/Help/module/FindCoin3D.rst
-- Installing: /Users/jake/dev/jsavin/Frontier/third_party/cmake-src/../cmake-install/share/cmake-3.29/Help/module/FindLua51.rst
-- Installing: /Users/jake/dev/jsavin/Frontier/third_party/cmake-src/../cmake-install/share/cmake-3.29/Help/module/FindXMLRPC.rst
-- Installing: /Users/jake/dev/jsavin/Frontier/third_party/cmake-src/../cmake-install/share/cmake-3.29/Help/module/GoogleTest.rst
-- Installing: /Users/jake/dev/jsavin/Frontier/third_party/cmake-src/../cmake-install/share/cmake-3.29/Help/module/CheckPIESupported.rst
-- Installing: /Users/jake/dev/jsavin/Frontier/third_party/cmake-src/../cmake-install/share/cmake-3.29/Help/module/TestForSSTREAM.rst
-- Installing: /Users/jake/dev/jsavin/Frontier/third_party/cmake-src/../cmake-install/share/cmake-3.29/Help/module/FindOpenGL.rst
-- Installing: /Users/jake/dev/jsavin/Frontier/third_party/cmake-src/../cmake-install/share/cmake-3.29/Help/module/CheckIncludeFiles.rst
-- Installing: /Users/jake/dev/jsavin/Frontier/third_party/cmake-src/../cmake-install/share/cmake-3.29/Help/module/CheckFortranCompilerFlag.rst
-- Installing: /Users/jake/dev/jsavin/Frontier/third_party/cmake-src/../cmake-install/share/cmake-3.29/Help/module/FindFontconfig.rst
-- Installing: /Users/jake/dev/jsavin/Frontier/third_party/cmake-src/../cmake-install/share/cmake-3.29/Help/module/FindPerl.rst
-- Installing: /Users/jake/dev/jsavin/Frontier/third_party/cmake-src/../cmake-install/share/cmake-3.29/Help/module/FindSelfPackers.rst
-- Installing: /Users/jake/dev/jsavin/Frontier/third_party/cmake-src/../cmake-install/share/cmake-3.29/Help/module/UseJavaClassFilelist.rst
-- Installing: /Users/jake/dev/jsavin/Frontier/third_party/cmake-src/../cmake-install/share/cmake-3.29/Help/module/FindMPEG.rst
-- Installing: /Users/jake/dev/jsavin/Frontier/third_party/cmake-src/../cmake-install/share/cmake-3.29/Help/module/FindGLEW.rst
-- Installing: /Users/jake/dev/jsavin/Frontier/third_party/cmake-src/../cmake-install/share/cmake-3.29/Help/module/CMakeForceCompiler.rst
-- Installing: /Users/jake/dev/jsavin/Frontier/third_party/cmake-src/../cmake-install/share/cmake-3.29/Help/module/FindRuby.rst
-- Installing: /Users/jake/dev/jsavin/Frontier/third_party/cmake-src/../cmake-install/share/cmake-3.29/Help/module/CMakeVerifyManifest.rst
-- Installing: /Users/jake/dev/jsavin/Frontier/third_party/cmake-src/../cmake-install/share/cmake-3.29/Help/module/CheckLanguage.rst
-- Installing: /Users/jake/dev/jsavin/Frontier/third_party/cmake-src/../cmake-install/share/cmake-3.29/Help/module/FindCurses.rst
-- Installing: /Users/jake/dev/jsavin/Frontier/third_party/cmake-src/../cmake-install/share/cmake-3.29/Help/module/FindIce.rst
-- Installing: /Users/jake/dev/jsavin/Frontier/third_party/cmake-src/../cmake-install/share/cmake-3.29/Help/module/CPackProductBuild.rst
-- Installing: /Users/jake/dev/jsavin/Frontier/third_party/cmake-src/../cmake-install/share/cmake-3.29/Help/module/FindSWIG.rst
-- Installing: /Users/jake/dev/jsavin/Frontier/third_party/cmake-src/../cmake-install/share/cmake-3.29/Help/module/FindTclsh.rst
-- Installing: /Users/jake/dev/jsavin/Frontier/third_party/cmake-src/../cmake-install/share/cmake-3.29/Help/module/CheckCSourceCompiles.rst
-- Installing: /Users/jake/dev/jsavin/Frontier/third_party/cmake-src/../cmake-install/share/cmake-3.29/Help/module/FindTclStub.rst
-- Installing: /Users/jake/dev/jsavin/Frontier/third_party/cmake-src/../cmake-install/share/cmake-3.29/Help/module/FindOpenThreads.rst
-- Installing: /Users/jake/dev/jsavin/Frontier/third_party/cmake-src/../cmake-install/share/cmake-3.29/Help/module/FindPythonLibs.rst
-- Installing: /Users/jake/dev/jsavin/Frontier/third_party/cmake-src/../cmake-install/share/cmake-3.29/Help/module/CheckOBJCXXSourceRuns.rst
-- Installing: /Users/jake/dev/jsavin/Frontier/third_party/cmake-src/../cmake-install/share/cmake-3.29/Help/module/CheckCXXSourceRuns.rst
-- Installing: /Users/jake/dev/jsavin/Frontier/third_party/cmake-src/../cmake-install/share/cmake-3.29/Help/module/FindPackageMessage.rst
-- Installing: /Users/jake/dev/jsavin/Frontier/third_party/cmake-src/../cmake-install/share/cmake-3.29/Help/module/CMAKE_REQUIRED_FLAGS.txt
-- Installing: /Users/jake/dev/jsavin/Frontier/third_party/cmake-src/../cmake-install/share/cmake-3.29/Help/module/FindCABLE.rst
-- Installing: /Users/jake/dev/jsavin/Frontier/third_party/cmake-src/../cmake-install/share/cmake-3.29/Help/module/Findosg_functions.rst
-- Installing: /Users/jake/dev/jsavin/Frontier/third_party/cmake-src/../cmake-install/share/cmake-3.29/Help/module/FindThreads.rst
-- Installing: /Users/jake/dev/jsavin/Frontier/third_party/cmake-src/../cmake-install/share/cmake-3.29/Help/module/CPackFreeBSD.rst
-- Installing: /Users/jake/dev/jsavin/Frontier/third_party/cmake-src/../cmake-install/share/cmake-3.29/Help/module/FindRTI.rst
-- Installing: /Users/jake/dev/jsavin/Frontier/third_party/cmake-src/../cmake-install/share/cmake-3.29/Help/module/FindWish.rst
-- Installing: /Users/jake/dev/jsavin/Frontier/third_party/cmake-src/../cmake-install/share/cmake-3.29/Help/module/FindICU.rst
-- Installing: /Users/jake/dev/jsavin/Frontier/third_party/cmake-src/../cmake-install/share/cmake-3.29/Help/module/FindPNG.rst
-- Installing: /Users/jake/dev/jsavin/Frontier/third_party/cmake-src/../cmake-install/share/cmake-3.29/Help/module/FindosgPresentation.rst
-- Installing: /Users/jake/dev/jsavin/Frontier/third_party/cmake-src/../cmake-install/share/cmake-3.29/Help/module/FindMatlab.rst
-- Installing: /Users/jake/dev/jsavin/Frontier/third_party/cmake-src/../cmake-install/share/cmake-3.29/Help/module/FindPike.rst
-- Installing: /Users/jake/dev/jsavin/Frontier/third_party/cmake-src/../cmake-install/share/cmake-3.29/Help/module/UseSWIG.rst
-- Installing: /Users/jake/dev/jsavin/Frontier/third_party/cmake-src/../cmake-install/share/cmake-3.29/Help/module/FindITK.rst
-- Installing: /Users/jake/dev/jsavin/Frontier/third_party/cmake-src/../cmake-install/share/cmake-3.29/Help/module/CheckSourceCompiles.rst
-- Installing: /Users/jake/dev/jsavin/Frontier/third_party/cmake-src/../cmake-install/share/cmake-3.29/Help/module/FindSDL_gfx.rst
-- Installing: /Users/jake/dev/jsavin/Frontier/third_party/cmake-src/../cmake-install/share/cmake-3.29/Help/module/CheckCSourceRuns.rst
-- Installing: /Users/jake/dev/jsavin/Frontier/third_party/cmake-src/../cmake-install/share/cmake-3.29/Help/module/WriteBasicConfigVersionFile.rst
-- Installing: /Users/jake/dev/jsavin/Frontier/third_party/cmake-src/../cmake-install/share/cmake-3.29/Help/module/FindLibArchive.rst
-- Installing: /Users/jake/dev/jsavin/Frontier/third_party/cmake-src/../cmake-install/share/cmake-3.29/Help/module/Use_wxWindows.rst
-- Installing: /Users/jake/dev/jsavin/Frontier/third_party/cmake-src/../cmake-install/share/cmake-3.29/Help/module/CMAKE_REQUIRED_LIBRARIES.txt
-- Installing: /Users/jake/dev/jsavin/Frontier/third_party/cmake-src/../cmake-install/share/cmake-3.29/Help/module/CheckStructHasMember.rst
-- Installing: /Users/jake/dev/jsavin/Frontier/third_party/cmake-src/../cmake-install/share/cmake-3.29/Help/module/FindPatch.rst
-- Installing: /Users/jake/dev/jsavin/Frontier/third_party/cmake-src/../cmake-install/share/cmake-3.29/Help/module/FindCxxTest.rst
-- Installing: /Users/jake/dev/jsavin/Frontier/third_party/cmake-src/../cmake-install/share/cmake-3.29/Help/module/CheckFortranSourceRuns.rst
-- Installing: /Users/jake/dev/jsavin/Frontier/third_party/cmake-src/../cmake-install/share/cmake-3.29/Help/module/CTestUseLaunchers.rst
-- Installing: /Users/jake/dev/jsavin/Frontier/third_party/cmake-src/../cmake-install/share/cmake-3.29/Help/module/FindSDL_sound.rst
-- Installing: /Users/jake/dev/jsavin/Frontier/third_party/cmake-src/../cmake-install/share/cmake-3.29/Help/module/FindFLTK.rst
-- Installing: /Users/jake/dev/jsavin/Frontier/third_party/cmake-src/../cmake-install/share/cmake-3.29/Help/module/FindDart.rst
-- Installing: /Users/jake/dev/jsavin/Frontier/third_party/cmake-src/../cmake-install/share/cmake-3.29/Help/module/FindODBC.rst
-- Installing: /Users/jake/dev/jsavin/Frontier/third_party/cmake-src/../cmake-install/share/cmake-3.29/Help/module/FindCVS.rst
-- Installing: /Users/jake/dev/jsavin/Frontier/third_party/cmake-src/../cmake-install/share/cmake-3.29/Help/module/FindosgTerrain.rst
-- Installing: /Users/jake/dev/jsavin/Frontier/third_party/cmake-src/../cmake-install/share/cmake-3.29/Help/module/FindKDE4.rst
-- Installing: /Users/jake/dev/jsavin/Frontier/third_party/cmake-src/../cmake-install/share/cmake-3.29/Help/module/FindSDL_mixer.rst
-- Installing: /Users/jake/dev/jsavin/Frontier/third_party/cmake-src/../cmake-install/share/cmake-3.29/Help/module/CheckOBJCXXCompilerFlag.rst
-- Installing: /Users/jake/dev/jsavin/Frontier/third_party/cmake-src/../cmake-install/share/cmake-3.29/Help/module/UsewxWidgets.rst
-- Installing: /Users/jake/dev/jsavin/Frontier/third_party/cmake-src/../cmake-install/share/cmake-3.29/Help/module/CPackWIX.rst
-- Installing: /Users/jake/dev/jsavin/Frontier/third_party/cmake-src/../cmake-install/share/cmake-3.29/Help/module/FindGTK.rst
-- Installing: /Users/jake/dev/jsavin/Frontier/third_party/cmake-src/../cmake-install/share/cmake-3.29/Help/module/FindPythonInterp.rst
-- Installing: /Users/jake/dev/jsavin/Frontier/third_party/cmake-src/../cmake-install/share/cmake-3.29/Help/module/FindPkgConfig.rst
-- Installing: /Users/jake/dev/jsavin/Frontier/third_party/cmake-src/../cmake-install/share/cmake-3.29/Help/module/CMakePrintHelpers.rst
-- Installing: /Users/jake/dev/jsavin/Frontier/third_party/cmake-src/../cmake-install/share/cmake-3.29/Help/module/FindJPEG.rst
-- Installing: /Users/jake/dev/jsavin/Frontier/third_party/cmake-src/../cmake-install/share/cmake-3.29/Help/module/CMakeFindPackageMode.rst
-- Installing: /Users/jake/dev/jsavin/Frontier/third_party/cmake-src/../cmake-install/share/cmake-3.29/Help/module/ExternalData.rst
-- Installing: /Users/jake/dev/jsavin/Frontier/third_party/cmake-src/../cmake-install/share/cmake-3.29/Help/module/FindOpenSceneGraph.rst
-- Installing: /Users/jake/dev/jsavin/Frontier/third_party/cmake-src/../cmake-install/share/cmake-3.29/Help/module/WriteCompilerDetectionHeader.rst
-- Installing: /Users/jake/dev/jsavin/Frontier/third_party/cmake-src/../cmake-install/share/cmake-3.29/Help/module/AddFileDependencies.rst
-- Installing: /Users/jake/dev/jsavin/Frontier/third_party/cmake-src/../cmake-install/share/cmake-3.29/Help/module/GenerateExportHeader.rst
-- Installing: /Users/jake/dev/jsavin/Frontier/third_party/cmake-src/../cmake-install/share/cmake-3.29/Help/module/CheckCXXSourceCompiles.rst
-- Installing: /Users/jake/dev/jsavin/Frontier/third_party/cmake-src/../cmake-install/share/cmake-3.29/Help/module/BundleUtilities.rst
-- Installing: /Users/jake/dev/jsavin/Frontier/third_party/cmake-src/../cmake-install/share/cmake-3.29/Help/module/CheckSymbolExists.rst
-- Installing: /Users/jake/dev/jsavin/Frontier/third_party/cmake-src/../cmake-install/share/cmake-3.29/Help/module/FindASPELL.rst
-- Installing: /Users/jake/dev/jsavin/Frontier/third_party/cmake-src/../cmake-install/share/cmake-3.29/Help/module/FindZLIB.rst
-- Installing: /Users/jake/dev/jsavin/Frontier/third_party/cmake-src/../cmake-install/share/cmake-3.29/Help/module/CheckOBJCXXSourceCompiles.rst
-- Installing: /Users/jake/dev/jsavin/Frontier/third_party/cmake-src/../cmake-install/share/cmake-3.29/Help/module/FindBoost.rst
-- Installing: /Users/jake/dev/jsavin/Frontier/third_party/cmake-src/../cmake-install/share/cmake-3.29/Help/module/FindCUDAToolkit.rst
-- Installing: /Users/jake/dev/jsavin/Frontier/third_party/cmake-src/../cmake-install/share/cmake-3.29/Help/module/CheckPrototypeDefinition.rst
-- Installing: /Users/jake/dev/jsavin/Frontier/third_party/cmake-src/../cmake-install/share/cmake-3.29/Help/module/FindSDL.rst
-- Installing: /Users/jake/dev/jsavin/Frontier/third_party/cmake-src/../cmake-install/share/cmake-3.29/Help/module/CheckFunctionExists.rst
-- Installing: /Users/jake/dev/jsavin/Frontier/third_party/cmake-src/../cmake-install/share/cmake-3.29/Help/module/FindPython2.rst
-- Installing: /Users/jake/dev/jsavin/Frontier/third_party/cmake-src/../cmake-install/share/cmake-3.29/Help/module/FindKDE3.rst
-- Installing: /Users/jake/dev/jsavin/Frontier/third_party/cmake-src/../cmake-install/share/cmake-3.29/Help/module/ExternalProject.rst
-- Installing: /Users/jake/dev/jsavin/Frontier/third_party/cmake-src/../cmake-install/share/cmake-3.29/Help/module/CheckCompilerFlag.rst
-- Installing: /Users/jake/dev/jsavin/Frontier/third_party/cmake-src/../cmake-install/share/cmake-3.29/Help/module/FindSubversion.rst
-- Installing: /Users/jake/dev/jsavin/Frontier/third_party/cmake-src/../cmake-install/share/cmake-3.29/Help/module/FindPython3.rst
-- Installing: /Users/jake/dev/jsavin/Frontier/third_party/cmake-src/../cmake-install/share/cmake-3.29/Help/module/FetchContent.rst
-- Installing: /Users/jake/dev/jsavin/Frontier/third_party/cmake-src/../cmake-install/share/cmake-3.29/Help/module/FindWget.rst
-- Installing: /Users/jake/dev/jsavin/Frontier/third_party/cmake-src/../cmake-install/share/cmake-3.29/Help/module/DeployQt4.rst
-- Installing: /Users/jake/dev/jsavin/Frontier/third_party/cmake-src/../cmake-install/share/cmake-3.29/Help/module/FindBacktrace.rst
-- Installing: /Users/jake/dev/jsavin/Frontier/third_party/cmake-src/../cmake-install/share/cmake-3.29/Help/module/FindMsys.rst
-- Installing: /Users/jake/dev/jsavin/Frontier/third_party/cmake-src/../cmake-install/share/cmake-3.29/Help/module/CMAKE_REQUIRED_INCLUDES.txt
-- Installing: /Users/jake/dev/jsavin/Frontier/third_party/cmake-src/../cmake-install/share/cmake-3.29/Help/module/SquishTestScript.rst
-- Installing: /Users/jake/dev/jsavin/Frontier/third_party/cmake-src/../cmake-install/share/cmake-3.29/Help/module/FindosgParticle.rst
-- Installing: /Users/jake/dev/jsavin/Frontier/third_party/cmake-src/../cmake-install/share/cmake-3.29/Help/module/CMAKE_REQUIRED_QUIET.txt
-- Installing: /Users/jake/dev/jsavin/Frontier/third_party/cmake-src/../cmake-install/share/cmake-3.29/Help/module/UseJavaSymlinks.rst
-- Installing: /Users/jake/dev/jsavin/Frontier/third_party/cmake-src/../cmake-install/share/cmake-3.29/Help/module/FindDCMTK.rst
-- Installing: /Users/jake/dev/jsavin/Frontier/third_party/cmake-src/../cmake-install/share/cmake-3.29/Help/module/CPackNuGet.rst
-- Installing: /Users/jake/dev/jsavin/Frontier/third_party/cmake-src/../cmake-install/share/cmake-3.29/Help/module/TestForANSIStreamHeaders.rst
-- Installing: /Users/jake/dev/jsavin/Frontier/third_party/cmake-src/../cmake-install/share/cmake-3.29/Help/module/FindLAPACK.rst
-- Installing: /Users/jake/dev/jsavin/Frontier/third_party/cmake-src/../cmake-install/share/cmake-3.29/Help/module/FindTCL.rst
-- Installing: /Users/jake/dev/jsavin/Frontier/third_party/cmake-src/../cmake-install/share/cmake-3.29/Help/module/UseEcos.rst
-- Installing: /Users/jake/dev/jsavin/Frontier/third_party/cmake-src/../cmake-install/share/cmake-3.29/Help/module/CPackDeb.rst
-- Installing: /Users/jake/dev/jsavin/Frontier/third_party/cmake-src/../cmake-install/share/cmake-3.29/Help/module/FindOpenSP.rst
-- Installing: /Users/jake/dev/jsavin/Frontier/third_party/cmake-src/../cmake-install/share/cmake-3.29/Help/module/UsePkgConfig.rst
-- Installing: /Users/jake/dev/jsavin/Frontier/third_party/cmake-src/../cmake-install/share/cmake-3.29/Help/module/SelectLibraryConfigurations.rst
-- Installing: /Users/jake/dev/jsavin/Frontier/third_party/cmake-src/../cmake-install/share/cmake-3.29/Help/module/FindEXPAT.rst
-- Installing: /Users/jake/dev/jsavin/Frontier/third_party/cmake-src/../cmake-install/share/cmake-3.29/Help/module/FindGettext.rst
-- Installing: /Users/jake/dev/jsavin/Frontier/third_party/cmake-src/../cmake-install/share/cmake-3.29/Help/module/FindosgSim.rst
-- Installing: /Users/jake/dev/jsavin/Frontier/third_party/cmake-src/../cmake-install/share/cmake-3.29/Help/module/FindHTMLHelp.rst
-- Installing: /Users/jake/dev/jsavin/Frontier/third_party/cmake-src/../cmake-install/share/cmake-3.29/Help/module/FindArmadillo.rst
-- Installing: /Users/jake/dev/jsavin/Frontier/third_party/cmake-src/../cmake-install/share/cmake-3.29/Help/module/FindMotif.rst
-- Installing: /Users/jake/dev/jsavin/Frontier/third_party/cmake-src/../cmake-install/share/cmake-3.29/Help/module/FindXercesC.rst
-- Installing: /Users/jake/dev/jsavin/Frontier/third_party/cmake-src/../cmake-install/share/cmake-3.29/Help/module/FindXCTest.rst
-- Installing: /Users/jake/dev/jsavin/Frontier/third_party/cmake-src/../cmake-install/share/cmake-3.29/Help/module/FindMPI.rst
-- Installing: /Users/jake/dev/jsavin/Frontier/third_party/cmake-src/../cmake-install/share/cmake-3.29/Help/module/FindBISON.rst
-- Installing: /Users/jake/dev/jsavin/Frontier/third_party/cmake-src/../cmake-install/share/cmake-3.29/Help/module/FindJNI.rst
-- Installing: /Users/jake/dev/jsavin/Frontier/third_party/cmake-src/../cmake-install/share/cmake-3.29/Help/module/CheckLibraryExists.rst
-- Installing: /Users/jake/dev/jsavin/Frontier/third_party/cmake-src/../cmake-install/share/cmake-3.29/Help/module/FindFLTK2.rst
-- Installing: /Users/jake/dev/jsavin/Frontier/third_party/cmake-src/../cmake-install/share/cmake-3.29/Help/module/Findosg.rst
-- Installing: /Users/jake/dev/jsavin/Frontier/third_party/cmake-src/../cmake-install/share/cmake-3.29/Help/module/FindBZip2.rst
-- Installing: /Users/jake/dev/jsavin/Frontier/third_party/cmake-src/../cmake-install/share/cmake-3.29/Help/module/CheckFortranFunctionExists.rst
-- Installing: /Users/jake/dev/jsavin/Frontier/third_party/cmake-src/../cmake-install/share/cmake-3.29/Help/module/Dart.rst
-- Installing: /Users/jake/dev/jsavin/Frontier/third_party/cmake-src/../cmake-install/share/cmake-3.29/Help/module/FindOpenCL.rst
-- Installing: /Users/jake/dev/jsavin/Frontier/third_party/cmake-src/../cmake-install/share/cmake-3.29/Help/module/FindOpenMP.rst
-- Installing: /Users/jake/dev/jsavin/Frontier/third_party/cmake-src/../cmake-install/share/cmake-3.29/Help/module/FindEnvModules.rst
-- Installing: /Users/jake/dev/jsavin/Frontier/third_party/cmake-src/../cmake-install/share/cmake-3.29/Help/module/FindGSL.rst
-- Installing: /Users/jake/dev/jsavin/Frontier/third_party/cmake-src/../cmake-install/share/cmake-3.29/Help/module/CheckTypeSize.rst
-- Installing: /Users/jake/dev/jsavin/Frontier/third_party/cmake-src/../cmake-install/share/cmake-3.29/Help/module/FindQt3.rst
-- Installing: /Users/jake/dev/jsavin/Frontier/third_party/cmake-src/../cmake-install/share/cmake-3.29/Help/module/FindCygwin.rst
-- Installing: /Users/jake/dev/jsavin/Frontier/third_party/cmake-src/../cmake-install/share/cmake-3.29/Help/module/AndroidTestUtilities.rst
-- Installing: /Users/jake/dev/jsavin/Frontier/third_party/cmake-src/../cmake-install/share/cmake-3.29/Help/module/FindosgViewer.rst
-- Installing: /Users/jake/dev/jsavin/Frontier/third_party/cmake-src/../cmake-install/share/cmake-3.29/Help/module/FindPHP4.rst
-- Installing: /Users/jake/dev/jsavin/Frontier/third_party/cmake-src/../cmake-install/share/cmake-3.29/Help/module/TestForSTDNamespace.rst
-- Installing: /Users/jake/dev/jsavin/Frontier/third_party/cmake-src/../cmake-install/share/cmake-3.29/Help/module/FindHDF5.rst
-- Installing: /Users/jake/dev/jsavin/Frontier/third_party/cmake-src/../cmake-install/share/cmake-3.29/Help/module/CMakeBackwardCompatibilityCXX.rst
-- Installing: /Users/jake/dev/jsavin/Frontier/third_party/cmake-src/../cmake-install/share/cmake-3.29/Help/module/FindwxWidgets.rst
-- Installing: /Users/jake/dev/jsavin/Frontier/third_party/cmake-src/../cmake-install/share/cmake-3.29/Help/module/FindPerlLibs.rst
-- Installing: /Users/jake/dev/jsavin/Frontier/third_party/cmake-src/../cmake-install/share/cmake-3.29/Help/module/FindGnuplot.rst
-- Installing: /Users/jake/dev/jsavin/Frontier/third_party/cmake-src/../cmake-install/share/cmake-3.29/Help/module/FindOpenSSL.rst
-- Installing: /Users/jake/dev/jsavin/Frontier/third_party/cmake-src/../cmake-install/share/cmake-3.29/Help/module/FindProducer.rst
-- Installing: /Users/jake/dev/jsavin/Frontier/third_party/cmake-src/../cmake-install/share/cmake-3.29/Help/module/FindGit.rst
-- Installing: /Users/jake/dev/jsavin/Frontier/third_party/cmake-src/../cmake-install/share/cmake-3.29/Help/module/FindosgShadow.rst
-- Installing: /Users/jake/dev/jsavin/Frontier/third_party/cmake-src/../cmake-install/share/cmake-3.29/Help/module/CheckLinkerFlag.rst
-- Installing: /Users/jake/dev/jsavin/Frontier/third_party/cmake-src/../cmake-install/share/cmake-3.29/Help/module/TestForANSIForScope.rst
-- Installing: /Users/jake/dev/jsavin/Frontier/third_party/cmake-src/../cmake-install/share/cmake-3.29/Help/module/FindMFC.rst
-- Installing: /Users/jake/dev/jsavin/Frontier/third_party/cmake-src/../cmake-install/share/cmake-3.29/Help/module/FindSDL_net.rst
-- Installing: /Users/jake/dev/jsavin/Frontier/third_party/cmake-src/../cmake-install/share/cmake-3.29/Help/module/CPackCygwin.rst
-- Installing: /Users/jake/dev/jsavin/Frontier/third_party/cmake-src/../cmake-install/share/cmake-3.29/Help/module/FindImageMagick.rst
-- Installing: /Users/jake/dev/jsavin/Frontier/third_party/cmake-src/../cmake-install/share/cmake-3.29/Help/module/CheckCCompilerFlag.rst
-- Installing: /Users/jake/dev/jsavin/Frontier/third_party/cmake-src/../cmake-install/share/cmake-3.29/Help/module/TestBigEndian.rst
-- Installing: /Users/jake/dev/jsavin/Frontier/third_party/cmake-src/../cmake-install/share/cmake-3.29/Help/module/CTestScriptMode.rst
-- Installing: /Users/jake/dev/jsavin/Frontier/third_party/cmake-src/../cmake-install/share/cmake-3.29/Help/module/CheckOBJCCompilerFlag.rst
-- Installing: /Users/jake/dev/jsavin/Frontier/third_party/cmake-src/../cmake-install/share/cmake-3.29/Help/module/FindGLUT.rst
-- Installing: /Users/jake/dev/jsavin/Frontier/third_party/cmake-src/../cmake-install/share/cmake-3.29/Help/module/FindosgWidget.rst
-- Installing: /Users/jake/dev/jsavin/Frontier/third_party/cmake-src/../cmake-install/share/cmake-3.29/Help/module/FindGIF.rst
-- Installing: /Users/jake/dev/jsavin/Frontier/third_party/cmake-src/../cmake-install/share/cmake-3.29/Help/module/FindGCCXML.rst
-- Installing: /Users/jake/dev/jsavin/Frontier/third_party/cmake-src/../cmake-install/share/cmake-3.29/Help/module/CheckOBJCSourceRuns.rst
-- Installing: /Users/jake/dev/jsavin/Frontier/third_party/cmake-src/../cmake-install/share/cmake-3.29/Help/module/FindosgIntrospection.rst
-- Installing: /Users/jake/dev/jsavin/Frontier/third_party/cmake-src/../cmake-install/share/cmake-3.29/Help/module/FindSquish.rst
-- Installing: /Users/jake/dev/jsavin/Frontier/third_party/cmake-src/../cmake-install/share/cmake-3.29/Help/module/FindLua.rst
-- Installing: /Users/jake/dev/jsavin/Frontier/third_party/cmake-src/../cmake-install/share/cmake-3.29/Help/module/FindProtobuf.rst
-- Installing: /Users/jake/dev/jsavin/Frontier/third_party/cmake-src/../cmake-install/share/cmake-3.29/Help/module/CheckOBJCSourceCompiles.rst
-- Installing: /Users/jake/dev/jsavin/Frontier/third_party/cmake-src/../cmake-install/share/cmake-3.29/Help/module/CMakeFindDependencyMacro.rst
-- Installing: /Users/jake/dev/jsavin/Frontier/third_party/cmake-src/../cmake-install/share/cmake-3.29/Help/module/FindosgGA.rst
-- Installing: /Users/jake/dev/jsavin/Frontier/third_party/cmake-src/../cmake-install/share/cmake-3.29/Help/module/FortranCInterface.rst
-- Installing: /Users/jake/dev/jsavin/Frontier/third_party/cmake-src/../cmake-install/share/cmake-3.29/Help/module/CSharpUtilities.rst
-- Installing: /Users/jake/dev/jsavin/Frontier/third_party/cmake-src/../cmake-install/share/cmake-3.29/Help/module/CMakeExpandImportedTargets.rst
-- Installing: /Users/jake/dev/jsavin/Frontier/third_party/cmake-src/../cmake-install/share/cmake-3.29/Help/module/FindQt4.rst
-- Installing: /Users/jake/dev/jsavin/Frontier/third_party/cmake-src/../cmake-install/share/cmake-3.29/Help/module/FindSDL_image.rst
-- Installing: /Users/jake/dev/jsavin/Frontier/third_party/cmake-src/../cmake-install/share/cmake-3.29/Help/module/InstallRequiredSystemLibraries.rst
-- Installing: /Users/jake/dev/jsavin/Frontier/third_party/cmake-src/../cmake-install/share/cmake-3.29/Help/module/FindLibLZMA.rst
-- Installing: /Users/jake/dev/jsavin/Frontier/third_party/cmake-src/../cmake-install/share/cmake-3.29/Help/module/CPackRPM.rst
-- Installing: /Users/jake/dev/jsavin/Frontier/third_party/cmake-src/../cmake-install/share/cmake-3.29/Help/module/FindSQLite3.rst
-- Installing: /Users/jake/dev/jsavin/Frontier/third_party/cmake-src/../cmake-install/share/cmake-3.29/Help/module/FindGTK2.rst
-- Installing: /Users/jake/dev/jsavin/Frontier/third_party/cmake-src/../cmake-install/share/cmake-3.29/Help/module/CPackIFW.rst
-- Installing: /Users/jake/dev/jsavin/Frontier/third_party/cmake-src/../cmake-install/share/cmake-3.29/Help/module/FindALSA.rst
-- Installing: /Users/jake/dev/jsavin/Frontier/third_party/cmake-src/../cmake-install/share/cmake-3.29/Help/module/FindGDAL.rst
-- Installing: /Users/jake/dev/jsavin/Frontier/third_party/cmake-src/../cmake-install/share/cmake-3.29/Help/include
-- Installing: /Users/jake/dev/jsavin/Frontier/third_party/cmake-src/../cmake-install/share/cmake-3.29/Help/include/INTERFACE_INCLUDE_DIRECTORIES_WARNING.txt
-- Installing: /Users/jake/dev/jsavin/Frontier/third_party/cmake-src/../cmake-install/share/cmake-3.29/Help/include/COMPILE_DEFINITIONS_DISCLAIMER.txt
-- Installing: /Users/jake/dev/jsavin/Frontier/third_party/cmake-src/../cmake-install/share/cmake-3.29/Help/include/INTERFACE_LINK_LIBRARIES_WARNING.txt
-- Installing: /Users/jake/dev/jsavin/Frontier/third_party/cmake-src/../cmake-install/share/cmake-3.29/Help/prop_sf
-- Installing: /Users/jake/dev/jsavin/Frontier/third_party/cmake-src/../cmake-install/share/cmake-3.29/Help/prop_sf/VS_DEPLOYMENT_CONTENT.rst
-- Installing: /Users/jake/dev/jsavin/Frontier/third_party/cmake-src/../cmake-install/share/cmake-3.29/Help/prop_sf/COMPILE_OPTIONS.rst
-- Installing: /Users/jake/dev/jsavin/Frontier/third_party/cmake-src/../cmake-install/share/cmake-3.29/Help/prop_sf/SYMBOLIC.rst
-- Installing: /Users/jake/dev/jsavin/Frontier/third_party/cmake-src/../cmake-install/share/cmake-3.29/Help/prop_sf/VS_SHADER_TYPE.rst
-- Installing: /Users/jake/dev/jsavin/Frontier/third_party/cmake-src/../cmake-install/share/cmake-3.29/Help/prop_sf/ABSTRACT.rst
-- Installing: /Users/jake/dev/jsavin/Frontier/third_party/cmake-src/../cmake-install/share/cmake-3.29/Help/prop_sf/SKIP_LINTING.rst
-- Installing: /Users/jake/dev/jsavin/Frontier/third_party/cmake-src/../cmake-install/share/cmake-3.29/Help/prop_sf/SKIP_PRECOMPILE_HEADERS.rst
-- Installing: /Users/jake/dev/jsavin/Frontier/third_party/cmake-src/../cmake-install/share/cmake-3.29/Help/prop_sf/SKIP_UNITY_BUILD_INCLUSION.rst
-- Installing: /Users/jake/dev/jsavin/Frontier/third_party/cmake-src/../cmake-install/share/cmake-3.29/Help/prop_sf/VS_SHADER_ENTRYPOINT.rst
-- Installing: /Users/jake/dev/jsavin/Frontier/third_party/cmake-src/../cmake-install/share/cmake-3.29/Help/prop_sf/VS_CSHARP_tagname.rst
-- Installing: /Users/jake/dev/jsavin/Frontier/third_party/cmake-src/../cmake-install/share/cmake-3.29/Help/prop_sf/VS_INCLUDE_IN_VSIX.rst
-- Installing: /Users/jake/dev/jsavin/Frontier/third_party/cmake-src/../cmake-install/share/cmake-3.29/Help/prop_sf/OBJECT_OUTPUTS.rst
-- Installing: /Users/jake/dev/jsavin/Frontier/third_party/cmake-src/../cmake-install/share/cmake-3.29/Help/prop_sf/XCODE_EXPLICIT_FILE_TYPE.rst
-- Installing: /Users/jake/dev/jsavin/Frontier/third_party/cmake-src/../cmake-install/share/cmake-3.29/Help/prop_sf/COMPILE_DEFINITIONS_CONFIG.rst
-- Installing: /Users/jake/dev/jsavin/Frontier/third_party/cmake-src/../cmake-install/share/cmake-3.29/Help/prop_sf/VS_SHADER_MODEL.rst
-- Installing: /Users/jake/dev/jsavin/Frontier/third_party/cmake-src/../cmake-install/share/cmake-3.29/Help/prop_sf/Swift_DIAGNOSTICS_FILE.rst
-- Installing: /Users/jake/dev/jsavin/Frontier/third_party/cmake-src/../cmake-install/share/cmake-3.29/Help/prop_sf/VS_SETTINGS.rst
-- Installing: /Users/jake/dev/jsavin/Frontier/third_party/cmake-src/../cmake-install/share/cmake-3.29/Help/prop_sf/VS_SHADER_OUTPUT_HEADER_FILE.rst
-- Installing: /Users/jake/dev/jsavin/Frontier/third_party/cmake-src/../cmake-install/share/cmake-3.29/Help/prop_sf/OBJECT_DEPENDS.rst
-- Installing: /Users/jake/dev/jsavin/Frontier/third_party/cmake-src/../cmake-install/share/cmake-3.29/Help/prop_sf/SKIP_AUTOUIC.rst
-- Installing: /Users/jake/dev/jsavin/Frontier/third_party/cmake-src/../cmake-install/share/cmake-3.29/Help/prop_sf/VS_COPY_TO_OUT_DIR.rst
-- Installing: /Users/jake/dev/jsavin/Frontier/third_party/cmake-src/../cmake-install/share/cmake-3.29/Help/prop_sf/VS_SHADER_VARIABLE_NAME.rst
-- Installing: /Users/jake/dev/jsavin/Frontier/third_party/cmake-src/../cmake-install/share/cmake-3.29/Help/prop_sf/LOCATION.rst
-- Installing: /Users/jake/dev/jsavin/Frontier/third_party/cmake-src/../cmake-install/share/cmake-3.29/Help/prop_sf/LANGUAGE.rst
-- Installing: /Users/jake/dev/jsavin/Frontier/third_party/cmake-src/../cmake-install/share/cmake-3.29/Help/prop_sf/SKIP_AUTOMOC.rst
-- Installing: /Users/jake/dev/jsavin/Frontier/third_party/cmake-src/../cmake-install/share/cmake-3.29/Help/prop_sf/AUTORCC_OPTIONS.rst
-- Installing: /Users/jake/dev/jsavin/Frontier/third_party/cmake-src/../cmake-install/share/cmake-3.29/Help/prop_sf/VS_XAML_TYPE.rst
-- Installing: /Users/jake/dev/jsavin/Frontier/third_party/cmake-src/../cmake-install/share/cmake-3.29/Help/prop_sf/XCODE_FILE_ATTRIBUTES.rst
-- Installing: /Users/jake/dev/jsavin/Frontier/third_party/cmake-src/../cmake-install/share/cmake-3.29/Help/prop_sf/XCODE_LAST_KNOWN_FILE_TYPE.rst
-- Installing: /Users/jake/dev/jsavin/Frontier/third_party/cmake-src/../cmake-install/share/cmake-3.29/Help/prop_sf/HEADER_FILE_ONLY.rst
-- Installing: /Users/jake/dev/jsavin/Frontier/third_party/cmake-src/../cmake-install/share/cmake-3.29/Help/prop_sf/UNITY_GROUP.rst
-- Installing: /Users/jake/dev/jsavin/Frontier/third_party/cmake-src/../cmake-install/share/cmake-3.29/Help/prop_sf/Swift_DEPENDENCIES_FILE.rst
-- Installing: /Users/jake/dev/jsavin/Frontier/third_party/cmake-src/../cmake-install/share/cmake-3.29/Help/prop_sf/Fortran_PREPROCESS.rst
-- Installing: /Users/jake/dev/jsavin/Frontier/third_party/cmake-src/../cmake-install/share/cmake-3.29/Help/prop_sf/VS_DEPLOYMENT_LOCATION.rst
-- Installing: /Users/jake/dev/jsavin/Frontier/third_party/cmake-src/../cmake-install/share/cmake-3.29/Help/prop_sf/MACOSX_PACKAGE_LOCATION.rst
-- Installing: /Users/jake/dev/jsavin/Frontier/third_party/cmake-src/../cmake-install/share/cmake-3.29/Help/prop_sf/SKIP_AUTORCC.rst
-- Installing: /Users/jake/dev/jsavin/Frontier/third_party/cmake-src/../cmake-install/share/cmake-3.29/Help/prop_sf/KEEP_EXTENSION.rst
-- Installing: /Users/jake/dev/jsavin/Frontier/third_party/cmake-src/../cmake-install/share/cmake-3.29/Help/prop_sf/EXTERNAL_OBJECT.rst
-- Installing: /Users/jake/dev/jsavin/Frontier/third_party/cmake-src/../cmake-install/share/cmake-3.29/Help/prop_sf/CXX_SCAN_FOR_MODULES.rst
-- Installing: /Users/jake/dev/jsavin/Frontier/third_party/cmake-src/../cmake-install/share/cmake-3.29/Help/prop_sf/VS_RESOURCE_GENERATOR.rst
-- Installing: /Users/jake/dev/jsavin/Frontier/third_party/cmake-src/../cmake-install/share/cmake-3.29/Help/prop_sf/GENERATED.rst
-- Installing: /Users/jake/dev/jsavin/Frontier/third_party/cmake-src/../cmake-install/share/cmake-3.29/Help/prop_sf/Fortran_FORMAT.rst
-- Installing: /Users/jake/dev/jsavin/Frontier/third_party/cmake-src/../cmake-install/share/cmake-3.29/Help/prop_sf/VS_SHADER_ENABLE_DEBUG.rst
-- Installing: /Users/jake/dev/jsavin/Frontier/third_party/cmake-src/../cmake-install/share/cmake-3.29/Help/prop_sf/VS_TOOL_OVERRIDE.rst
-- Installing: /Users/jake/dev/jsavin/Frontier/third_party/cmake-src/../cmake-install/share/cmake-3.29/Help/prop_sf/VS_SHADER_OBJECT_FILE_NAME.rst
-- Installing: /Users/jake/dev/jsavin/Frontier/third_party/cmake-src/../cmake-install/share/cmake-3.29/Help/prop_sf/COMPILE_DEFINITIONS.rst
-- Installing: /Users/jake/dev/jsavin/Frontier/third_party/cmake-src/../cmake-install/share/cmake-3.29/Help/prop_sf/COMPILE_FLAGS.rst
-- Installing: /Users/jake/dev/jsavin/Frontier/third_party/cmake-src/../cmake-install/share/cmake-3.29/Help/prop_sf/VS_SHADER_DISABLE_OPTIMIZATIONS.rst
-- Installing: /Users/jake/dev/jsavin/Frontier/third_party/cmake-src/../cmake-install/share/cmake-3.29/Help/prop_sf/AUTOUIC_OPTIONS.rst
-- Installing: /Users/jake/dev/jsavin/Frontier/third_party/cmake-src/../cmake-install/share/cmake-3.29/Help/prop_sf/WRAP_EXCLUDE.rst
-- Installing: /Users/jake/dev/jsavin/Frontier/third_party/cmake-src/../cmake-install/share/cmake-3.29/Help/prop_sf/LABELS.rst
-- Installing: /Users/jake/dev/jsavin/Frontier/third_party/cmake-src/../cmake-install/share/cmake-3.29/Help/prop_sf/VS_SHADER_FLAGS.rst
-- Installing: /Users/jake/dev/jsavin/Frontier/third_party/cmake-src/../cmake-install/share/cmake-3.29/Help/prop_sf/INCLUDE_DIRECTORIES.rst
-- Installing: /Users/jake/dev/jsavin/Frontier/third_party/cmake-src/../cmake-install/share/cmake-3.29/Help/prop_sf/SKIP_AUTOGEN.rst
-- Installing: /Users/jake/dev/jsavin/Frontier/third_party/cmake-src/../cmake-install/share/cmake-3.29/Help/release
-- Installing: /Users/jake/dev/jsavin/Frontier/third_party/cmake-src/../cmake-install/share/cmake-3.29/Help/release/3.0.rst
-- Installing: /Users/jake/dev/jsavin/Frontier/third_party/cmake-src/../cmake-install/share/cmake-3.29/Help/release/3.1.rst
-- Installing: /Users/jake/dev/jsavin/Frontier/third_party/cmake-src/../cmake-install/share/cmake-3.29/Help/release/index.rst
-- Installing: /Users/jake/dev/jsavin/Frontier/third_party/cmake-src/../cmake-install/share/cmake-3.29/Help/release/3.3.rst
-- Installing: /Users/jake/dev/jsavin/Frontier/third_party/cmake-src/../cmake-install/share/cmake-3.29/Help/release/3.2.rst
-- Installing: /Users/jake/dev/jsavin/Frontier/third_party/cmake-src/../cmake-install/share/cmake-3.29/Help/release/3.6.rst
-- Installing: /Users/jake/dev/jsavin/Frontier/third_party/cmake-src/../cmake-install/share/cmake-3.29/Help/release/3.7.rst
-- Installing: /Users/jake/dev/jsavin/Frontier/third_party/cmake-src/../cmake-install/share/cmake-3.29/Help/release/dev.txt
-- Installing: /Users/jake/dev/jsavin/Frontier/third_party/cmake-src/../cmake-install/share/cmake-3.29/Help/release/3.5.rst
-- Installing: /Users/jake/dev/jsavin/Frontier/third_party/cmake-src/../cmake-install/share/cmake-3.29/Help/release/3.4.rst
-- Installing: /Users/jake/dev/jsavin/Frontier/third_party/cmake-src/../cmake-install/share/cmake-3.29/Help/release/3.21.rst
-- Installing: /Users/jake/dev/jsavin/Frontier/third_party/cmake-src/../cmake-install/share/cmake-3.29/Help/release/3.20.rst
-- Installing: /Users/jake/dev/jsavin/Frontier/third_party/cmake-src/../cmake-install/share/cmake-3.29/Help/release/3.22.rst
-- Installing: /Users/jake/dev/jsavin/Frontier/third_party/cmake-src/../cmake-install/share/cmake-3.29/Help/release/3.23.rst
-- Installing: /Users/jake/dev/jsavin/Frontier/third_party/cmake-src/../cmake-install/share/cmake-3.29/Help/release/3.27.rst
-- Installing: /Users/jake/dev/jsavin/Frontier/third_party/cmake-src/../cmake-install/share/cmake-3.29/Help/release/3.26.rst
-- Installing: /Users/jake/dev/jsavin/Frontier/third_party/cmake-src/../cmake-install/share/cmake-3.29/Help/release/3.18.rst
-- Installing: /Users/jake/dev/jsavin/Frontier/third_party/cmake-src/../cmake-install/share/cmake-3.29/Help/release/3.24.rst
-- Installing: /Users/jake/dev/jsavin/Frontier/third_party/cmake-src/../cmake-install/share/cmake-3.29/Help/release/3.25.rst
-- Installing: /Users/jake/dev/jsavin/Frontier/third_party/cmake-src/../cmake-install/share/cmake-3.29/Help/release/3.19.rst
-- Installing: /Users/jake/dev/jsavin/Frontier/third_party/cmake-src/../cmake-install/share/cmake-3.29/Help/release/3.14.rst
-- Installing: /Users/jake/dev/jsavin/Frontier/third_party/cmake-src/../cmake-install/share/cmake-3.29/Help/release/3.28.rst
-- Installing: /Users/jake/dev/jsavin/Frontier/third_party/cmake-src/../cmake-install/share/cmake-3.29/Help/release/3.29.rst
-- Installing: /Users/jake/dev/jsavin/Frontier/third_party/cmake-src/../cmake-install/share/cmake-3.29/Help/release/3.15.rst
-- Installing: /Users/jake/dev/jsavin/Frontier/third_party/cmake-src/../cmake-install/share/cmake-3.29/Help/release/3.17.rst
-- Installing: /Users/jake/dev/jsavin/Frontier/third_party/cmake-src/../cmake-install/share/cmake-3.29/Help/release/3.16.rst
-- Installing: /Users/jake/dev/jsavin/Frontier/third_party/cmake-src/../cmake-install/share/cmake-3.29/Help/release/3.12.rst
-- Installing: /Users/jake/dev/jsavin/Frontier/third_party/cmake-src/../cmake-install/share/cmake-3.29/Help/release/3.13.rst
-- Installing: /Users/jake/dev/jsavin/Frontier/third_party/cmake-src/../cmake-install/share/cmake-3.29/Help/release/3.11.rst
-- Installing: /Users/jake/dev/jsavin/Frontier/third_party/cmake-src/../cmake-install/share/cmake-3.29/Help/release/3.10.rst
-- Installing: /Users/jake/dev/jsavin/Frontier/third_party/cmake-src/../cmake-install/share/cmake-3.29/Help/release/3.9.rst
-- Installing: /Users/jake/dev/jsavin/Frontier/third_party/cmake-src/../cmake-install/share/cmake-3.29/Help/release/3.8.rst
-- Installing: /Users/jake/dev/jsavin/Frontier/third_party/cmake-src/../cmake-install/share/cmake-3.29/Help/prop_tgt
-- Installing: /Users/jake/dev/jsavin/Frontier/third_party/cmake-src/../cmake-install/share/cmake-3.29/Help/prop_tgt/IMPORTED_NO_SYSTEM.rst
-- Installing: /Users/jake/dev/jsavin/Frontier/third_party/cmake-src/../cmake-install/share/cmake-3.29/Help/prop_tgt/ANDROID_JAR_DIRECTORIES.rst
-- Installing: /Users/jake/dev/jsavin/Frontier/third_party/cmake-src/../cmake-install/share/cmake-3.29/Help/prop_tgt/SOURCES.rst
-- Installing: /Users/jake/dev/jsavin/Frontier/third_party/cmake-src/../cmake-install/share/cmake-3.29/Help/prop_tgt/MAP_IMPORTED_CONFIG_CONFIG.rst
-- Installing: /Users/jake/dev/jsavin/Frontier/third_party/cmake-src/../cmake-install/share/cmake-3.29/Help/prop_tgt/COMPILE_PDB_NOTE.txt
-- Installing: /Users/jake/dev/jsavin/Frontier/third_party/cmake-src/../cmake-install/share/cmake-3.29/Help/prop_tgt/HAS_CXX.rst
-- Installing: /Users/jake/dev/jsavin/Frontier/third_party/cmake-src/../cmake-install/share/cmake-3.29/Help/prop_tgt/ANDROID_PROGUARD_CONFIG_PATH.rst
-- Installing: /Users/jake/dev/jsavin/Frontier/third_party/cmake-src/../cmake-install/share/cmake-3.29/Help/prop_tgt/VS_SOURCE_SETTINGS_tool.rst
-- Installing: /Users/jake/dev/jsavin/Frontier/third_party/cmake-src/../cmake-install/share/cmake-3.29/Help/prop_tgt/INTERFACE_CXX_MODULE_SETS.rst
-- Installing: /Users/jake/dev/jsavin/Frontier/third_party/cmake-src/../cmake-install/share/cmake-3.29/Help/prop_tgt/VS_WINDOWS_TARGET_PLATFORM_MIN_VERSION.rst
-- Installing: /Users/jake/dev/jsavin/Frontier/third_party/cmake-src/../cmake-install/share/cmake-3.29/Help/prop_tgt/IMPORTED.rst
-- Installing: /Users/jake/dev/jsavin/Frontier/third_party/cmake-src/../cmake-install/share/cmake-3.29/Help/prop_tgt/LANG_CLANG_TIDY_EXPORT_FIXES_DIR.rst
-- Installing: /Users/jake/dev/jsavin/Frontier/third_party/cmake-src/../cmake-install/share/cmake-3.29/Help/prop_tgt/MACOSX_BUNDLE_INFO_PLIST.rst
-- Installing: /Users/jake/dev/jsavin/Frontier/third_party/cmake-src/../cmake-install/share/cmake-3.29/Help/prop_tgt/CUDA_PTX_COMPILATION.rst
-- Installing: /Users/jake/dev/jsavin/Frontier/third_party/cmake-src/../cmake-install/share/cmake-3.29/Help/prop_tgt/HEADER_DIRS_NAME.rst
-- Installing: /Users/jake/dev/jsavin/Frontier/third_party/cmake-src/../cmake-install/share/cmake-3.29/Help/prop_tgt/VS_USER_PROPS.rst
-- Installing: /Users/jake/dev/jsavin/Frontier/third_party/cmake-src/../cmake-install/share/cmake-3.29/Help/prop_tgt/ARCHIVE_OUTPUT_NAME.rst
-- Installing: /Users/jake/dev/jsavin/Frontier/third_party/cmake-src/../cmake-install/share/cmake-3.29/Help/prop_tgt/XCODE_EMBED_FRAMEWORKS_CODE_SIGN_ON_COPY.rst
-- Installing: /Users/jake/dev/jsavin/Frontier/third_party/cmake-src/../cmake-install/share/cmake-3.29/Help/prop_tgt/AUTOGEN_ORIGIN_DEPENDS.rst
-- Installing: /Users/jake/dev/jsavin/Frontier/third_party/cmake-src/../cmake-install/share/cmake-3.29/Help/prop_tgt/LINK_INTERFACE_MULTIPLICITY.rst
-- Installing: /Users/jake/dev/jsavin/Frontier/third_party/cmake-src/../cmake-install/share/cmake-3.29/Help/prop_tgt/IMPORTED_LINK_DEPENDENT_LIBRARIES_CONFIG.rst
-- Installing: /Users/jake/dev/jsavin/Frontier/third_party/cmake-src/../cmake-install/share/cmake-3.29/Help/prop_tgt/IMPORTED_LINK_INTERFACE_LIBRARIES.rst
-- Installing: /Users/jake/dev/jsavin/Frontier/third_party/cmake-src/../cmake-install/share/cmake-3.29/Help/prop_tgt/IMPORTED_NO_SONAME.rst
-- Installing: /Users/jake/dev/jsavin/Frontier/third_party/cmake-src/../cmake-install/share/cmake-3.29/Help/prop_tgt/VS_SCC_AUXPATH.rst
-- Installing: /Users/jake/dev/jsavin/Frontier/third_party/cmake-src/../cmake-install/share/cmake-3.29/Help/prop_tgt/COMPILE_OPTIONS.rst
-- Installing: /Users/jake/dev/jsavin/Frontier/third_party/cmake-src/../cmake-install/share/cmake-3.29/Help/prop_tgt/INTERFACE_SYSTEM_INCLUDE_DIRECTORIES.rst
-- Installing: /Users/jake/dev/jsavin/Frontier/third_party/cmake-src/../cmake-install/share/cmake-3.29/Help/prop_tgt/TYPE.rst
-- Installing: /Users/jake/dev/jsavin/Frontier/third_party/cmake-src/../cmake-install/share/cmake-3.29/Help/prop_tgt/XCODE_SCHEME_MAIN_THREAD_CHECKER_STOP.rst
-- Installing: /Users/jake/dev/jsavin/Frontier/third_party/cmake-src/../cmake-install/share/cmake-3.29/Help/prop_tgt/ANDROID_NATIVE_LIB_DIRECTORIES.rst
-- Installing: /Users/jake/dev/jsavin/Frontier/third_party/cmake-src/../cmake-install/share/cmake-3.29/Help/prop_tgt/EXCLUDE_FROM_DEFAULT_BUILD.rst
-- Installing: /Users/jake/dev/jsavin/Frontier/third_party/cmake-src/../cmake-install/share/cmake-3.29/Help/prop_tgt/CUDA_ARCHITECTURES.rst
-- Installing: /Users/jake/dev/jsavin/Frontier/third_party/cmake-src/../cmake-install/share/cmake-3.29/Help/prop_tgt/LINK_WHAT_YOU_USE.rst
-- Installing: /Users/jake/dev/jsavin/Frontier/third_party/cmake-src/../cmake-install/share/cmake-3.29/Help/prop_tgt/CUDA_RESOLVE_DEVICE_SYMBOLS.rst
-- Installing: /Users/jake/dev/jsavin/Frontier/third_party/cmake-src/../cmake-install/share/cmake-3.29/Help/prop_tgt/IMPORTED_LOCATION_CONFIG.rst
-- Installing: /Users/jake/dev/jsavin/Frontier/third_party/cmake-src/../cmake-install/share/cmake-3.29/Help/prop_tgt/VS_DOTNET_REFERENCES_COPY_LOCAL.rst
-- Installing: /Users/jake/dev/jsavin/Frontier/third_party/cmake-src/../cmake-install/share/cmake-3.29/Help/prop_tgt/VS_DESKTOP_EXTENSIONS_VERSION.rst
-- Installing: /Users/jake/dev/jsavin/Frontier/third_party/cmake-src/../cmake-install/share/cmake-3.29/Help/prop_tgt/VS_WINRT_REFERENCES.rst
-- Installing: /Users/jake/dev/jsavin/Frontier/third_party/cmake-src/../cmake-install/share/cmake-3.29/Help/prop_tgt/INTERPROCEDURAL_OPTIMIZATION.rst
-- Installing: /Users/jake/dev/jsavin/Frontier/third_party/cmake-src/../cmake-install/share/cmake-3.29/Help/prop_tgt/XCODE_SCHEME_DISABLE_MAIN_THREAD_CHECKER.rst
-- Installing: /Users/jake/dev/jsavin/Frontier/third_party/cmake-src/../cmake-install/share/cmake-3.29/Help/prop_tgt/VS_GLOBAL_KEYWORD.rst
-- Installing: /Users/jake/dev/jsavin/Frontier/third_party/cmake-src/../cmake-install/share/cmake-3.29/Help/prop_tgt/UNITY_BUILD_CODE_AFTER_INCLUDE.rst
-- Installing: /Users/jake/dev/jsavin/Frontier/third_party/cmake-src/../cmake-install/share/cmake-3.29/Help/prop_tgt/CXX_MODULE_SET.rst
-- Installing: /Users/jake/dev/jsavin/Frontier/third_party/cmake-src/../cmake-install/share/cmake-3.29/Help/prop_tgt/VS_JUST_MY_CODE_DEBUGGING.rst
-- Installing: /Users/jake/dev/jsavin/Frontier/third_party/cmake-src/../cmake-install/share/cmake-3.29/Help/prop_tgt/LINK_DEPENDS_NO_SHARED.rst
-- Installing: /Users/jake/dev/jsavin/Frontier/third_party/cmake-src/../cmake-install/share/cmake-3.29/Help/prop_tgt/CROSSCOMPILING_EMULATOR.rst
-- Installing: /Users/jake/dev/jsavin/Frontier/third_party/cmake-src/../cmake-install/share/cmake-3.29/Help/prop_tgt/VS_GLOBAL_variable.rst
-- Installing: /Users/jake/dev/jsavin/Frontier/third_party/cmake-src/../cmake-install/share/cmake-3.29/Help/prop_tgt/OSX_ARCHITECTURES_CONFIG.rst
-- Installing: /Users/jake/dev/jsavin/Frontier/third_party/cmake-src/../cmake-install/share/cmake-3.29/Help/prop_tgt/EXPORT_FIND_PACKAGE_NAME.rst
-- Installing: /Users/jake/dev/jsavin/Frontier/third_party/cmake-src/../cmake-install/share/cmake-3.29/Help/prop_tgt/UNITY_BUILD_UNIQUE_ID.rst
-- Installing: /Users/jake/dev/jsavin/Frontier/third_party/cmake-src/../cmake-install/share/cmake-3.29/Help/prop_tgt/PDB_NOTE.txt
-- Installing: /Users/jake/dev/jsavin/Frontier/third_party/cmake-src/../cmake-install/share/cmake-3.29/Help/prop_tgt/ANDROID_API.rst
-- Installing: /Users/jake/dev/jsavin/Frontier/third_party/cmake-src/../cmake-install/share/cmake-3.29/Help/prop_tgt/LINK_INTERFACE_MULTIPLICITY_CONFIG.rst
-- Installing: /Users/jake/dev/jsavin/Frontier/third_party/cmake-src/../cmake-install/share/cmake-3.29/Help/prop_tgt/LANG_EXTENSIONS.rst
-- Installing: /Users/jake/dev/jsavin/Frontier/third_party/cmake-src/../cmake-install/share/cmake-3.29/Help/prop_tgt/XCODE_ATTRIBUTE_an-attribute.rst
-- Installing: /Users/jake/dev/jsavin/Frontier/third_party/cmake-src/../cmake-install/share/cmake-3.29/Help/prop_tgt/INTERFACE_LINK_LIBRARIES_DIRECT.txt
-- Installing: /Users/jake/dev/jsavin/Frontier/third_party/cmake-src/../cmake-install/share/cmake-3.29/Help/prop_tgt/DLL_NAME_WITH_SOVERSION.rst
-- Installing: /Users/jake/dev/jsavin/Frontier/third_party/cmake-src/../cmake-install/share/cmake-3.29/Help/prop_tgt/CUDA_OPTIX_COMPILATION.rst
-- Installing: /Users/jake/dev/jsavin/Frontier/third_party/cmake-src/../cmake-install/share/cmake-3.29/Help/prop_tgt/VS_DEBUGGER_WORKING_DIRECTORY.rst
-- Installing: /Users/jake/dev/jsavin/Frontier/third_party/cmake-src/../cmake-install/share/cmake-3.29/Help/prop_tgt/VS_NO_SOLUTION_DEPLOY.rst
-- Installing: /Users/jake/dev/jsavin/Frontier/third_party/cmake-src/../cmake-install/share/cmake-3.29/Help/prop_tgt/XXX_OUTPUT_DIRECTORY.txt
-- Installing: /Users/jake/dev/jsavin/Frontier/third_party/cmake-src/../cmake-install/share/cmake-3.29/Help/prop_tgt/COMPILE_FEATURES.rst
-- Installing: /Users/jake/dev/jsavin/Frontier/third_party/cmake-src/../cmake-install/share/cmake-3.29/Help/prop_tgt/NO_SYSTEM_FROM_IMPORTED.rst
-- Installing: /Users/jake/dev/jsavin/Frontier/third_party/cmake-src/../cmake-install/share/cmake-3.29/Help/prop_tgt/OBJCXX_EXTENSIONS.rst
-- Installing: /Users/jake/dev/jsavin/Frontier/third_party/cmake-src/../cmake-install/share/cmake-3.29/Help/prop_tgt/LINK_OPTIONS.rst
-- Installing: /Users/jake/dev/jsavin/Frontier/third_party/cmake-src/../cmake-install/share/cmake-3.29/Help/prop_tgt/ANDROID_ASSETS_DIRECTORIES.rst
-- Installing: /Users/jake/dev/jsavin/Frontier/third_party/cmake-src/../cmake-install/share/cmake-3.29/Help/prop_tgt/INTERFACE_BUILD_PROPERTY.txt
-- Installing: /Users/jake/dev/jsavin/Frontier/third_party/cmake-src/../cmake-install/share/cmake-3.29/Help/prop_tgt/XCODE_EMBED_type_REMOVE_HEADERS_ON_COPY.rst
-- Installing: /Users/jake/dev/jsavin/Frontier/third_party/cmake-src/../cmake-install/share/cmake-3.29/Help/prop_tgt/GHS_INTEGRITY_APP.rst
-- Installing: /Users/jake/dev/jsavin/Frontier/third_party/cmake-src/../cmake-install/share/cmake-3.29/Help/prop_tgt/XCODE_SCHEME_UNDEFINED_BEHAVIOUR_SANITIZER.rst
-- Installing: /Users/jake/dev/jsavin/Frontier/third_party/cmake-src/../cmake-install/share/cmake-3.29/Help/prop_tgt/INTERFACE_COMPILE_FEATURES.rst
-- Installing: /Users/jake/dev/jsavin/Frontier/third_party/cmake-src/../cmake-install/share/cmake-3.29/Help/prop_tgt/LINK_LIBRARIES_INDIRECTION.txt
-- Installing: /Users/jake/dev/jsavin/Frontier/third_party/cmake-src/../cmake-install/share/cmake-3.29/Help/prop_tgt/CUDA_SEPARABLE_COMPILATION.rst
-- Installing: /Users/jake/dev/jsavin/Frontier/third_party/cmake-src/../cmake-install/share/cmake-3.29/Help/prop_tgt/IMPORTED_GLOBAL.rst
-- Installing: /Users/jake/dev/jsavin/Frontier/third_party/cmake-src/../cmake-install/share/cmake-3.29/Help/prop_tgt/PROJECT_LABEL.rst
-- Installing: /Users/jake/dev/jsavin/Frontier/third_party/cmake-src/../cmake-install/share/cmake-3.29/Help/prop_tgt/LINK_LIBRARY_OVERRIDE.rst
-- Installing: /Users/jake/dev/jsavin/Frontier/third_party/cmake-src/../cmake-install/share/cmake-3.29/Help/prop_tgt/VS_WINRT_COMPONENT.rst
-- Installing: /Users/jake/dev/jsavin/Frontier/third_party/cmake-src/../cmake-install/share/cmake-3.29/Help/prop_tgt/DEPLOYMENT_REMOTE_DIRECTORY.rst
-- Installing: /Users/jake/dev/jsavin/Frontier/third_party/cmake-src/../cmake-install/share/cmake-3.29/Help/prop_tgt/VS_IOT_STARTUP_TASK.rst
-- Installing: /Users/jake/dev/jsavin/Frontier/third_party/cmake-src/../cmake-install/share/cmake-3.29/Help/prop_tgt/OUTPUT_NAME.rst
-- Installing: /Users/jake/dev/jsavin/Frontier/third_party/cmake-src/../cmake-install/share/cmake-3.29/Help/prop_tgt/LINK_SEARCH_END_STATIC.rst
-- Installing: /Users/jake/dev/jsavin/Frontier/third_party/cmake-src/../cmake-install/share/cmake-3.29/Help/prop_tgt/VS_GLOBAL_ROOTNAMESPACE.rst
-- Installing: /Users/jake/dev/jsavin/Frontier/third_party/cmake-src/../cmake-install/share/cmake-3.29/Help/prop_tgt/VS_SOLUTION_DEPLOY.rst
-- Installing: /Users/jake/dev/jsavin/Frontier/third_party/cmake-src/../cmake-install/share/cmake-3.29/Help/prop_tgt/MACOS_IMPORT_FILES.txt
-- Installing: /Users/jake/dev/jsavin/Frontier/third_party/cmake-src/../cmake-install/share/cmake-3.29/Help/prop_tgt/MSVC_DEBUG_INFORMATION_FORMAT.rst
-- Installing: /Users/jake/dev/jsavin/Frontier/third_party/cmake-src/../cmake-install/share/cmake-3.29/Help/prop_tgt/HIP_EXTENSIONS.rst
-- Installing: /Users/jake/dev/jsavin/Frontier/third_party/cmake-src/../cmake-install/share/cmake-3.29/Help/prop_tgt/XCODE_SCHEME_ARGUMENTS.rst
-- Installing: /Users/jake/dev/jsavin/Frontier/third_party/cmake-src/../cmake-install/share/cmake-3.29/Help/prop_tgt/IMPORTED_CXX_MODULES_COMPILE_FEATURES.rst
-- Installing: /Users/jake/dev/jsavin/Frontier/third_party/cmake-src/../cmake-install/share/cmake-3.29/Help/prop_tgt/COMPILE_WARNING_AS_ERROR.rst
-- Installing: /Users/jake/dev/jsavin/Frontier/third_party/cmake-src/../cmake-install/share/cmake-3.29/Help/prop_tgt/VS_DOTNET_REFERENCES.rst
-- Installing: /Users/jake/dev/jsavin/Frontier/third_party/cmake-src/../cmake-install/share/cmake-3.29/Help/prop_tgt/INTERFACE_AUTOMOC_MACRO_NAMES.rst
-- Installing: /Users/jake/dev/jsavin/Frontier/third_party/cmake-src/../cmake-install/share/cmake-3.29/Help/prop_tgt/CXX_MODULE_DIRS_NAME.rst
-- Installing: /Users/jake/dev/jsavin/Frontier/third_party/cmake-src/../cmake-install/share/cmake-3.29/Help/prop_tgt/PREFIX.rst
-- Installing: /Users/jake/dev/jsavin/Frontier/third_party/cmake-src/../cmake-install/share/cmake-3.29/Help/prop_tgt/ANDROID_JAVA_SOURCE_DIR.rst
-- Installing: /Users/jake/dev/jsavin/Frontier/third_party/cmake-src/../cmake-install/share/cmake-3.29/Help/prop_tgt/VS_CONFIGURATION_TYPE.rst
-- Installing: /Users/jake/dev/jsavin/Frontier/third_party/cmake-src/../cmake-install/share/cmake-3.29/Help/prop_tgt/OPTIMIZE_DEPENDENCIES.rst
-- Installing: /Users/jake/dev/jsavin/Frontier/third_party/cmake-src/../cmake-install/share/cmake-3.29/Help/prop_tgt/ALIASED_TARGET.rst
-- Installing: /Users/jake/dev/jsavin/Frontier/third_party/cmake-src/../cmake-install/share/cmake-3.29/Help/prop_tgt/CXX_STANDARD.rst
-- Installing: /Users/jake/dev/jsavin/Frontier/third_party/cmake-src/../cmake-install/share/cmake-3.29/Help/prop_tgt/XCODE_SCHEME_ZOMBIE_OBJECTS.rst
-- Installing: /Users/jake/dev/jsavin/Frontier/third_party/cmake-src/../cmake-install/share/cmake-3.29/Help/prop_tgt/AUTOUIC_EXECUTABLE.rst
-- Installing: /Users/jake/dev/jsavin/Frontier/third_party/cmake-src/../cmake-install/share/cmake-3.29/Help/prop_tgt/INSTALL_NAME_DIR.rst
-- Installing: /Users/jake/dev/jsavin/Frontier/third_party/cmake-src/../cmake-install/share/cmake-3.29/Help/prop_tgt/ISPC_HEADER_DIRECTORY.rst
-- Installing: /Users/jake/dev/jsavin/Frontier/third_party/cmake-src/../cmake-install/share/cmake-3.29/Help/prop_tgt/VS_PLATFORM_TOOLSET.rst
-- Installing: /Users/jake/dev/jsavin/Frontier/third_party/cmake-src/../cmake-install/share/cmake-3.29/Help/prop_tgt/IMPORT_SUFFIX.rst
-- Installing: /Users/jake/dev/jsavin/Frontier/third_party/cmake-src/../cmake-install/share/cmake-3.29/Help/prop_tgt/FRAMEWORK_MULTI_CONFIG_POSTFIX_CONFIG.rst
-- Installing: /Users/jake/dev/jsavin/Frontier/third_party/cmake-src/../cmake-install/share/cmake-3.29/Help/prop_tgt/VS_DEBUGGER_ENVIRONMENT.rst
-- Installing: /Users/jake/dev/jsavin/Frontier/third_party/cmake-src/../cmake-install/share/cmake-3.29/Help/prop_tgt/XCODE_LINK_BUILD_PHASE_MODE.rst
-- Installing: /Users/jake/dev/jsavin/Frontier/third_party/cmake-src/../cmake-install/share/cmake-3.29/Help/prop_tgt/MSVC_DEBUG_INFORMATION_FORMAT-VALUES.txt
-- Installing: /Users/jake/dev/jsavin/Frontier/third_party/cmake-src/../cmake-install/share/cmake-3.29/Help/prop_tgt/ANDROID_ANT_ADDITIONAL_OPTIONS.rst
-- Installing: /Users/jake/dev/jsavin/Frontier/third_party/cmake-src/../cmake-install/share/cmake-3.29/Help/prop_tgt/AUTORCC_EXECUTABLE.rst
-- Installing: /Users/jake/dev/jsavin/Frontier/third_party/cmake-src/../cmake-install/share/cmake-3.29/Help/prop_tgt/BUNDLE.rst
-- Installing: /Users/jake/dev/jsavin/Frontier/third_party/cmake-src/../cmake-install/share/cmake-3.29/Help/prop_tgt/ANDROID_SKIP_ANT_STEP.rst
-- Installing: /Users/jake/dev/jsavin/Frontier/third_party/cmake-src/../cmake-install/share/cmake-3.29/Help/prop_tgt/INTERFACE_HEADER_SETS.rst
-- Installing: /Users/jake/dev/jsavin/Frontier/third_party/cmake-src/../cmake-install/share/cmake-3.29/Help/prop_tgt/PRECOMPILE_HEADERS_REUSE_FROM.rst
-- Installing: /Users/jake/dev/jsavin/Frontier/third_party/cmake-src/../cmake-install/share/cmake-3.29/Help/prop_tgt/AUTOUIC_SEARCH_PATHS.rst
-- Installing: /Users/jake/dev/jsavin/Frontier/third_party/cmake-src/../cmake-install/share/cmake-3.29/Help/prop_tgt/LIBRARY_OUTPUT_NAME.rst
-- Installing: /Users/jake/dev/jsavin/Frontier/third_party/cmake-src/../cmake-install/share/cmake-3.29/Help/prop_tgt/XCODE_XCCONFIG.rst
-- Installing: /Users/jake/dev/jsavin/Frontier/third_party/cmake-src/../cmake-install/share/cmake-3.29/Help/prop_tgt/Swift_COMPILATION_MODE.rst
-- Installing: /Users/jake/dev/jsavin/Frontier/third_party/cmake-src/../cmake-install/share/cmake-3.29/Help/prop_tgt/AUTOMOC_MOC_OPTIONS.rst
-- Installing: /Users/jake/dev/jsavin/Frontier/third_party/cmake-src/../cmake-install/share/cmake-3.29/Help/prop_tgt/VERSION_SOVERSION_EXAMPLE.txt
-- Installing: /Users/jake/dev/jsavin/Frontier/third_party/cmake-src/../cmake-install/share/cmake-3.29/Help/prop_tgt/IMPORTED_LINK_INTERFACE_LANGUAGES.rst
-- Installing: /Users/jake/dev/jsavin/Frontier/third_party/cmake-src/../cmake-install/share/cmake-3.29/Help/prop_tgt/AUTOGEN_PARALLEL.rst
-- Installing: /Users/jake/dev/jsavin/Frontier/third_party/cmake-src/../cmake-install/share/cmake-3.29/Help/prop_tgt/LINKER_LANGUAGE.rst
-- Installing: /Users/jake/dev/jsavin/Frontier/third_party/cmake-src/../cmake-install/share/cmake-3.29/Help/prop_tgt/GENERATOR_FILE_NAME.rst
-- Installing: /Users/jake/dev/jsavin/Frontier/third_party/cmake-src/../cmake-install/share/cmake-3.29/Help/prop_tgt/MACOSX_FRAMEWORK_INFO_PLIST.rst
-- Installing: /Users/jake/dev/jsavin/Frontier/third_party/cmake-src/../cmake-install/share/cmake-3.29/Help/prop_tgt/VISIBILITY_INLINES_HIDDEN.rst
-- Installing: /Users/jake/dev/jsavin/Frontier/third_party/cmake-src/../cmake-install/share/cmake-3.29/Help/prop_tgt/ANDROID_SECURE_PROPS_PATH.rst
-- Installing: /Users/jake/dev/jsavin/Frontier/third_party/cmake-src/../cmake-install/share/cmake-3.29/Help/prop_tgt/VS_DOTNET_REFERENCE_refname.rst
-- Installing: /Users/jake/dev/jsavin/Frontier/third_party/cmake-src/../cmake-install/share/cmake-3.29/Help/prop_tgt/XCODE_EXPLICIT_FILE_TYPE.rst
-- Installing: /Users/jake/dev/jsavin/Frontier/third_party/cmake-src/../cmake-install/share/cmake-3.29/Help/prop_tgt/IMPORTED_SONAME.rst
-- Installing: /Users/jake/dev/jsavin/Frontier/third_party/cmake-src/../cmake-install/share/cmake-3.29/Help/prop_tgt/RUNTIME_OUTPUT_DIRECTORY.rst
-- Installing: /Users/jake/dev/jsavin/Frontier/third_party/cmake-src/../cmake-install/share/cmake-3.29/Help/prop_tgt/XCODE_EMBED_type.rst
-- Installing: /Users/jake/dev/jsavin/Frontier/third_party/cmake-src/../cmake-install/share/cmake-3.29/Help/prop_tgt/ANDROID_JAR_DEPENDENCIES.rst
-- Installing: /Users/jake/dev/jsavin/Frontier/third_party/cmake-src/../cmake-install/share/cmake-3.29/Help/prop_tgt/XCODE_SCHEME_ADDRESS_SANITIZER_USE_AFTER_RETURN.rst
-- Installing: /Users/jake/dev/jsavin/Frontier/third_party/cmake-src/../cmake-install/share/cmake-3.29/Help/prop_tgt/INTERFACE_LINK_DEPENDS.rst
-- Installing: /Users/jake/dev/jsavin/Frontier/third_party/cmake-src/../cmake-install/share/cmake-3.29/Help/prop_tgt/IOS_INSTALL_COMBINED.rst
-- Installing: /Users/jake/dev/jsavin/Frontier/third_party/cmake-src/../cmake-install/share/cmake-3.29/Help/prop_tgt/XCODE_SCHEME_DEBUG_AS_ROOT.rst
-- Installing: /Users/jake/dev/jsavin/Frontier/third_party/cmake-src/../cmake-install/share/cmake-3.29/Help/prop_tgt/LANG_LINKER_LAUNCHER.rst
-- Installing: /Users/jake/dev/jsavin/Frontier/third_party/cmake-src/../cmake-install/share/cmake-3.29/Help/prop_tgt/CUDA_EXTENSIONS.rst
-- Installing: /Users/jake/dev/jsavin/Frontier/third_party/cmake-src/../cmake-install/share/cmake-3.29/Help/prop_tgt/COMPATIBLE_INTERFACE_NUMBER_MAX.rst
-- Installing: /Users/jake/dev/jsavin/Frontier/third_party/cmake-src/../cmake-install/share/cmake-3.29/Help/prop_tgt/UNITY_BUILD_BATCH_SIZE.rst
-- Installing: /Users/jake/dev/jsavin/Frontier/third_party/cmake-src/../cmake-install/share/cmake-3.29/Help/prop_tgt/COMPILE_DEFINITIONS_CONFIG.rst
-- Installing: /Users/jake/dev/jsavin/Frontier/third_party/cmake-src/../cmake-install/share/cmake-3.29/Help/prop_tgt/C_STANDARD.rst
-- Installing: /Users/jake/dev/jsavin/Frontier/third_party/cmake-src/../cmake-install/share/cmake-3.29/Help/prop_tgt/LINK_LIBRARY_OVERRIDE_LIBRARY.rst
-- Installing: /Users/jake/dev/jsavin/Frontier/third_party/cmake-src/../cmake-install/share/cmake-3.29/Help/prop_tgt/INSTALL_RPATH_USE_LINK_PATH.rst
-- Installing: /Users/jake/dev/jsavin/Frontier/third_party/cmake-src/../cmake-install/share/cmake-3.29/Help/prop_tgt/Swift_MODULE_DIRECTORY.rst
-- Installing: /Users/jake/dev/jsavin/Frontier/third_party/cmake-src/../cmake-install/share/cmake-3.29/Help/prop_tgt/SYSTEM.rst
-- Installing: /Users/jake/dev/jsavin/Frontier/third_party/cmake-src/../cmake-install/share/cmake-3.29/Help/prop_tgt/INTERFACE_INCLUDE_DIRECTORIES.rst
-- Installing: /Users/jake/dev/jsavin/Frontier/third_party/cmake-src/../cmake-install/share/cmake-3.29/Help/prop_tgt/IMPORTED_LINK_INTERFACE_LANGUAGES_CONFIG.rst
-- Installing: /Users/jake/dev/jsavin/Frontier/third_party/cmake-src/../cmake-install/share/cmake-3.29/Help/prop_tgt/LINK_LIBRARIES_ONLY_TARGETS.rst
-- Installing: /Users/jake/dev/jsavin/Frontier/third_party/cmake-src/../cmake-install/share/cmake-3.29/Help/prop_tgt/VS_SCC_LOCALPATH.rst
-- Installing: /Users/jake/dev/jsavin/Frontier/third_party/cmake-src/../cmake-install/share/cmake-3.29/Help/prop_tgt/XCODE_PRODUCT_TYPE.rst
-- Installing: /Users/jake/dev/jsavin/Frontier/third_party/cmake-src/../cmake-install/share/cmake-3.29/Help/prop_tgt/OBJC_EXTENSIONS.rst
-- Installing: /Users/jake/dev/jsavin/Frontier/third_party/cmake-src/../cmake-install/share/cmake-3.29/Help/prop_tgt/DEPLOYMENT_ADDITIONAL_FILES.rst
-- Installing: /Users/jake/dev/jsavin/Frontier/third_party/cmake-src/../cmake-install/share/cmake-3.29/Help/prop_tgt/MACHO_CURRENT_VERSION.rst
-- Installing: /Users/jake/dev/jsavin/Frontier/third_party/cmake-src/../cmake-install/share/cmake-3.29/Help/prop_tgt/INTERFACE_AUTOUIC_OPTIONS.rst
-- Installing: /Users/jake/dev/jsavin/Frontier/third_party/cmake-src/../cmake-install/share/cmake-3.29/Help/prop_tgt/CUDA_STANDARD.rst
-- Installing: /Users/jake/dev/jsavin/Frontier/third_party/cmake-src/../cmake-install/share/cmake-3.29/Help/prop_tgt/OBJC_STANDARD_REQUIRED.rst
-- Installing: /Users/jake/dev/jsavin/Frontier/third_party/cmake-src/../cmake-install/share/cmake-3.29/Help/prop_tgt/GNUtoMS.rst
-- Installing: /Users/jake/dev/jsavin/Frontier/third_party/cmake-src/../cmake-install/share/cmake-3.29/Help/prop_tgt/XCODE_SCHEME_MALLOC_SCRIBBLE.rst
-- Installing: /Users/jake/dev/jsavin/Frontier/third_party/cmake-src/../cmake-install/share/cmake-3.29/Help/prop_tgt/MACOSX_RPATH.rst
-- Installing: /Users/jake/dev/jsavin/Frontier/third_party/cmake-src/../cmake-install/share/cmake-3.29/Help/prop_tgt/BINARY_DIR.rst
-- Installing: /Users/jake/dev/jsavin/Frontier/third_party/cmake-src/../cmake-install/share/cmake-3.29/Help/prop_tgt/JOB_POOL_LINK.rst
-- Installing: /Users/jake/dev/jsavin/Frontier/third_party/cmake-src/../cmake-install/share/cmake-3.29/Help/prop_tgt/CUDA_CUBIN_COMPILATION.rst
-- Installing: /Users/jake/dev/jsavin/Frontier/third_party/cmake-src/../cmake-install/share/cmake-3.29/Help/prop_tgt/Swift_COMPILATION_MODE-VALUES.txt
-- Installing: /Users/jake/dev/jsavin/Frontier/third_party/cmake-src/../cmake-install/share/cmake-3.29/Help/prop_tgt/XCODE_SCHEME_DYNAMIC_LINKER_API_USAGE.rst
-- Installing: /Users/jake/dev/jsavin/Frontier/third_party/cmake-src/../cmake-install/share/cmake-3.29/Help/prop_tgt/VS_SCC_PROVIDER.rst
-- Installing: /Users/jake/dev/jsavin/Frontier/third_party/cmake-src/../cmake-install/share/cmake-3.29/Help/prop_tgt/XCODE_SCHEME_DYNAMIC_LIBRARY_LOADS.rst
-- Installing: /Users/jake/dev/jsavin/Frontier/third_party/cmake-src/../cmake-install/share/cmake-3.29/Help/prop_tgt/LINK_LIBRARIES.rst
-- Installing: /Users/jake/dev/jsavin/Frontier/third_party/cmake-src/../cmake-install/share/cmake-3.29/Help/prop_tgt/XCODE_SCHEME_MALLOC_GUARD_EDGES.rst
-- Installing: /Users/jake/dev/jsavin/Frontier/third_party/cmake-src/../cmake-install/share/cmake-3.29/Help/prop_tgt/XCODE_SCHEME_WORKING_DIRECTORY.rst
-- Installing: /Users/jake/dev/jsavin/Frontier/third_party/cmake-src/../cmake-install/share/cmake-3.29/Help/prop_tgt/IMPLICIT_DEPENDS_INCLUDE_TRANSFORM.rst
-- Installing: /Users/jake/dev/jsavin/Frontier/third_party/cmake-src/../cmake-install/share/cmake-3.29/Help/prop_tgt/MSVC_RUNTIME_LIBRARY.rst
-- Installing: /Users/jake/dev/jsavin/Frontier/third_party/cmake-src/../cmake-install/share/cmake-3.29/Help/prop_tgt/CXX_STANDARD_REQUIRED.rst
-- Installing: /Users/jake/dev/jsavin/Frontier/third_party/cmake-src/../cmake-install/share/cmake-3.29/Help/prop_tgt/STATIC_LIBRARY_FLAGS_CONFIG.rst
-- Installing: /Users/jake/dev/jsavin/Frontier/third_party/cmake-src/../cmake-install/share/cmake-3.29/Help/prop_tgt/VS_WINRT_EXTENSIONS.rst
-- Installing: /Users/jake/dev/jsavin/Frontier/third_party/cmake-src/../cmake-install/share/cmake-3.29/Help/prop_tgt/CUDA_RUNTIME_LIBRARY-VALUES.txt
-- Installing: /Users/jake/dev/jsavin/Frontier/third_party/cmake-src/../cmake-install/share/cmake-3.29/Help/prop_tgt/INTERFACE_LINK_LIBRARIES_DIRECT.rst
-- Installing: /Users/jake/dev/jsavin/Frontier/third_party/cmake-src/../cmake-install/share/cmake-3.29/Help/prop_tgt/ARCHIVE_OUTPUT_DIRECTORY.rst
-- Installing: /Users/jake/dev/jsavin/Frontier/third_party/cmake-src/../cmake-install/share/cmake-3.29/Help/prop_tgt/INTERFACE_SOURCES.rst
-- Installing: /Users/jake/dev/jsavin/Frontier/third_party/cmake-src/../cmake-install/share/cmake-3.29/Help/prop_tgt/Swift_MODULE_NAME.rst
-- Installing: /Users/jake/dev/jsavin/Frontier/third_party/cmake-src/../cmake-install/share/cmake-3.29/Help/prop_tgt/ISPC_INSTRUCTION_SETS.rst
-- Installing: /Users/jake/dev/jsavin/Frontier/third_party/cmake-src/../cmake-install/share/cmake-3.29/Help/prop_tgt/WIN32_EXECUTABLE.rst
-- Installing: /Users/jake/dev/jsavin/Frontier/third_party/cmake-src/../cmake-install/share/cmake-3.29/Help/prop_tgt/ARCHIVE_OUTPUT_NAME_CONFIG.rst
-- Installing: /Users/jake/dev/jsavin/Frontier/third_party/cmake-src/../cmake-install/share/cmake-3.29/Help/prop_tgt/PRE_INSTALL_SCRIPT.rst
-- Installing: /Users/jake/dev/jsavin/Frontier/third_party/cmake-src/../cmake-install/share/cmake-3.29/Help/prop_tgt/HIP_ARCHITECTURES.rst
-- Installing: /Users/jake/dev/jsavin/Frontier/third_party/cmake-src/../cmake-install/share/cmake-3.29/Help/prop_tgt/STATIC_LIBRARY_FLAGS.rst
-- Installing: /Users/jake/dev/jsavin/Frontier/third_party/cmake-src/../cmake-install/share/cmake-3.29/Help/prop_tgt/Fortran_MODULE_DIRECTORY.rst
-- Installing: /Users/jake/dev/jsavin/Frontier/third_party/cmake-src/../cmake-install/share/cmake-3.29/Help/prop_tgt/PDB_OUTPUT_DIRECTORY_CONFIG.rst
-- Installing: /Users/jake/dev/jsavin/Frontier/third_party/cmake-src/../cmake-install/share/cmake-3.29/Help/prop_tgt/EXPORT_NAME.rst
-- Installing: /Users/jake/dev/jsavin/Frontier/third_party/cmake-src/../cmake-install/share/cmake-3.29/Help/prop_tgt/SOURCE_DIR.rst
-- Installing: /Users/jake/dev/jsavin/Frontier/third_party/cmake-src/../cmake-install/share/cmake-3.29/Help/prop_tgt/XCODE_SCHEME_LAUNCH_MODE.rst
-- Installing: /Users/jake/dev/jsavin/Frontier/third_party/cmake-src/../cmake-install/share/cmake-3.29/Help/prop_tgt/ANDROID_PROCESS_MAX.rst
-- Installing: /Users/jake/dev/jsavin/Frontier/third_party/cmake-src/../cmake-install/share/cmake-3.29/Help/prop_tgt/VERIFY_INTERFACE_HEADER_SETS.rst
-- Installing: /Users/jake/dev/jsavin/Frontier/third_party/cmake-src/../cmake-install/share/cmake-3.29/Help/prop_tgt/ADDITIONAL_CLEAN_FILES.rst
-- Installing: /Users/jake/dev/jsavin/Frontier/third_party/cmake-src/../cmake-install/share/cmake-3.29/Help/prop_tgt/DOTNET_SDK.rst
-- Installing: /Users/jake/dev/jsavin/Frontier/third_party/cmake-src/../cmake-install/share/cmake-3.29/Help/prop_tgt/AUTOGEN_USE_SYSTEM_INCLUDE.rst
-- Installing: /Users/jake/dev/jsavin/Frontier/third_party/cmake-src/../cmake-install/share/cmake-3.29/Help/prop_tgt/PDB_NAME_CONFIG.rst
-- Installing: /Users/jake/dev/jsavin/Frontier/third_party/cmake-src/../cmake-install/share/cmake-3.29/Help/prop_tgt/RUNTIME_OUTPUT_DIRECTORY_CONFIG.rst
-- Installing: /Users/jake/dev/jsavin/Frontier/third_party/cmake-src/../cmake-install/share/cmake-3.29/Help/prop_tgt/INTERFACE_COMPILE_DEFINITIONS.rst
-- Installing: /Users/jake/dev/jsavin/Frontier/third_party/cmake-src/../cmake-install/share/cmake-3.29/Help/prop_tgt/INTERFACE_HEADER_SETS_TO_VERIFY.rst
-- Installing: /Users/jake/dev/jsavin/Frontier/third_party/cmake-src/../cmake-install/share/cmake-3.29/Help/prop_tgt/COMPILE_PDB_NAME_CONFIG.rst
-- Installing: /Users/jake/dev/jsavin/Frontier/third_party/cmake-src/../cmake-install/share/cmake-3.29/Help/prop_tgt/VS_DOTNET_DOCUMENTATION_FILE.rst
-- Installing: /Users/jake/dev/jsavin/Frontier/third_party/cmake-src/../cmake-install/share/cmake-3.29/Help/prop_tgt/VS_MOBILE_EXTENSIONS_VERSION.rst
-- Installing: /Users/jake/dev/jsavin/Frontier/third_party/cmake-src/../cmake-install/share/cmake-3.29/Help/prop_tgt/PRECOMPILE_HEADERS.rst
-- Installing: /Users/jake/dev/jsavin/Frontier/third_party/cmake-src/../cmake-install/share/cmake-3.29/Help/prop_tgt/COMPILE_PDB_OUTPUT_DIRECTORY_CONFIG.rst
-- Installing: /Users/jake/dev/jsavin/Frontier/third_party/cmake-src/../cmake-install/share/cmake-3.29/Help/prop_tgt/EXCLUDE_FROM_DEFAULT_BUILD_CONFIG.rst
-- Installing: /Users/jake/dev/jsavin/Frontier/third_party/cmake-src/../cmake-install/share/cmake-3.29/Help/prop_tgt/LOCATION_CONFIG.rst
-- Installing: /Users/jake/dev/jsavin/Frontier/third_party/cmake-src/../cmake-install/share/cmake-3.29/Help/prop_tgt/VS_DPI_AWARE.rst
-- Installing: /Users/jake/dev/jsavin/Frontier/third_party/cmake-src/../cmake-install/share/cmake-3.29/Help/prop_tgt/ANDROID_NATIVE_LIB_DEPENDENCIES.rst
-- Installing: /Users/jake/dev/jsavin/Frontier/third_party/cmake-src/../cmake-install/share/cmake-3.29/Help/prop_tgt/XCODE_SCHEME_THREAD_SANITIZER_STOP.rst
-- Installing: /Users/jake/dev/jsavin/Frontier/third_party/cmake-src/../cmake-install/share/cmake-3.29/Help/prop_tgt/CUDA_STANDARD_REQUIRED.rst
-- Installing: /Users/jake/dev/jsavin/Frontier/third_party/cmake-src/../cmake-install/share/cmake-3.29/Help/prop_tgt/IMPORTED_CXX_MODULES_COMPILE_OPTIONS.rst
-- Installing: /Users/jake/dev/jsavin/Frontier/third_party/cmake-src/../cmake-install/share/cmake-3.29/Help/prop_tgt/ALIAS_GLOBAL.rst
-- Installing: /Users/jake/dev/jsavin/Frontier/third_party/cmake-src/../cmake-install/share/cmake-3.29/Help/prop_tgt/GHS_NO_SOURCE_GROUP_FILE.rst
-- Installing: /Users/jake/dev/jsavin/Frontier/third_party/cmake-src/../cmake-install/share/cmake-3.29/Help/prop_tgt/EXPORT_NO_SYSTEM.rst
-- Installing: /Users/jake/dev/jsavin/Frontier/third_party/cmake-src/../cmake-install/share/cmake-3.29/Help/prop_tgt/INTERFACE_LINK_LIBRARIES.rst
-- Installing: /Users/jake/dev/jsavin/Frontier/third_party/cmake-src/../cmake-install/share/cmake-3.29/Help/prop_tgt/IMPORTED_LIBNAME.rst
-- Installing: /Users/jake/dev/jsavin/Frontier/third_party/cmake-src/../cmake-install/share/cmake-3.29/Help/prop_tgt/DEBUG_POSTFIX.rst
-- Installing: /Users/jake/dev/jsavin/Frontier/third_party/cmake-src/../cmake-install/share/cmake-3.29/Help/prop_tgt/AUTOMOC_MACRO_NAMES.rst
-- Installing: /Users/jake/dev/jsavin/Frontier/third_party/cmake-src/../cmake-install/share/cmake-3.29/Help/prop_tgt/VS_GLOBAL_PROJECT_TYPES.rst
-- Installing: /Users/jake/dev/jsavin/Frontier/third_party/cmake-src/../cmake-install/share/cmake-3.29/Help/prop_tgt/DISABLE_PRECOMPILE_HEADERS.rst
-- Installing: /Users/jake/dev/jsavin/Frontier/third_party/cmake-src/../cmake-install/share/cmake-3.29/Help/prop_tgt/OBJCXX_STANDARD_REQUIRED.rst
-- Installing: /Users/jake/dev/jsavin/Frontier/third_party/cmake-src/../cmake-install/share/cmake-3.29/Help/prop_tgt/PDB_NAME.rst
-- Installing: /Users/jake/dev/jsavin/Frontier/third_party/cmake-src/../cmake-install/share/cmake-3.29/Help/prop_tgt/INTERFACE_POSITION_INDEPENDENT_CODE.rst
-- Installing: /Users/jake/dev/jsavin/Frontier/third_party/cmake-src/../cmake-install/share/cmake-3.29/Help/prop_tgt/MANUALLY_ADDED_DEPENDENCIES.rst
-- Installing: /Users/jake/dev/jsavin/Frontier/third_party/cmake-src/../cmake-install/share/cmake-3.29/Help/prop_tgt/SKIP_BUILD_RPATH.rst
-- Installing: /Users/jake/dev/jsavin/Frontier/third_party/cmake-src/../cmake-install/share/cmake-3.29/Help/prop_tgt/IMPORTED_LINK_DEPENDENT_LIBRARIES.rst
-- Installing: /Users/jake/dev/jsavin/Frontier/third_party/cmake-src/../cmake-install/share/cmake-3.29/Help/prop_tgt/HIP_STANDARD.rst
-- Installing: /Users/jake/dev/jsavin/Frontier/third_party/cmake-src/../cmake-install/share/cmake-3.29/Help/prop_tgt/UNITY_BUILD_CODE_BEFORE_INCLUDE.rst
-- Installing: /Users/jake/dev/jsavin/Frontier/third_party/cmake-src/../cmake-install/share/cmake-3.29/Help/prop_tgt/AUTOMOC_PATH_PREFIX.rst
-- Installing: /Users/jake/dev/jsavin/Frontier/third_party/cmake-src/../cmake-install/share/cmake-3.29/Help/prop_tgt/AUTOGEN_BETTER_GRAPH_MULTI_CONFIG.rst
-- Installing: /Users/jake/dev/jsavin/Frontier/third_party/cmake-src/../cmake-install/share/cmake-3.29/Help/prop_tgt/DOTNET_TARGET_FRAMEWORK_VERSION.rst
-- Installing: /Users/jake/dev/jsavin/Frontier/third_party/cmake-src/../cmake-install/share/cmake-3.29/Help/prop_tgt/LOCATION.rst
-- Installing: /Users/jake/dev/jsavin/Frontier/third_party/cmake-src/../cmake-install/share/cmake-3.29/Help/prop_tgt/MSVC_RUNTIME_LIBRARY-VALUES.txt
-- Installing: /Users/jake/dev/jsavin/Frontier/third_party/cmake-src/../cmake-install/share/cmake-3.29/Help/prop_tgt/COMPILE_PDB_NAME.rst
-- Installing: /Users/jake/dev/jsavin/Frontier/third_party/cmake-src/../cmake-install/share/cmake-3.29/Help/prop_tgt/LINK_DIRECTORIES.rst
-- Installing: /Users/jake/dev/jsavin/Frontier/third_party/cmake-src/../cmake-install/share/cmake-3.29/Help/prop_tgt/IMPORTED_IMPLIB.rst
-- Installing: /Users/jake/dev/jsavin/Frontier/third_party/cmake-src/../cmake-install/share/cmake-3.29/Help/prop_tgt/BUILD_WITH_INSTALL_RPATH.rst
-- Installing: /Users/jake/dev/jsavin/Frontier/third_party/cmake-src/../cmake-install/share/cmake-3.29/Help/prop_tgt/INTERFACE_LINK_OPTIONS.rst
-- Installing: /Users/jake/dev/jsavin/Frontier/third_party/cmake-src/../cmake-install/share/cmake-3.29/Help/prop_tgt/IMPORTED_IMPLIB_CONFIG.rst
-- Installing: /Users/jake/dev/jsavin/Frontier/third_party/cmake-src/../cmake-install/share/cmake-3.29/Help/prop_tgt/OSX_ARCHITECTURES.rst
-- Installing: /Users/jake/dev/jsavin/Frontier/third_party/cmake-src/../cmake-install/share/cmake-3.29/Help/prop_tgt/ANDROID_GUI.rst
-- Installing: /Users/jake/dev/jsavin/Frontier/third_party/cmake-src/../cmake-install/share/cmake-3.29/Help/prop_tgt/AUTORCC_OPTIONS.rst
-- Installing: /Users/jake/dev/jsavin/Frontier/third_party/cmake-src/../cmake-install/share/cmake-3.29/Help/prop_tgt/INTERFACE_LINK_DIRECTORIES.rst
-- Installing: /Users/jake/dev/jsavin/Frontier/third_party/cmake-src/../cmake-install/share/cmake-3.29/Help/prop_tgt/VS_DEBUGGER_COMMAND.rst
-- Installing: /Users/jake/dev/jsavin/Frontier/third_party/cmake-src/../cmake-install/share/cmake-3.29/Help/prop_tgt/VS_DOTNET_REFERENCEPROP_refname_TAG_tagname.rst
-- Installing: /Users/jake/dev/jsavin/Frontier/third_party/cmake-src/../cmake-install/share/cmake-3.29/Help/prop_tgt/BUILD_RPATH.rst
-- Installing: /Users/jake/dev/jsavin/Frontier/third_party/cmake-src/../cmake-install/share/cmake-3.29/Help/prop_tgt/Fortran_BUILDING_INSTRINSIC_MODULES.rst
-- Installing: /Users/jake/dev/jsavin/Frontier/third_party/cmake-src/../cmake-install/share/cmake-3.29/Help/prop_tgt/Swift_LANGUAGE_VERSION.rst
-- Installing: /Users/jake/dev/jsavin/Frontier/third_party/cmake-src/../cmake-install/share/cmake-3.29/Help/prop_tgt/AUTOGEN_BUILD_DIR.rst
-- Installing: /Users/jake/dev/jsavin/Frontier/third_party/cmake-src/../cmake-install/share/cmake-3.29/Help/prop_tgt/MACHO_COMPATIBILITY_VERSION.rst
-- Installing: /Users/jake/dev/jsavin/Frontier/third_party/cmake-src/../cmake-install/share/cmake-3.29/Help/prop_tgt/IMPORTED_LIBNAME_CONFIG.rst
-- Installing: /Users/jake/dev/jsavin/Frontier/third_party/cmake-src/../cmake-install/share/cmake-3.29/Help/prop_tgt/XCODE_SCHEME_EXECUTABLE.rst
-- Installing: /Users/jake/dev/jsavin/Frontier/third_party/cmake-src/../cmake-install/share/cmake-3.29/Help/prop_tgt/HEADER_SET.rst
-- Installing: /Users/jake/dev/jsavin/Frontier/third_party/cmake-src/../cmake-install/share/cmake-3.29/Help/prop_tgt/IMPORTED_NO_SONAME_CONFIG.rst
-- Installing: /Users/jake/dev/jsavin/Frontier/third_party/cmake-src/../cmake-install/share/cmake-3.29/Help/prop_tgt/XCODE_SCHEME_ENABLE_GPU_FRAME_CAPTURE_MODE.rst
-- Installing: /Users/jake/dev/jsavin/Frontier/third_party/cmake-src/../cmake-install/share/cmake-3.29/Help/prop_tgt/LINKER_TYPE.rst
-- Installing: /Users/jake/dev/jsavin/Frontier/third_party/cmake-src/../cmake-install/share/cmake-3.29/Help/prop_tgt/INSTALL_RPATH.rst
-- Installing: /Users/jake/dev/jsavin/Frontier/third_party/cmake-src/../cmake-install/share/cmake-3.29/Help/prop_tgt/IMPORTED_LINK_INTERFACE_MULTIPLICITY_CONFIG.rst
-- Installing: /Users/jake/dev/jsavin/Frontier/third_party/cmake-src/../cmake-install/share/cmake-3.29/Help/prop_tgt/ANDROID_API_MIN.rst
-- Installing: /Users/jake/dev/jsavin/Frontier/third_party/cmake-src/../cmake-install/share/cmake-3.29/Help/prop_tgt/Swift_DEPENDENCIES_FILE.rst
-- Installing: /Users/jake/dev/jsavin/Frontier/third_party/cmake-src/../cmake-install/share/cmake-3.29/Help/prop_tgt/EXPORT_PROPERTIES.rst
-- Installing: /Users/jake/dev/jsavin/Frontier/third_party/cmake-src/../cmake-install/share/cmake-3.29/Help/prop_tgt/RUNTIME_OUTPUT_NAME.rst
-- Installing: /Users/jake/dev/jsavin/Frontier/third_party/cmake-src/../cmake-install/share/cmake-3.29/Help/prop_tgt/XCODE_SCHEME_LAUNCH_CONFIGURATION.rst
-- Installing: /Users/jake/dev/jsavin/Frontier/third_party/cmake-src/../cmake-install/share/cmake-3.29/Help/prop_tgt/WATCOM_RUNTIME_LIBRARY-VALUES.txt
-- Installing: /Users/jake/dev/jsavin/Frontier/third_party/cmake-src/../cmake-install/share/cmake-3.29/Help/prop_tgt/Fortran_PREPROCESS.rst
-- Installing: /Users/jake/dev/jsavin/Frontier/third_party/cmake-src/../cmake-install/share/cmake-3.29/Help/prop_tgt/POST_INSTALL_SCRIPT.rst
-- Installing: /Users/jake/dev/jsavin/Frontier/third_party/cmake-src/../cmake-install/share/cmake-3.29/Help/prop_tgt/DOTNET_TARGET_FRAMEWORK.rst
-- Installing: /Users/jake/dev/jsavin/Frontier/third_party/cmake-src/../cmake-install/share/cmake-3.29/Help/prop_tgt/CONFIG_POSTFIX.rst
-- Installing: /Users/jake/dev/jsavin/Frontier/third_party/cmake-src/../cmake-install/share/cmake-3.29/Help/prop_tgt/BUNDLE_EXTENSION.rst
-- Installing: /Users/jake/dev/jsavin/Frontier/third_party/cmake-src/../cmake-install/share/cmake-3.29/Help/prop_tgt/AUTOMOC_COMPILER_PREDEFINES.rst
-- Installing: /Users/jake/dev/jsavin/Frontier/third_party/cmake-src/../cmake-install/share/cmake-3.29/Help/prop_tgt/FOLDER.rst
-- Installing: /Users/jake/dev/jsavin/Frontier/third_party/cmake-src/../cmake-install/share/cmake-3.29/Help/prop_tgt/VS_SDK_REFERENCES.rst
-- Installing: /Users/jake/dev/jsavin/Frontier/third_party/cmake-src/../cmake-install/share/cmake-3.29/Help/prop_tgt/IMPORTED_CXX_MODULES_LINK_LIBRARIES.rst
-- Installing: /Users/jake/dev/jsavin/Frontier/third_party/cmake-src/../cmake-install/share/cmake-3.29/Help/prop_tgt/VS_IOT_EXTENSIONS_VERSION.rst
-- Installing: /Users/jake/dev/jsavin/Frontier/third_party/cmake-src/../cmake-install/share/cmake-3.29/Help/prop_tgt/LANG_COMPILER_LAUNCHER.rst
-- Installing: /Users/jake/dev/jsavin/Frontier/third_party/cmake-src/../cmake-install/share/cmake-3.29/Help/prop_tgt/LINK_INTERFACE_LIBRARIES.rst
-- Installing: /Users/jake/dev/jsavin/Frontier/third_party/cmake-src/../cmake-install/share/cmake-3.29/Help/prop_tgt/WATCOM_RUNTIME_LIBRARY.rst
-- Installing: /Users/jake/dev/jsavin/Frontier/third_party/cmake-src/../cmake-install/share/cmake-3.29/Help/prop_tgt/OUTPUT_NAME_CONFIG.rst
-- Installing: /Users/jake/dev/jsavin/Frontier/third_party/cmake-src/../cmake-install/share/cmake-3.29/Help/prop_tgt/POSITION_INDEPENDENT_CODE.rst
-- Installing: /Users/jake/dev/jsavin/Frontier/third_party/cmake-src/../cmake-install/share/cmake-3.29/Help/prop_tgt/C_STANDARD_REQUIRED.rst
-- Installing: /Users/jake/dev/jsavin/Frontier/third_party/cmake-src/../cmake-install/share/cmake-3.29/Help/prop_tgt/VS_DOTNET_TARGET_FRAMEWORK_VERSION.rst
-- Installing: /Users/jake/dev/jsavin/Frontier/third_party/cmake-src/../cmake-install/share/cmake-3.29/Help/prop_tgt/INTERFACE_COMPILE_OPTIONS.rst
-- Installing: /Users/jake/dev/jsavin/Frontier/third_party/cmake-src/../cmake-install/share/cmake-3.29/Help/prop_tgt/CONFIG_OUTPUT_NAME.rst
-- Installing: /Users/jake/dev/jsavin/Frontier/third_party/cmake-src/../cmake-install/share/cmake-3.29/Help/prop_tgt/TEST_LAUNCHER.rst
-- Installing: /Users/jake/dev/jsavin/Frontier/third_party/cmake-src/../cmake-install/share/cmake-3.29/Help/prop_tgt/ANDROID_PROGUARD.rst
-- Installing: /Users/jake/dev/jsavin/Frontier/third_party/cmake-src/../cmake-install/share/cmake-3.29/Help/prop_tgt/PUBLIC_HEADER.rst
-- Installing: /Users/jake/dev/jsavin/Frontier/third_party/cmake-src/../cmake-install/share/cmake-3.29/Help/prop_tgt/CXX_MODULE_DIRS.rst
-- Installing: /Users/jake/dev/jsavin/Frontier/third_party/cmake-src/../cmake-install/share/cmake-3.29/Help/prop_tgt/CXX_SCAN_FOR_MODULES.rst
-- Installing: /Users/jake/dev/jsavin/Frontier/third_party/cmake-src/../cmake-install/share/cmake-3.29/Help/prop_tgt/XCODE_SCHEME_MALLOC_STACK.rst
-- Installing: /Users/jake/dev/jsavin/Frontier/third_party/cmake-src/../cmake-install/share/cmake-3.29/Help/prop_tgt/VS_KEYWORD.rst
-- Installing: /Users/jake/dev/jsavin/Frontier/third_party/cmake-src/../cmake-install/share/cmake-3.29/Help/prop_tgt/UNITY_BUILD.rst
-- Installing: /Users/jake/dev/jsavin/Frontier/third_party/cmake-src/../cmake-install/share/cmake-3.29/Help/prop_tgt/UNITY_BUILD_MODE.rst
-- Installing: /Users/jake/dev/jsavin/Frontier/third_party/cmake-src/../cmake-install/share/cmake-3.29/Help/prop_tgt/LANG_INCLUDE_WHAT_YOU_USE.rst
-- Installing: /Users/jake/dev/jsavin/Frontier/third_party/cmake-src/../cmake-install/share/cmake-3.29/Help/prop_tgt/HEADER_SET_NAME.rst
-- Installing: /Users/jake/dev/jsavin/Frontier/third_party/cmake-src/../cmake-install/share/cmake-3.29/Help/prop_tgt/XCODE_SCHEME_GUARD_MALLOC.rst
-- Installing: /Users/jake/dev/jsavin/Frontier/third_party/cmake-src/../cmake-install/share/cmake-3.29/Help/prop_tgt/PDB_OUTPUT_DIRECTORY.rst
-- Installing: /Users/jake/dev/jsavin/Frontier/third_party/cmake-src/../cmake-install/share/cmake-3.29/Help/prop_tgt/HIP_STANDARD_REQUIRED.rst
-- Installing: /Users/jake/dev/jsavin/Frontier/third_party/cmake-src/../cmake-install/share/cmake-3.29/Help/prop_tgt/INSTALL_REMOVE_ENVIRONMENT_RPATH.rst
-- Installing: /Users/jake/dev/jsavin/Frontier/third_party/cmake-src/../cmake-install/share/cmake-3.29/Help/prop_tgt/MACOSX_BUNDLE.rst
-- Installing: /Users/jake/dev/jsavin/Frontier/third_party/cmake-src/../cmake-install/share/cmake-3.29/Help/prop_tgt/IMPORTED_OBJECTS.rst
-- Installing: /Users/jake/dev/jsavin/Frontier/third_party/cmake-src/../cmake-install/share/cmake-3.29/Help/prop_tgt/XCODE_SCHEME_THREAD_SANITIZER.rst
-- Installing: /Users/jake/dev/jsavin/Frontier/third_party/cmake-src/../cmake-install/share/cmake-3.29/Help/prop_tgt/SUFFIX.rst
-- Installing: /Users/jake/dev/jsavin/Frontier/third_party/cmake-src/../cmake-install/share/cmake-3.29/Help/prop_tgt/VS_SCC_PROJECTNAME.rst
-- Installing: /Users/jake/dev/jsavin/Frontier/third_party/cmake-src/../cmake-install/share/cmake-3.29/Help/prop_tgt/VERSION.rst
-- Installing: /Users/jake/dev/jsavin/Frontier/third_party/cmake-src/../cmake-install/share/cmake-3.29/Help/prop_tgt/CXX_MODULE_SETS.rst
-- Installing: /Users/jake/dev/jsavin/Frontier/third_party/cmake-src/../cmake-install/share/cmake-3.29/Help/prop_tgt/COMMON_LANGUAGE_RUNTIME.rst
-- Installing: /Users/jake/dev/jsavin/Frontier/third_party/cmake-src/../cmake-install/share/cmake-3.29/Help/prop_tgt/CXX_EXTENSIONS.rst
-- Installing: /Users/jake/dev/jsavin/Frontier/third_party/cmake-src/../cmake-install/share/cmake-3.29/Help/prop_tgt/LINK_FLAGS_CONFIG.rst
-- Installing: /Users/jake/dev/jsavin/Frontier/third_party/cmake-src/../cmake-install/share/cmake-3.29/Help/prop_tgt/Fortran_FORMAT.rst
-- Installing: /Users/jake/dev/jsavin/Frontier/third_party/cmake-src/../cmake-install/share/cmake-3.29/Help/prop_tgt/IMPORTED_CONFIGURATIONS.rst
-- Installing: /Users/jake/dev/jsavin/Frontier/third_party/cmake-src/../cmake-install/share/cmake-3.29/Help/prop_tgt/IMPORTED_LOCATION.rst
-- Installing: /Users/jake/dev/jsavin/Frontier/third_party/cmake-src/../cmake-install/share/cmake-3.29/Help/prop_tgt/VS_NO_COMPILE_BATCHING.rst
-- Installing: /Users/jake/dev/jsavin/Frontier/third_party/cmake-src/../cmake-install/share/cmake-3.29/Help/prop_tgt/RESOURCE.rst
-- Installing: /Users/jake/dev/jsavin/Frontier/third_party/cmake-src/../cmake-install/share/cmake-3.29/Help/prop_tgt/STATIC_LIBRARY_OPTIONS.rst
-- Installing: /Users/jake/dev/jsavin/Frontier/third_party/cmake-src/../cmake-install/share/cmake-3.29/Help/prop_tgt/PCH_INSTANTIATE_TEMPLATES.rst
-- Installing: /Users/jake/dev/jsavin/Frontier/third_party/cmake-src/../cmake-install/share/cmake-3.29/Help/prop_tgt/FRAMEWORK.rst
-- Installing: /Users/jake/dev/jsavin/Frontier/third_party/cmake-src/../cmake-install/share/cmake-3.29/Help/prop_tgt/LINK_SEARCH_START_STATIC.rst
-- Installing: /Users/jake/dev/jsavin/Frontier/third_party/cmake-src/../cmake-install/share/cmake-3.29/Help/prop_tgt/IMPORT_PREFIX.rst
-- Installing: /Users/jake/dev/jsavin/Frontier/third_party/cmake-src/../cmake-install/share/cmake-3.29/Help/prop_tgt/AUTOMOC_DEPEND_FILTERS.rst
-- Installing: /Users/jake/dev/jsavin/Frontier/third_party/cmake-src/../cmake-install/share/cmake-3.29/Help/prop_tgt/VS_DEBUGGER_COMMAND_ARGUMENTS.rst
-- Installing: /Users/jake/dev/jsavin/Frontier/third_party/cmake-src/../cmake-install/share/cmake-3.29/Help/prop_tgt/FRAMEWORK_VERSION.rst
-- Installing: /Users/jake/dev/jsavin/Frontier/third_party/cmake-src/../cmake-install/share/cmake-3.29/Help/prop_tgt/COMPILE_PDB_OUTPUT_DIRECTORY.rst
-- Installing: /Users/jake/dev/jsavin/Frontier/third_party/cmake-src/../cmake-install/share/cmake-3.29/Help/prop_tgt/NO_SONAME.rst
-- Installing: /Users/jake/dev/jsavin/Frontier/third_party/cmake-src/../cmake-install/share/cmake-3.29/Help/prop_tgt/IMPORTED_CXX_MODULES_INCLUDE_DIRECTORIES.rst
-- Installing: /Users/jake/dev/jsavin/Frontier/third_party/cmake-src/../cmake-install/share/cmake-3.29/Help/prop_tgt/JOB_POOL_COMPILE.rst
-- Installing: /Users/jake/dev/jsavin/Frontier/third_party/cmake-src/../cmake-install/share/cmake-3.29/Help/prop_tgt/AUTOMOC.rst
-- Installing: /Users/jake/dev/jsavin/Frontier/third_party/cmake-src/../cmake-install/share/cmake-3.29/Help/prop_tgt/VS_DOTNET_STARTUP_OBJECT.rst
-- Installing: /Users/jake/dev/jsavin/Frontier/third_party/cmake-src/../cmake-install/share/cmake-3.29/Help/prop_tgt/LANG_CPPLINT.rst
-- Installing: /Users/jake/dev/jsavin/Frontier/third_party/cmake-src/../cmake-install/share/cmake-3.29/Help/prop_tgt/COMPATIBLE_INTERFACE_STRING.rst
-- Installing: /Users/jake/dev/jsavin/Frontier/third_party/cmake-src/../cmake-install/share/cmake-3.29/Help/prop_tgt/PRIVATE_HEADER.rst
-- Installing: /Users/jake/dev/jsavin/Frontier/third_party/cmake-src/../cmake-install/share/cmake-3.29/Help/prop_tgt/XCODE_SCHEME_ENABLE_GPU_API_VALIDATION.rst
-- Installing: /Users/jake/dev/jsavin/Frontier/third_party/cmake-src/../cmake-install/share/cmake-3.29/Help/prop_tgt/XCODE_EMBED_type_PATH.rst
-- Installing: /Users/jake/dev/jsavin/Frontier/third_party/cmake-src/../cmake-install/share/cmake-3.29/Help/prop_tgt/COMPILE_DEFINITIONS.rst
-- Installing: /Users/jake/dev/jsavin/Frontier/third_party/cmake-src/../cmake-install/share/cmake-3.29/Help/prop_tgt/LIBRARY_OUTPUT_DIRECTORY.rst
-- Installing: /Users/jake/dev/jsavin/Frontier/third_party/cmake-src/../cmake-install/share/cmake-3.29/Help/prop_tgt/LIBRARY_OUTPUT_NAME_CONFIG.rst
-- Installing: /Users/jake/dev/jsavin/Frontier/third_party/cmake-src/../cmake-install/share/cmake-3.29/Help/prop_tgt/C_EXTENSIONS.rst
-- Installing: /Users/jake/dev/jsavin/Frontier/third_party/cmake-src/../cmake-install/share/cmake-3.29/Help/prop_tgt/AUTOUIC.rst
-- Installing: /Users/jake/dev/jsavin/Frontier/third_party/cmake-src/../cmake-install/share/cmake-3.29/Help/prop_tgt/IMPORTED_OBJECTS_CONFIG.rst
-- Installing: /Users/jake/dev/jsavin/Frontier/third_party/cmake-src/../cmake-install/share/cmake-3.29/Help/prop_tgt/WINDOWS_EXPORT_ALL_SYMBOLS.rst
-- Installing: /Users/jake/dev/jsavin/Frontier/third_party/cmake-src/../cmake-install/share/cmake-3.29/Help/prop_tgt/RULE_LAUNCH_CUSTOM.rst
-- Installing: /Users/jake/dev/jsavin/Frontier/third_party/cmake-src/../cmake-install/share/cmake-3.29/Help/prop_tgt/HEADER_DIRS.rst
-- Installing: /Users/jake/dev/jsavin/Frontier/third_party/cmake-src/../cmake-install/share/cmake-3.29/Help/prop_tgt/COMPILE_FLAGS.rst
-- Installing: /Users/jake/dev/jsavin/Frontier/third_party/cmake-src/../cmake-install/share/cmake-3.29/Help/prop_tgt/ENABLE_EXPORTS.rst
-- Installing: /Users/jake/dev/jsavin/Frontier/third_party/cmake-src/../cmake-install/share/cmake-3.29/Help/prop_tgt/LANG_STANDARD_REQUIRED.rst
-- Installing: /Users/jake/dev/jsavin/Frontier/third_party/cmake-src/../cmake-install/share/cmake-3.29/Help/prop_tgt/AUTOUIC_OPTIONS.rst
-- Installing: /Users/jake/dev/jsavin/Frontier/third_party/cmake-src/../cmake-install/share/cmake-3.29/Help/prop_tgt/LANG_STANDARD.rst
-- Installing: /Users/jake/dev/jsavin/Frontier/third_party/cmake-src/../cmake-install/share/cmake-3.29/Help/prop_tgt/IMPORTED_LINK_INTERFACE_MULTIPLICITY.rst
-- Installing: /Users/jake/dev/jsavin/Frontier/third_party/cmake-src/../cmake-install/share/cmake-3.29/Help/prop_tgt/COMPATIBLE_INTERFACE_NUMBER_MIN.rst
-- Installing: /Users/jake/dev/jsavin/Frontier/third_party/cmake-src/../cmake-install/share/cmake-3.29/Help/prop_tgt/LANG_VISIBILITY_PRESET.rst
-- Installing: /Users/jake/dev/jsavin/Frontier/third_party/cmake-src/../cmake-install/share/cmake-3.29/Help/prop_tgt/LINK_FLAGS.rst
-- Installing: /Users/jake/dev/jsavin/Frontier/third_party/cmake-src/../cmake-install/share/cmake-3.29/Help/prop_tgt/VS_PROJECT_IMPORT.rst
-- Installing: /Users/jake/dev/jsavin/Frontier/third_party/cmake-src/../cmake-install/share/cmake-3.29/Help/prop_tgt/RULE_LAUNCH_COMPILE.rst
-- Installing: /Users/jake/dev/jsavin/Frontier/third_party/cmake-src/../cmake-install/share/cmake-3.29/Help/prop_tgt/HEADER_SETS.rst
-- Installing: /Users/jake/dev/jsavin/Frontier/third_party/cmake-src/../cmake-install/share/cmake-3.29/Help/prop_tgt/RULE_LAUNCH_LINK.rst
-- Installing: /Users/jake/dev/jsavin/Frontier/third_party/cmake-src/../cmake-install/share/cmake-3.29/Help/prop_tgt/AUTOMOC_EXECUTABLE.rst
-- Installing: /Users/jake/dev/jsavin/Frontier/third_party/cmake-src/../cmake-install/share/cmake-3.29/Help/prop_tgt/ARCHIVE_OUTPUT_DIRECTORY_CONFIG.rst
-- Installing: /Users/jake/dev/jsavin/Frontier/third_party/cmake-src/../cmake-install/share/cmake-3.29/Help/prop_tgt/AIX_EXPORT_ALL_SYMBOLS.rst
-- Installing: /Users/jake/dev/jsavin/Frontier/third_party/cmake-src/../cmake-install/share/cmake-3.29/Help/prop_tgt/AUTORCC.rst
-- Installing: /Users/jake/dev/jsavin/Frontier/third_party/cmake-src/../cmake-install/share/cmake-3.29/Help/prop_tgt/CUDA_FATBIN_COMPILATION.rst
-- Installing: /Users/jake/dev/jsavin/Frontier/third_party/cmake-src/../cmake-install/share/cmake-3.29/Help/prop_tgt/LANG_CPPCHECK.rst
-- Installing: /Users/jake/dev/jsavin/Frontier/third_party/cmake-src/../cmake-install/share/cmake-3.29/Help/prop_tgt/INTERPROCEDURAL_OPTIMIZATION_CONFIG.rst
-- Installing: /Users/jake/dev/jsavin/Frontier/third_party/cmake-src/../cmake-install/share/cmake-3.29/Help/prop_tgt/LINK_DEPENDS.rst
-- Installing: /Users/jake/dev/jsavin/Frontier/third_party/cmake-src/../cmake-install/share/cmake-3.29/Help/prop_tgt/LIBRARY_OUTPUT_DIRECTORY_CONFIG.rst
-- Installing: /Users/jake/dev/jsavin/Frontier/third_party/cmake-src/../cmake-install/share/cmake-3.29/Help/prop_tgt/XCODE_SCHEME_ADDRESS_SANITIZER.rst
-- Installing: /Users/jake/dev/jsavin/Frontier/third_party/cmake-src/../cmake-install/share/cmake-3.29/Help/prop_tgt/RUNTIME_OUTPUT_NAME_CONFIG.rst
-- Installing: /Users/jake/dev/jsavin/Frontier/third_party/cmake-src/../cmake-install/share/cmake-3.29/Help/prop_tgt/XCODE_SCHEME_ENVIRONMENT.rst
-- Installing: /Users/jake/dev/jsavin/Frontier/third_party/cmake-src/../cmake-install/share/cmake-3.29/Help/prop_tgt/EchoString.rst
-- Installing: /Users/jake/dev/jsavin/Frontier/third_party/cmake-src/../cmake-install/share/cmake-3.29/Help/prop_tgt/EXCLUDE_FROM_ALL.rst
-- Installing: /Users/jake/dev/jsavin/Frontier/third_party/cmake-src/../cmake-install/share/cmake-3.29/Help/prop_tgt/PCH_WARN_INVALID.rst
-- Installing: /Users/jake/dev/jsavin/Frontier/third_party/cmake-src/../cmake-install/share/cmake-3.29/Help/prop_tgt/LABELS.rst
-- Installing: /Users/jake/dev/jsavin/Frontier/third_party/cmake-src/../cmake-install/share/cmake-3.29/Help/prop_tgt/IMPORTED_CXX_MODULES_COMPILE_DEFINITIONS.rst
-- Installing: /Users/jake/dev/jsavin/Frontier/third_party/cmake-src/../cmake-install/share/cmake-3.29/Help/prop_tgt/LANG_CLANG_TIDY.rst
-- Installing: /Users/jake/dev/jsavin/Frontier/third_party/cmake-src/../cmake-install/share/cmake-3.29/Help/prop_tgt/DEFINE_SYMBOL.rst
-- Installing: /Users/jake/dev/jsavin/Frontier/third_party/cmake-src/../cmake-install/share/cmake-3.29/Help/prop_tgt/XCODE_GENERATE_SCHEME.rst
-- Installing: /Users/jake/dev/jsavin/Frontier/third_party/cmake-src/../cmake-install/share/cmake-3.29/Help/prop_tgt/INCLUDE_DIRECTORIES.rst
-- Installing: /Users/jake/dev/jsavin/Frontier/third_party/cmake-src/../cmake-install/share/cmake-3.29/Help/prop_tgt/AUTOGEN_COMMAND_LINE_LENGTH_MAX.rst
-- Installing: /Users/jake/dev/jsavin/Frontier/third_party/cmake-src/../cmake-install/share/cmake-3.29/Help/prop_tgt/VS_PACKAGE_REFERENCES.rst
-- Installing: /Users/jake/dev/jsavin/Frontier/third_party/cmake-src/../cmake-install/share/cmake-3.29/Help/prop_tgt/IMPORTED_LINK_INTERFACE_LIBRARIES_CONFIG.rst
-- Installing: /Users/jake/dev/jsavin/Frontier/third_party/cmake-src/../cmake-install/share/cmake-3.29/Help/prop_tgt/INTERFACE_PRECOMPILE_HEADERS.rst
-- Installing: /Users/jake/dev/jsavin/Frontier/third_party/cmake-src/../cmake-install/share/cmake-3.29/Help/prop_tgt/OBJCXX_STANDARD.rst
-- Installing: /Users/jake/dev/jsavin/Frontier/third_party/cmake-src/../cmake-install/share/cmake-3.29/Help/prop_tgt/CXX_MODULE_SET_NAME.rst
-- Installing: /Users/jake/dev/jsavin/Frontier/third_party/cmake-src/../cmake-install/share/cmake-3.29/Help/prop_tgt/ANDROID_STL_TYPE.rst
-- Installing: /Users/jake/dev/jsavin/Frontier/third_party/cmake-src/../cmake-install/share/cmake-3.29/Help/prop_tgt/COMPATIBLE_INTERFACE_BOOL.rst
-- Installing: /Users/jake/dev/jsavin/Frontier/third_party/cmake-src/../cmake-install/share/cmake-3.29/Help/prop_tgt/IMPORTED_COMMON_LANGUAGE_RUNTIME.rst
-- Installing: /Users/jake/dev/jsavin/Frontier/third_party/cmake-src/../cmake-install/share/cmake-3.29/Help/prop_tgt/ANDROID_ARCH.rst
-- Installing: /Users/jake/dev/jsavin/Frontier/third_party/cmake-src/../cmake-install/share/cmake-3.29/Help/prop_tgt/AUTOGEN_TARGET_DEPENDS.rst
-- Installing: /Users/jake/dev/jsavin/Frontier/third_party/cmake-src/../cmake-install/share/cmake-3.29/Help/prop_tgt/XCODE_EMBED_FRAMEWORKS_REMOVE_HEADERS_ON_COPY.rst
-- Installing: /Users/jake/dev/jsavin/Frontier/third_party/cmake-src/../cmake-install/share/cmake-3.29/Help/prop_tgt/BUILD_RPATH_USE_ORIGIN.rst
-- Installing: /Users/jake/dev/jsavin/Frontier/third_party/cmake-src/../cmake-install/share/cmake-3.29/Help/prop_tgt/XXX_OUTPUT_NAME.txt
-- Installing: /Users/jake/dev/jsavin/Frontier/third_party/cmake-src/../cmake-install/share/cmake-3.29/Help/prop_tgt/EXPORT_COMPILE_COMMANDS.rst
-- Installing: /Users/jake/dev/jsavin/Frontier/third_party/cmake-src/../cmake-install/share/cmake-3.29/Help/prop_tgt/ISPC_HEADER_SUFFIX.rst
-- Installing: /Users/jake/dev/jsavin/Frontier/third_party/cmake-src/../cmake-install/share/cmake-3.29/Help/prop_tgt/DEPRECATION.rst
-- Installing: /Users/jake/dev/jsavin/Frontier/third_party/cmake-src/../cmake-install/share/cmake-3.29/Help/prop_tgt/INTERFACE_LINK_LIBRARIES_DIRECT_EXCLUDE.rst
-- Installing: /Users/jake/dev/jsavin/Frontier/third_party/cmake-src/../cmake-install/share/cmake-3.29/Help/prop_tgt/JOB_POOL_PRECOMPILE_HEADER.rst
-- Installing: /Users/jake/dev/jsavin/Frontier/third_party/cmake-src/../cmake-install/share/cmake-3.29/Help/prop_tgt/LINK_INTERFACE_LIBRARIES_CONFIG.rst
-- Installing: /Users/jake/dev/jsavin/Frontier/third_party/cmake-src/../cmake-install/share/cmake-3.29/Help/prop_tgt/BUILD_WITH_INSTALL_NAME_DIR.rst
-- Installing: /Users/jake/dev/jsavin/Frontier/third_party/cmake-src/../cmake-install/share/cmake-3.29/Help/prop_tgt/XCODE_SCHEME_ENABLE_GPU_SHADER_VALIDATION.rst
-- Installing: /Users/jake/dev/jsavin/Frontier/third_party/cmake-src/../cmake-install/share/cmake-3.29/Help/prop_tgt/XCODE_EMBED_type_CODE_SIGN_ON_COPY.rst
-- Installing: /Users/jake/dev/jsavin/Frontier/third_party/cmake-src/../cmake-install/share/cmake-3.29/Help/prop_tgt/XCODE_SCHEME_UNDEFINED_BEHAVIOUR_SANITIZER_STOP.rst
-- Installing: /Users/jake/dev/jsavin/Frontier/third_party/cmake-src/../cmake-install/share/cmake-3.29/Help/prop_tgt/NAME.rst
-- Installing: /Users/jake/dev/jsavin/Frontier/third_party/cmake-src/../cmake-install/share/cmake-3.29/Help/prop_tgt/OBJC_STANDARD.rst
-- Installing: /Users/jake/dev/jsavin/Frontier/third_party/cmake-src/../cmake-install/share/cmake-3.29/Help/prop_tgt/IMPORTED_SONAME_CONFIG.rst
-- Installing: /Users/jake/dev/jsavin/Frontier/third_party/cmake-src/../cmake-install/share/cmake-3.29/Help/prop_tgt/XCODE_SCHEME_DEBUG_DOCUMENT_VERSIONING.rst
-- Installing: /Users/jake/dev/jsavin/Frontier/third_party/cmake-src/../cmake-install/share/cmake-3.29/Help/prop_tgt/CUDA_RUNTIME_LIBRARY.rst
-- Installing: /Users/jake/dev/jsavin/Frontier/third_party/cmake-src/../cmake-install/share/cmake-3.29/Help/prop_tgt/SOVERSION.rst
-- Installing: /Users/jake/dev/jsavin/Frontier/third_party/cmake-src/../cmake-install/share/cmake-3.29/Help/prop_tgt/XCTEST.rst
-- Installing: /Users/jake/dev/jsavin/Frontier/third_party/cmake-src/../cmake-install/share/cmake-3.29/Help/generator
-- Installing: /Users/jake/dev/jsavin/Frontier/third_party/cmake-src/../cmake-install/share/cmake-3.29/Help/generator/Visual Studio 15 2017.rst
-- Installing: /Users/jake/dev/jsavin/Frontier/third_party/cmake-src/../cmake-install/share/cmake-3.29/Help/generator/Eclipse CDT4.rst
-- Installing: /Users/jake/dev/jsavin/Frontier/third_party/cmake-src/../cmake-install/share/cmake-3.29/Help/generator/Kate.rst
-- Installing: /Users/jake/dev/jsavin/Frontier/third_party/cmake-src/../cmake-install/share/cmake-3.29/Help/generator/VS_TOOLSET_HOST_ARCH_LEGACY.txt
-- Installing: /Users/jake/dev/jsavin/Frontier/third_party/cmake-src/../cmake-install/share/cmake-3.29/Help/generator/Visual Studio 14 2015.rst
-- Installing: /Users/jake/dev/jsavin/Frontier/third_party/cmake-src/../cmake-install/share/cmake-3.29/Help/generator/Xcode.rst
-- Installing: /Users/jake/dev/jsavin/Frontier/third_party/cmake-src/../cmake-install/share/cmake-3.29/Help/generator/Visual Studio 8 2005.rst
-- Installing: /Users/jake/dev/jsavin/Frontier/third_party/cmake-src/../cmake-install/share/cmake-3.29/Help/generator/Visual Studio 16 2019.rst
-- Installing: /Users/jake/dev/jsavin/Frontier/third_party/cmake-src/../cmake-install/share/cmake-3.29/Help/generator/Visual Studio 12 2013.rst
-- Installing: /Users/jake/dev/jsavin/Frontier/third_party/cmake-src/../cmake-install/share/cmake-3.29/Help/generator/CodeLite.rst
-- Installing: /Users/jake/dev/jsavin/Frontier/third_party/cmake-src/../cmake-install/share/cmake-3.29/Help/generator/MSYS Makefiles.rst
-- Installing: /Users/jake/dev/jsavin/Frontier/third_party/cmake-src/../cmake-install/share/cmake-3.29/Help/generator/Visual Studio 17 2022.rst
-- Installing: /Users/jake/dev/jsavin/Frontier/third_party/cmake-src/../cmake-install/share/cmake-3.29/Help/generator/VS_TOOLSET_HOST_ARCH.txt
-- Installing: /Users/jake/dev/jsavin/Frontier/third_party/cmake-src/../cmake-install/share/cmake-3.29/Help/generator/Ninja.rst
-- Installing: /Users/jake/dev/jsavin/Frontier/third_party/cmake-src/../cmake-install/share/cmake-3.29/Help/generator/NMake Makefiles JOM.rst
-- Installing: /Users/jake/dev/jsavin/Frontier/third_party/cmake-src/../cmake-install/share/cmake-3.29/Help/generator/Unix Makefiles.rst
-- Installing: /Users/jake/dev/jsavin/Frontier/third_party/cmake-src/../cmake-install/share/cmake-3.29/Help/generator/CodeBlocks.rst
-- Installing: /Users/jake/dev/jsavin/Frontier/third_party/cmake-src/../cmake-install/share/cmake-3.29/Help/generator/Ninja Multi-Config.rst
-- Installing: /Users/jake/dev/jsavin/Frontier/third_party/cmake-src/../cmake-install/share/cmake-3.29/Help/generator/Visual Studio 7 .NET 2003.rst
-- Installing: /Users/jake/dev/jsavin/Frontier/third_party/cmake-src/../cmake-install/share/cmake-3.29/Help/generator/Visual Studio 6.rst
-- Installing: /Users/jake/dev/jsavin/Frontier/third_party/cmake-src/../cmake-install/share/cmake-3.29/Help/generator/Watcom WMake.rst
-- Installing: /Users/jake/dev/jsavin/Frontier/third_party/cmake-src/../cmake-install/share/cmake-3.29/Help/generator/Visual Studio 7.rst
-- Installing: /Users/jake/dev/jsavin/Frontier/third_party/cmake-src/../cmake-install/share/cmake-3.29/Help/generator/Visual Studio 9 2008.rst
-- Installing: /Users/jake/dev/jsavin/Frontier/third_party/cmake-src/../cmake-install/share/cmake-3.29/Help/generator/Green Hills MULTI.rst
-- Installing: /Users/jake/dev/jsavin/Frontier/third_party/cmake-src/../cmake-install/share/cmake-3.29/Help/generator/Sublime Text 2.rst
-- Installing: /Users/jake/dev/jsavin/Frontier/third_party/cmake-src/../cmake-install/share/cmake-3.29/Help/generator/NMake Makefiles.rst
-- Installing: /Users/jake/dev/jsavin/Frontier/third_party/cmake-src/../cmake-install/share/cmake-3.29/Help/generator/Visual Studio 11 2012.rst
-- Installing: /Users/jake/dev/jsavin/Frontier/third_party/cmake-src/../cmake-install/share/cmake-3.29/Help/generator/Borland Makefiles.rst
-- Installing: /Users/jake/dev/jsavin/Frontier/third_party/cmake-src/../cmake-install/share/cmake-3.29/Help/generator/MinGW Makefiles.rst
-- Installing: /Users/jake/dev/jsavin/Frontier/third_party/cmake-src/../cmake-install/share/cmake-3.29/Help/generator/Visual Studio 10 2010.rst
-- Installing: /Users/jake/dev/jsavin/Frontier/third_party/cmake-src/../cmake-install/share/cmake-3.29/Help/prop_gbl
-- Installing: /Users/jake/dev/jsavin/Frontier/third_party/cmake-src/../cmake-install/share/cmake-3.29/Help/prop_gbl/PACKAGES_NOT_FOUND.rst
-- Installing: /Users/jake/dev/jsavin/Frontier/third_party/cmake-src/../cmake-install/share/cmake-3.29/Help/prop_gbl/CMAKE_CUDA_KNOWN_FEATURES.rst
-- Installing: /Users/jake/dev/jsavin/Frontier/third_party/cmake-src/../cmake-install/share/cmake-3.29/Help/prop_gbl/FIND_LIBRARY_USE_OPENBSD_VERSIONING.rst
-- Installing: /Users/jake/dev/jsavin/Frontier/third_party/cmake-src/../cmake-install/share/cmake-3.29/Help/prop_gbl/GLOBAL_DEPENDS_DEBUG_MODE.rst
-- Installing: /Users/jake/dev/jsavin/Frontier/third_party/cmake-src/../cmake-install/share/cmake-3.29/Help/prop_gbl/PREDEFINED_TARGETS_FOLDER.rst
-- Installing: /Users/jake/dev/jsavin/Frontier/third_party/cmake-src/../cmake-install/share/cmake-3.29/Help/prop_gbl/AUTOGEN_SOURCE_GROUP.rst
-- Installing: /Users/jake/dev/jsavin/Frontier/third_party/cmake-src/../cmake-install/share/cmake-3.29/Help/prop_gbl/RULE_MESSAGES.rst
-- Installing: /Users/jake/dev/jsavin/Frontier/third_party/cmake-src/../cmake-install/share/cmake-3.29/Help/prop_gbl/JOB_POOLS.rst
-- Installing: /Users/jake/dev/jsavin/Frontier/third_party/cmake-src/../cmake-install/share/cmake-3.29/Help/prop_gbl/CMAKE_C_KNOWN_FEATURES.rst
-- Installing: /Users/jake/dev/jsavin/Frontier/third_party/cmake-src/../cmake-install/share/cmake-3.29/Help/prop_gbl/AUTORCC_SOURCE_GROUP.rst
-- Installing: /Users/jake/dev/jsavin/Frontier/third_party/cmake-src/../cmake-install/share/cmake-3.29/Help/prop_gbl/AUTOUIC_SOURCE_GROUP.rst
-- Installing: /Users/jake/dev/jsavin/Frontier/third_party/cmake-src/../cmake-install/share/cmake-3.29/Help/prop_gbl/ECLIPSE_EXTRA_CPROJECT_CONTENTS.rst
-- Installing: /Users/jake/dev/jsavin/Frontier/third_party/cmake-src/../cmake-install/share/cmake-3.29/Help/prop_gbl/GENERATOR_IS_MULTI_CONFIG.rst
-- Installing: /Users/jake/dev/jsavin/Frontier/third_party/cmake-src/../cmake-install/share/cmake-3.29/Help/prop_gbl/TARGET_SUPPORTS_SHARED_LIBS.rst
-- Installing: /Users/jake/dev/jsavin/Frontier/third_party/cmake-src/../cmake-install/share/cmake-3.29/Help/prop_gbl/ECLIPSE_EXTRA_NATURES.rst
-- Installing: /Users/jake/dev/jsavin/Frontier/third_party/cmake-src/../cmake-install/share/cmake-3.29/Help/prop_gbl/TARGET_MESSAGES.rst
-- Installing: /Users/jake/dev/jsavin/Frontier/third_party/cmake-src/../cmake-install/share/cmake-3.29/Help/prop_gbl/FIND_LIBRARY_USE_LIB64_PATHS.rst
-- Installing: /Users/jake/dev/jsavin/Frontier/third_party/cmake-src/../cmake-install/share/cmake-3.29/Help/prop_gbl/FIND_LIBRARY_USE_LIB32_PATHS.rst
-- Installing: /Users/jake/dev/jsavin/Frontier/third_party/cmake-src/../cmake-install/share/cmake-3.29/Help/prop_gbl/AUTOMOC_TARGETS_FOLDER.rst
-- Installing: /Users/jake/dev/jsavin/Frontier/third_party/cmake-src/../cmake-install/share/cmake-3.29/Help/prop_gbl/TARGET_ARCHIVES_MAY_BE_SHARED_LIBS.rst
-- Installing: /Users/jake/dev/jsavin/Frontier/third_party/cmake-src/../cmake-install/share/cmake-3.29/Help/prop_gbl/ENABLED_FEATURES.rst
-- Installing: /Users/jake/dev/jsavin/Frontier/third_party/cmake-src/../cmake-install/share/cmake-3.29/Help/prop_gbl/REPORT_UNDEFINED_PROPERTIES.rst
-- Installing: /Users/jake/dev/jsavin/Frontier/third_party/cmake-src/../cmake-install/share/cmake-3.29/Help/prop_gbl/DEBUG_CONFIGURATIONS.rst
-- Installing: /Users/jake/dev/jsavin/Frontier/third_party/cmake-src/../cmake-install/share/cmake-3.29/Help/prop_gbl/XCODE_EMIT_EFFECTIVE_PLATFORM_NAME.rst
-- Installing: /Users/jake/dev/jsavin/Frontier/third_party/cmake-src/../cmake-install/share/cmake-3.29/Help/prop_gbl/USE_FOLDERS.rst
-- Installing: /Users/jake/dev/jsavin/Frontier/third_party/cmake-src/../cmake-install/share/cmake-3.29/Help/prop_gbl/CMAKE_CXX_KNOWN_FEATURES.rst
-- Installing: /Users/jake/dev/jsavin/Frontier/third_party/cmake-src/../cmake-install/share/cmake-3.29/Help/prop_gbl/CMAKE_LANG_STD_FLAGS.txt
-- Installing: /Users/jake/dev/jsavin/Frontier/third_party/cmake-src/../cmake-install/share/cmake-3.29/Help/prop_gbl/RULE_LAUNCH_CUSTOM.rst
-- Installing: /Users/jake/dev/jsavin/Frontier/third_party/cmake-src/../cmake-install/share/cmake-3.29/Help/prop_gbl/GLOBAL_DEPENDS_NO_CYCLES.rst
-- Installing: /Users/jake/dev/jsavin/Frontier/third_party/cmake-src/../cmake-install/share/cmake-3.29/Help/prop_gbl/RULE_LAUNCH_COMPILE.rst
-- Installing: /Users/jake/dev/jsavin/Frontier/third_party/cmake-src/../cmake-install/share/cmake-3.29/Help/prop_gbl/RULE_LAUNCH_LINK.rst
-- Installing: /Users/jake/dev/jsavin/Frontier/third_party/cmake-src/../cmake-install/share/cmake-3.29/Help/prop_gbl/CMAKE_ROLE.rst
-- Installing: /Users/jake/dev/jsavin/Frontier/third_party/cmake-src/../cmake-install/share/cmake-3.29/Help/prop_gbl/PACKAGES_FOUND.rst
-- Installing: /Users/jake/dev/jsavin/Frontier/third_party/cmake-src/../cmake-install/share/cmake-3.29/Help/prop_gbl/DISABLED_FEATURES.rst
-- Installing: /Users/jake/dev/jsavin/Frontier/third_party/cmake-src/../cmake-install/share/cmake-3.29/Help/prop_gbl/ENABLED_LANGUAGES.rst
-- Installing: /Users/jake/dev/jsavin/Frontier/third_party/cmake-src/../cmake-install/share/cmake-3.29/Help/prop_gbl/IN_TRY_COMPILE.rst
-- Installing: /Users/jake/dev/jsavin/Frontier/third_party/cmake-src/../cmake-install/share/cmake-3.29/Help/prop_gbl/AUTOGEN_TARGETS_FOLDER.rst
-- Installing: /Users/jake/dev/jsavin/Frontier/third_party/cmake-src/../cmake-install/share/cmake-3.29/Help/prop_gbl/AUTOMOC_SOURCE_GROUP.rst
-- Installing: /Users/jake/dev/jsavin/Frontier/third_party/cmake-src/../cmake-install/share/cmake-3.29/Help/prop_gbl/FIND_LIBRARY_USE_LIBX32_PATHS.rst
-- Installing: /Users/jake/dev/jsavin/Frontier/third_party/cmake-src/../cmake-install/share/cmake-3.29/Help/prop_gbl/ALLOW_DUPLICATE_CUSTOM_TARGETS.rst
-- Installing: /Users/jake/dev/jsavin/Frontier/third_party/cmake-src/../cmake-install/share/cmake-3.29/Help/manual
-- Installing: /Users/jake/dev/jsavin/Frontier/third_party/cmake-src/../cmake-install/share/cmake-3.29/Help/manual/cmake-language.7.rst
-- Installing: /Users/jake/dev/jsavin/Frontier/third_party/cmake-src/../cmake-install/share/cmake-3.29/Help/manual/cpack-generators.7.rst
-- Installing: /Users/jake/dev/jsavin/Frontier/third_party/cmake-src/../cmake-install/share/cmake-3.29/Help/manual/cmake-env-variables.7.rst
-- Installing: /Users/jake/dev/jsavin/Frontier/third_party/cmake-src/../cmake-install/share/cmake-3.29/Help/manual/OPTIONS_BUILD.txt
-- Installing: /Users/jake/dev/jsavin/Frontier/third_party/cmake-src/../cmake-install/share/cmake-3.29/Help/manual/cmake-developer.7.rst
-- Installing: /Users/jake/dev/jsavin/Frontier/third_party/cmake-src/../cmake-install/share/cmake-3.29/Help/manual/cmake-modules.7.rst
-- Installing: /Users/jake/dev/jsavin/Frontier/third_party/cmake-src/../cmake-install/share/cmake-3.29/Help/manual/ctest.1.rst
-- Installing: /Users/jake/dev/jsavin/Frontier/third_party/cmake-src/../cmake-install/share/cmake-3.29/Help/manual/cmake-file-api.7.rst
-- Installing: /Users/jake/dev/jsavin/Frontier/third_party/cmake-src/../cmake-install/share/cmake-3.29/Help/manual/cmake-gui.1.rst
-- Installing: /Users/jake/dev/jsavin/Frontier/third_party/cmake-src/../cmake-install/share/cmake-3.29/Help/manual/ccmake.1.rst
-- Installing: /Users/jake/dev/jsavin/Frontier/third_party/cmake-src/../cmake-install/share/cmake-3.29/Help/manual/cmake-generator-expressions.7.rst
-- Installing: /Users/jake/dev/jsavin/Frontier/third_party/cmake-src/../cmake-install/share/cmake-3.29/Help/manual/cmake-properties.7.rst
-- Installing: /Users/jake/dev/jsavin/Frontier/third_party/cmake-src/../cmake-install/share/cmake-3.29/Help/manual/CTEST_EXAMPLE_MAKEFILE_JOB_SERVER.make
-- Installing: /Users/jake/dev/jsavin/Frontier/third_party/cmake-src/../cmake-install/share/cmake-3.29/Help/manual/cmake.1.rst
-- Installing: /Users/jake/dev/jsavin/Frontier/third_party/cmake-src/../cmake-install/share/cmake-3.29/Help/manual/cpack.1.rst
-- Installing: /Users/jake/dev/jsavin/Frontier/third_party/cmake-src/../cmake-install/share/cmake-3.29/Help/manual/cmake-toolchains.7.rst
-- Installing: /Users/jake/dev/jsavin/Frontier/third_party/cmake-src/../cmake-install/share/cmake-3.29/Help/manual/cmake-server.7.rst
-- Installing: /Users/jake/dev/jsavin/Frontier/third_party/cmake-src/../cmake-install/share/cmake-3.29/Help/manual/cmake-commands.7.rst
-- Installing: /Users/jake/dev/jsavin/Frontier/third_party/cmake-src/../cmake-install/share/cmake-3.29/Help/manual/LINKS.txt
-- Installing: /Users/jake/dev/jsavin/Frontier/third_party/cmake-src/../cmake-install/share/cmake-3.29/Help/manual/cmake-packages.7.rst
-- Installing: /Users/jake/dev/jsavin/Frontier/third_party/cmake-src/../cmake-install/share/cmake-3.29/Help/manual/cmake-policies.7.rst
-- Installing: /Users/jake/dev/jsavin/Frontier/third_party/cmake-src/../cmake-install/share/cmake-3.29/Help/manual/cmake-configure-log.7.rst
-- Installing: /Users/jake/dev/jsavin/Frontier/third_party/cmake-src/../cmake-install/share/cmake-3.29/Help/manual/ID_RESERVE.txt
-- Installing: /Users/jake/dev/jsavin/Frontier/third_party/cmake-src/../cmake-install/share/cmake-3.29/Help/manual/cmake-compile-features.7.rst
-- Installing: /Users/jake/dev/jsavin/Frontier/third_party/cmake-src/../cmake-install/share/cmake-3.29/Help/manual/OPTIONS_HELP.txt
-- Installing: /Users/jake/dev/jsavin/Frontier/third_party/cmake-src/../cmake-install/share/cmake-3.29/Help/manual/cmake-generators.7.rst
-- Installing: /Users/jake/dev/jsavin/Frontier/third_party/cmake-src/../cmake-install/share/cmake-3.29/Help/manual/cmake-cxxmodules.7.rst
-- Installing: /Users/jake/dev/jsavin/Frontier/third_party/cmake-src/../cmake-install/share/cmake-3.29/Help/manual/presets
-- Installing: /Users/jake/dev/jsavin/Frontier/third_party/cmake-src/../cmake-install/share/cmake-3.29/Help/manual/presets/example.json
-- Installing: /Users/jake/dev/jsavin/Frontier/third_party/cmake-src/../cmake-install/share/cmake-3.29/Help/manual/presets/schema.json
-- Installing: /Users/jake/dev/jsavin/Frontier/third_party/cmake-src/../cmake-install/share/cmake-3.29/Help/manual/cmake-buildsystem.7.rst
-- Installing: /Users/jake/dev/jsavin/Frontier/third_party/cmake-src/../cmake-install/share/cmake-3.29/Help/manual/cmake-variables.7.rst
-- Installing: /Users/jake/dev/jsavin/Frontier/third_party/cmake-src/../cmake-install/share/cmake-3.29/Help/manual/cmake-qt.7.rst
-- Installing: /Users/jake/dev/jsavin/Frontier/third_party/cmake-src/../cmake-install/share/cmake-3.29/Help/manual/cmake-presets.7.rst
-- Installing: /Users/jake/dev/jsavin/Frontier/third_party/cmake-src/../cmake-install/share/cmake-3.29/Help/prop_dir
-- Installing: /Users/jake/dev/jsavin/Frontier/third_party/cmake-src/../cmake-install/share/cmake-3.29/Help/prop_dir/COMPILE_OPTIONS.rst
-- Installing: /Users/jake/dev/jsavin/Frontier/third_party/cmake-src/../cmake-install/share/cmake-3.29/Help/prop_dir/IMPORTED_TARGETS.rst
-- Installing: /Users/jake/dev/jsavin/Frontier/third_party/cmake-src/../cmake-install/share/cmake-3.29/Help/prop_dir/INTERPROCEDURAL_OPTIMIZATION.rst
-- Installing: /Users/jake/dev/jsavin/Frontier/third_party/cmake-src/../cmake-install/share/cmake-3.29/Help/prop_dir/LINK_OPTIONS.rst
-- Installing: /Users/jake/dev/jsavin/Frontier/third_party/cmake-src/../cmake-install/share/cmake-3.29/Help/prop_dir/TEST_INCLUDE_FILE.rst
-- Installing: /Users/jake/dev/jsavin/Frontier/third_party/cmake-src/../cmake-install/share/cmake-3.29/Help/prop_dir/ADDITIONAL_MAKE_CLEAN_FILES.rst
-- Installing: /Users/jake/dev/jsavin/Frontier/third_party/cmake-src/../cmake-install/share/cmake-3.29/Help/prop_dir/BUILDSYSTEM_TARGETS.rst
-- Installing: /Users/jake/dev/jsavin/Frontier/third_party/cmake-src/../cmake-install/share/cmake-3.29/Help/prop_dir/CLEAN_NO_CUSTOM.rst
-- Installing: /Users/jake/dev/jsavin/Frontier/third_party/cmake-src/../cmake-install/share/cmake-3.29/Help/prop_dir/VARIABLES.rst
-- Installing: /Users/jake/dev/jsavin/Frontier/third_party/cmake-src/../cmake-install/share/cmake-3.29/Help/prop_dir/SUBDIRECTORIES.rst
-- Installing: /Users/jake/dev/jsavin/Frontier/third_party/cmake-src/../cmake-install/share/cmake-3.29/Help/prop_dir/VS_GLOBAL_SECTION_POST_section.rst
-- Installing: /Users/jake/dev/jsavin/Frontier/third_party/cmake-src/../cmake-install/share/cmake-3.29/Help/prop_dir/TESTS.rst
-- Installing: /Users/jake/dev/jsavin/Frontier/third_party/cmake-src/../cmake-install/share/cmake-3.29/Help/prop_dir/COMPILE_DEFINITIONS_CONFIG.rst
-- Installing: /Users/jake/dev/jsavin/Frontier/third_party/cmake-src/../cmake-install/share/cmake-3.29/Help/prop_dir/VS_GLOBAL_SECTION_PRE_section.rst
-- Installing: /Users/jake/dev/jsavin/Frontier/third_party/cmake-src/../cmake-install/share/cmake-3.29/Help/prop_dir/SYSTEM.rst
-- Installing: /Users/jake/dev/jsavin/Frontier/third_party/cmake-src/../cmake-install/share/cmake-3.29/Help/prop_dir/BINARY_DIR.rst
-- Installing: /Users/jake/dev/jsavin/Frontier/third_party/cmake-src/../cmake-install/share/cmake-3.29/Help/prop_dir/IMPLICIT_DEPENDS_INCLUDE_TRANSFORM.rst
-- Installing: /Users/jake/dev/jsavin/Frontier/third_party/cmake-src/../cmake-install/share/cmake-3.29/Help/prop_dir/SOURCE_DIR.rst
-- Installing: /Users/jake/dev/jsavin/Frontier/third_party/cmake-src/../cmake-install/share/cmake-3.29/Help/prop_dir/CMAKE_CONFIGURE_DEPENDS.rst
-- Installing: /Users/jake/dev/jsavin/Frontier/third_party/cmake-src/../cmake-install/share/cmake-3.29/Help/prop_dir/ADDITIONAL_CLEAN_FILES.rst
-- Installing: /Users/jake/dev/jsavin/Frontier/third_party/cmake-src/../cmake-install/share/cmake-3.29/Help/prop_dir/MACROS.rst
-- Installing: /Users/jake/dev/jsavin/Frontier/third_party/cmake-src/../cmake-install/share/cmake-3.29/Help/prop_dir/LINK_DIRECTORIES.rst
-- Installing: /Users/jake/dev/jsavin/Frontier/third_party/cmake-src/../cmake-install/share/cmake-3.29/Help/prop_dir/LISTFILE_STACK.rst
-- Installing: /Users/jake/dev/jsavin/Frontier/third_party/cmake-src/../cmake-install/share/cmake-3.29/Help/prop_dir/INCLUDE_REGULAR_EXPRESSION.rst
-- Installing: /Users/jake/dev/jsavin/Frontier/third_party/cmake-src/../cmake-install/share/cmake-3.29/Help/prop_dir/TEST_INCLUDE_FILES.rst
-- Installing: /Users/jake/dev/jsavin/Frontier/third_party/cmake-src/../cmake-install/share/cmake-3.29/Help/prop_dir/DEFINITIONS.rst
-- Installing: /Users/jake/dev/jsavin/Frontier/third_party/cmake-src/../cmake-install/share/cmake-3.29/Help/prop_dir/PARENT_DIRECTORY.rst
-- Installing: /Users/jake/dev/jsavin/Frontier/third_party/cmake-src/../cmake-install/share/cmake-3.29/Help/prop_dir/COMPILE_DEFINITIONS.rst
-- Installing: /Users/jake/dev/jsavin/Frontier/third_party/cmake-src/../cmake-install/share/cmake-3.29/Help/prop_dir/CACHE_VARIABLES.rst
-- Installing: /Users/jake/dev/jsavin/Frontier/third_party/cmake-src/../cmake-install/share/cmake-3.29/Help/prop_dir/RULE_LAUNCH_CUSTOM.rst
-- Installing: /Users/jake/dev/jsavin/Frontier/third_party/cmake-src/../cmake-install/share/cmake-3.29/Help/prop_dir/VS_STARTUP_PROJECT.rst
-- Installing: /Users/jake/dev/jsavin/Frontier/third_party/cmake-src/../cmake-install/share/cmake-3.29/Help/prop_dir/RULE_LAUNCH_COMPILE.rst
-- Installing: /Users/jake/dev/jsavin/Frontier/third_party/cmake-src/../cmake-install/share/cmake-3.29/Help/prop_dir/RULE_LAUNCH_LINK.rst
-- Installing: /Users/jake/dev/jsavin/Frontier/third_party/cmake-src/../cmake-install/share/cmake-3.29/Help/prop_dir/INTERPROCEDURAL_OPTIMIZATION_CONFIG.rst
-- Installing: /Users/jake/dev/jsavin/Frontier/third_party/cmake-src/../cmake-install/share/cmake-3.29/Help/prop_dir/EXCLUDE_FROM_ALL.rst
-- Installing: /Users/jake/dev/jsavin/Frontier/third_party/cmake-src/../cmake-install/share/cmake-3.29/Help/prop_dir/LABELS.rst
-- Installing: /Users/jake/dev/jsavin/Frontier/third_party/cmake-src/../cmake-install/share/cmake-3.29/Help/prop_dir/INCLUDE_DIRECTORIES.rst
-- Installing: /Users/jake/dev/jsavin/Frontier/third_party/cmake-src/../cmake-install/share/cmake-3.29/Help/command
-- Installing: /Users/jake/dev/jsavin/Frontier/third_party/cmake-src/../cmake-install/share/cmake-3.29/Help/command/ctest_update.rst
-- Installing: /Users/jake/dev/jsavin/Frontier/third_party/cmake-src/../cmake-install/share/cmake-3.29/Help/command/endfunction.rst
-- Installing: /Users/jake/dev/jsavin/Frontier/third_party/cmake-src/../cmake-install/share/cmake-3.29/Help/command/use_mangled_mesa.rst
-- Installing: /Users/jake/dev/jsavin/Frontier/third_party/cmake-src/../cmake-install/share/cmake-3.29/Help/command/continue.rst
-- Installing: /Users/jake/dev/jsavin/Frontier/third_party/cmake-src/../cmake-install/share/cmake-3.29/Help/command/install.rst
-- Installing: /Users/jake/dev/jsavin/Frontier/third_party/cmake-src/../cmake-install/share/cmake-3.29/Help/command/variable_watch.rst
-- Installing: /Users/jake/dev/jsavin/Frontier/third_party/cmake-src/../cmake-install/share/cmake-3.29/Help/command/return.rst
-- Installing: /Users/jake/dev/jsavin/Frontier/third_party/cmake-src/../cmake-install/share/cmake-3.29/Help/command/cmake_language.rst
-- Installing: /Users/jake/dev/jsavin/Frontier/third_party/cmake-src/../cmake-install/share/cmake-3.29/Help/command/include.rst
-- Installing: /Users/jake/dev/jsavin/Frontier/third_party/cmake-src/../cmake-install/share/cmake-3.29/Help/command/OPTIONS_SHELL.txt
-- Installing: /Users/jake/dev/jsavin/Frontier/third_party/cmake-src/../cmake-install/share/cmake-3.29/Help/command/define_property.rst
-- Installing: /Users/jake/dev/jsavin/Frontier/third_party/cmake-src/../cmake-install/share/cmake-3.29/Help/command/unset.rst
-- Installing: /Users/jake/dev/jsavin/Frontier/third_party/cmake-src/../cmake-install/share/cmake-3.29/Help/command/add_subdirectory.rst
-- Installing: /Users/jake/dev/jsavin/Frontier/third_party/cmake-src/../cmake-install/share/cmake-3.29/Help/command/endmacro.rst
-- Installing: /Users/jake/dev/jsavin/Frontier/third_party/cmake-src/../cmake-install/share/cmake-3.29/Help/command/FIND_XXX_ROOT.txt
-- Installing: /Users/jake/dev/jsavin/Frontier/third_party/cmake-src/../cmake-install/share/cmake-3.29/Help/command/SUPPORTED_LANGUAGES.txt
-- Installing: /Users/jake/dev/jsavin/Frontier/third_party/cmake-src/../cmake-install/share/cmake-3.29/Help/command/ctest_sleep.rst
-- Installing: /Users/jake/dev/jsavin/Frontier/third_party/cmake-src/../cmake-install/share/cmake-3.29/Help/command/ctest_build.rst
-- Installing: /Users/jake/dev/jsavin/Frontier/third_party/cmake-src/../cmake-install/share/cmake-3.29/Help/command/try_compile.rst
-- Installing: /Users/jake/dev/jsavin/Frontier/third_party/cmake-src/../cmake-install/share/cmake-3.29/Help/command/target_link_directories.rst
-- Installing: /Users/jake/dev/jsavin/Frontier/third_party/cmake-src/../cmake-install/share/cmake-3.29/Help/command/endwhile.rst
-- Installing: /Users/jake/dev/jsavin/Frontier/third_party/cmake-src/../cmake-install/share/cmake-3.29/Help/command/load_command.rst
-- Installing: /Users/jake/dev/jsavin/Frontier/third_party/cmake-src/../cmake-install/share/cmake-3.29/Help/command/endif.rst
-- Installing: /Users/jake/dev/jsavin/Frontier/third_party/cmake-src/../cmake-install/share/cmake-3.29/Help/command/DEVICE_LINK_OPTIONS.txt
-- Installing: /Users/jake/dev/jsavin/Frontier/third_party/cmake-src/../cmake-install/share/cmake-3.29/Help/command/set_source_files_properties.rst
-- Installing: /Users/jake/dev/jsavin/Frontier/third_party/cmake-src/../cmake-install/share/cmake-3.29/Help/command/mark_as_advanced.rst
-- Installing: /Users/jake/dev/jsavin/Frontier/third_party/cmake-src/../cmake-install/share/cmake-3.29/Help/command/ctest_test.rst
-- Installing: /Users/jake/dev/jsavin/Frontier/third_party/cmake-src/../cmake-install/share/cmake-3.29/Help/command/install_targets.rst
-- Installing: /Users/jake/dev/jsavin/Frontier/third_party/cmake-src/../cmake-install/share/cmake-3.29/Help/command/remove_definitions.rst
-- Installing: /Users/jake/dev/jsavin/Frontier/third_party/cmake-src/../cmake-install/share/cmake-3.29/Help/command/ctest_run_script.rst
-- Installing: /Users/jake/dev/jsavin/Frontier/third_party/cmake-src/../cmake-install/share/cmake-3.29/Help/command/set_directory_properties.rst
-- Installing: /Users/jake/dev/jsavin/Frontier/third_party/cmake-src/../cmake-install/share/cmake-3.29/Help/command/add_library.rst
-- Installing: /Users/jake/dev/jsavin/Frontier/third_party/cmake-src/../cmake-install/share/cmake-3.29/Help/command/try_run.rst
-- Installing: /Users/jake/dev/jsavin/Frontier/third_party/cmake-src/../cmake-install/share/cmake-3.29/Help/command/cmake_file_api.rst
-- Installing: /Users/jake/dev/jsavin/Frontier/third_party/cmake-src/../cmake-install/share/cmake-3.29/Help/command/include_guard.rst
-- Installing: /Users/jake/dev/jsavin/Frontier/third_party/cmake-src/../cmake-install/share/cmake-3.29/Help/command/target_precompile_headers.rst
-- Installing: /Users/jake/dev/jsavin/Frontier/third_party/cmake-src/../cmake-install/share/cmake-3.29/Help/command/get_property.rst
-- Installing: /Users/jake/dev/jsavin/Frontier/third_party/cmake-src/../cmake-install/share/cmake-3.29/Help/command/list.rst
-- Installing: /Users/jake/dev/jsavin/Frontier/third_party/cmake-src/../cmake-install/share/cmake-3.29/Help/command/execute_process.rst
-- Installing: /Users/jake/dev/jsavin/Frontier/third_party/cmake-src/../cmake-install/share/cmake-3.29/Help/command/set_target_properties.rst
-- Installing: /Users/jake/dev/jsavin/Frontier/third_party/cmake-src/../cmake-install/share/cmake-3.29/Help/command/add_compile_options.rst
-- Installing: /Users/jake/dev/jsavin/Frontier/third_party/cmake-src/../cmake-install/share/cmake-3.29/Help/command/ctest_coverage.rst
-- Installing: /Users/jake/dev/jsavin/Frontier/third_party/cmake-src/../cmake-install/share/cmake-3.29/Help/command/get_test_property.rst
-- Installing: /Users/jake/dev/jsavin/Frontier/third_party/cmake-src/../cmake-install/share/cmake-3.29/Help/command/link_libraries.rst
-- Installing: /Users/jake/dev/jsavin/Frontier/third_party/cmake-src/../cmake-install/share/cmake-3.29/Help/command/file.rst
-- Installing: /Users/jake/dev/jsavin/Frontier/third_party/cmake-src/../cmake-install/share/cmake-3.29/Help/command/aux_source_directory.rst
-- Installing: /Users/jake/dev/jsavin/Frontier/third_party/cmake-src/../cmake-install/share/cmake-3.29/Help/command/endblock.rst
-- Installing: /Users/jake/dev/jsavin/Frontier/third_party/cmake-src/../cmake-install/share/cmake-3.29/Help/command/set_tests_properties.rst
-- Installing: /Users/jake/dev/jsavin/Frontier/third_party/cmake-src/../cmake-install/share/cmake-3.29/Help/command/export.rst
-- Installing: /Users/jake/dev/jsavin/Frontier/third_party/cmake-src/../cmake-install/share/cmake-3.29/Help/command/variable_requires.rst
-- Installing: /Users/jake/dev/jsavin/Frontier/third_party/cmake-src/../cmake-install/share/cmake-3.29/Help/command/find_program.rst
-- Installing: /Users/jake/dev/jsavin/Frontier/third_party/cmake-src/../cmake-install/share/cmake-3.29/Help/command/add_dependencies.rst
-- Installing: /Users/jake/dev/jsavin/Frontier/third_party/cmake-src/../cmake-install/share/cmake-3.29/Help/command/option.rst
-- Installing: /Users/jake/dev/jsavin/Frontier/third_party/cmake-src/../cmake-install/share/cmake-3.29/Help/command/qt_wrap_ui.rst
-- Installing: /Users/jake/dev/jsavin/Frontier/third_party/cmake-src/../cmake-install/share/cmake-3.29/Help/command/function.rst
-- Installing: /Users/jake/dev/jsavin/Frontier/third_party/cmake-src/../cmake-install/share/cmake-3.29/Help/command/get_directory_property.rst
-- Installing: /Users/jake/dev/jsavin/Frontier/third_party/cmake-src/../cmake-install/share/cmake-3.29/Help/command/FIND_XXX_REGISTRY_VIEW.txt
-- Installing: /Users/jake/dev/jsavin/Frontier/third_party/cmake-src/../cmake-install/share/cmake-3.29/Help/command/configure_file.rst
-- Installing: /Users/jake/dev/jsavin/Frontier/third_party/cmake-src/../cmake-install/share/cmake-3.29/Help/command/ctest_empty_binary_directory.rst
-- Installing: /Users/jake/dev/jsavin/Frontier/third_party/cmake-src/../cmake-install/share/cmake-3.29/Help/command/find_package.rst
-- Installing: /Users/jake/dev/jsavin/Frontier/third_party/cmake-src/../cmake-install/share/cmake-3.29/Help/command/UNSET_NOTE.txt
-- Installing: /Users/jake/dev/jsavin/Frontier/third_party/cmake-src/../cmake-install/share/cmake-3.29/Help/command/ctest_upload.rst
-- Installing: /Users/jake/dev/jsavin/Frontier/third_party/cmake-src/../cmake-install/share/cmake-3.29/Help/command/target_link_options.rst
-- Installing: /Users/jake/dev/jsavin/Frontier/third_party/cmake-src/../cmake-install/share/cmake-3.29/Help/command/remove.rst
-- Installing: /Users/jake/dev/jsavin/Frontier/third_party/cmake-src/../cmake-install/share/cmake-3.29/Help/command/exec_program.rst
-- Installing: /Users/jake/dev/jsavin/Frontier/third_party/cmake-src/../cmake-install/share/cmake-3.29/Help/command/get_cmake_property.rst
-- Installing: /Users/jake/dev/jsavin/Frontier/third_party/cmake-src/../cmake-install/share/cmake-3.29/Help/command/foreach.rst
-- Installing: /Users/jake/dev/jsavin/Frontier/third_party/cmake-src/../cmake-install/share/cmake-3.29/Help/command/string.rst
-- Installing: /Users/jake/dev/jsavin/Frontier/third_party/cmake-src/../cmake-install/share/cmake-3.29/Help/command/link_directories.rst
-- Installing: /Users/jake/dev/jsavin/Frontier/third_party/cmake-src/../cmake-install/share/cmake-3.29/Help/command/target_link_libraries.rst
-- Installing: /Users/jake/dev/jsavin/Frontier/third_party/cmake-src/../cmake-install/share/cmake-3.29/Help/command/output_required_files.rst
-- Installing: /Users/jake/dev/jsavin/Frontier/third_party/cmake-src/../cmake-install/share/cmake-3.29/Help/command/add_compile_definitions.rst
-- Installing: /Users/jake/dev/jsavin/Frontier/third_party/cmake-src/../cmake-install/share/cmake-3.29/Help/command/FIND_XXX.txt
-- Installing: /Users/jake/dev/jsavin/Frontier/third_party/cmake-src/../cmake-install/share/cmake-3.29/Help/command/target_compile_features.rst
-- Installing: /Users/jake/dev/jsavin/Frontier/third_party/cmake-src/../cmake-install/share/cmake-3.29/Help/command/add_executable.rst
-- Installing: /Users/jake/dev/jsavin/Frontier/third_party/cmake-src/../cmake-install/share/cmake-3.29/Help/command/ctest_submit.rst
-- Installing: /Users/jake/dev/jsavin/Frontier/third_party/cmake-src/../cmake-install/share/cmake-3.29/Help/command/qt_wrap_cpp.rst
-- Installing: /Users/jake/dev/jsavin/Frontier/third_party/cmake-src/../cmake-install/share/cmake-3.29/Help/command/cmake_host_system_information.rst
-- Installing: /Users/jake/dev/jsavin/Frontier/third_party/cmake-src/../cmake-install/share/cmake-3.29/Help/command/cmake_parse_arguments.rst
-- Installing: /Users/jake/dev/jsavin/Frontier/third_party/cmake-src/../cmake-install/share/cmake-3.29/Help/command/LINK_OPTIONS_LINKER.txt
-- Installing: /Users/jake/dev/jsavin/Frontier/third_party/cmake-src/../cmake-install/share/cmake-3.29/Help/command/export_library_dependencies.rst
-- Installing: /Users/jake/dev/jsavin/Frontier/third_party/cmake-src/../cmake-install/share/cmake-3.29/Help/command/enable_language.rst
-- Installing: /Users/jake/dev/jsavin/Frontier/third_party/cmake-src/../cmake-install/share/cmake-3.29/Help/command/set.rst
-- Installing: /Users/jake/dev/jsavin/Frontier/third_party/cmake-src/../cmake-install/share/cmake-3.29/Help/command/site_name.rst
-- Installing: /Users/jake/dev/jsavin/Frontier/third_party/cmake-src/../cmake-install/share/cmake-3.29/Help/command/GENEX_NOTE.txt
-- Installing: /Users/jake/dev/jsavin/Frontier/third_party/cmake-src/../cmake-install/share/cmake-3.29/Help/command/install_programs.rst
-- Installing: /Users/jake/dev/jsavin/Frontier/third_party/cmake-src/../cmake-install/share/cmake-3.29/Help/command/if.rst
-- Installing: /Users/jake/dev/jsavin/Frontier/third_party/cmake-src/../cmake-install/share/cmake-3.29/Help/command/block.rst
-- Installing: /Users/jake/dev/jsavin/Frontier/third_party/cmake-src/../cmake-install/share/cmake-3.29/Help/command/add_link_options.rst
-- Installing: /Users/jake/dev/jsavin/Frontier/third_party/cmake-src/../cmake-install/share/cmake-3.29/Help/command/set_property.rst
-- Installing: /Users/jake/dev/jsavin/Frontier/third_party/cmake-src/../cmake-install/share/cmake-3.29/Help/command/add_custom_target.rst
-- Installing: /Users/jake/dev/jsavin/Frontier/third_party/cmake-src/../cmake-install/share/cmake-3.29/Help/command/build_command.rst
-- Installing: /Users/jake/dev/jsavin/Frontier/third_party/cmake-src/../cmake-install/share/cmake-3.29/Help/command/get_filename_component.rst
-- Installing: /Users/jake/dev/jsavin/Frontier/third_party/cmake-src/../cmake-install/share/cmake-3.29/Help/command/get_source_file_property.rst
-- Installing: /Users/jake/dev/jsavin/Frontier/third_party/cmake-src/../cmake-install/share/cmake-3.29/Help/command/subdirs.rst
-- Installing: /Users/jake/dev/jsavin/Frontier/third_party/cmake-src/../cmake-install/share/cmake-3.29/Help/command/project.rst
-- Installing: /Users/jake/dev/jsavin/Frontier/third_party/cmake-src/../cmake-install/share/cmake-3.29/Help/command/subdir_depends.rst
-- Installing: /Users/jake/dev/jsavin/Frontier/third_party/cmake-src/../cmake-install/share/cmake-3.29/Help/command/math.rst
-- Installing: /Users/jake/dev/jsavin/Frontier/third_party/cmake-src/../cmake-install/share/cmake-3.29/Help/command/cmake_minimum_required.rst
-- Installing: /Users/jake/dev/jsavin/Frontier/third_party/cmake-src/../cmake-install/share/cmake-3.29/Help/command/include_regular_expression.rst
-- Installing: /Users/jake/dev/jsavin/Frontier/third_party/cmake-src/../cmake-install/share/cmake-3.29/Help/command/add_definitions.rst
-- Installing: /Users/jake/dev/jsavin/Frontier/third_party/cmake-src/../cmake-install/share/cmake-3.29/Help/command/target_compile_options.rst
-- Installing: /Users/jake/dev/jsavin/Frontier/third_party/cmake-src/../cmake-install/share/cmake-3.29/Help/command/get_target_property.rst
-- Installing: /Users/jake/dev/jsavin/Frontier/third_party/cmake-src/../cmake-install/share/cmake-3.29/Help/command/create_test_sourcelist.rst
-- Installing: /Users/jake/dev/jsavin/Frontier/third_party/cmake-src/../cmake-install/share/cmake-3.29/Help/command/fltk_wrap_ui.rst
-- Installing: /Users/jake/dev/jsavin/Frontier/third_party/cmake-src/../cmake-install/share/cmake-3.29/Help/command/find_file.rst
-- Installing: /Users/jake/dev/jsavin/Frontier/third_party/cmake-src/../cmake-install/share/cmake-3.29/Help/command/make_directory.rst
-- Installing: /Users/jake/dev/jsavin/Frontier/third_party/cmake-src/../cmake-install/share/cmake-3.29/Help/command/build_name.rst
-- Installing: /Users/jake/dev/jsavin/Frontier/third_party/cmake-src/../cmake-install/share/cmake-3.29/Help/command/load_cache.rst
-- Installing: /Users/jake/dev/jsavin/Frontier/third_party/cmake-src/../cmake-install/share/cmake-3.29/Help/command/install_files.rst
-- Installing: /Users/jake/dev/jsavin/Frontier/third_party/cmake-src/../cmake-install/share/cmake-3.29/Help/command/FIND_XXX_ORDER.txt
-- Installing: /Users/jake/dev/jsavin/Frontier/third_party/cmake-src/../cmake-install/share/cmake-3.29/Help/command/message.rst
-- Installing: /Users/jake/dev/jsavin/Frontier/third_party/cmake-src/../cmake-install/share/cmake-3.29/Help/command/elseif.rst
-- Installing: /Users/jake/dev/jsavin/Frontier/third_party/cmake-src/../cmake-install/share/cmake-3.29/Help/command/write_file.rst
-- Installing: /Users/jake/dev/jsavin/Frontier/third_party/cmake-src/../cmake-install/share/cmake-3.29/Help/command/DEPRECATED_POLICY_VERSIONS.txt
-- Installing: /Users/jake/dev/jsavin/Frontier/third_party/cmake-src/../cmake-install/share/cmake-3.29/Help/command/include_external_msproject.rst
-- Installing: /Users/jake/dev/jsavin/Frontier/third_party/cmake-src/../cmake-install/share/cmake-3.29/Help/command/ctest_memcheck.rst
-- Installing: /Users/jake/dev/jsavin/Frontier/third_party/cmake-src/../cmake-install/share/cmake-3.29/Help/command/ctest_configure.rst
-- Installing: /Users/jake/dev/jsavin/Frontier/third_party/cmake-src/../cmake-install/share/cmake-3.29/Help/command/add_custom_command.rst
-- Installing: /Users/jake/dev/jsavin/Frontier/third_party/cmake-src/../cmake-install/share/cmake-3.29/Help/command/macro.rst
-- Installing: /Users/jake/dev/jsavin/Frontier/third_party/cmake-src/../cmake-install/share/cmake-3.29/Help/command/target_compile_definitions.rst
-- Installing: /Users/jake/dev/jsavin/Frontier/third_party/cmake-src/../cmake-install/share/cmake-3.29/Help/command/find_library.rst
-- Installing: /Users/jake/dev/jsavin/Frontier/third_party/cmake-src/../cmake-install/share/cmake-3.29/Help/command/else.rst
-- Installing: /Users/jake/dev/jsavin/Frontier/third_party/cmake-src/../cmake-install/share/cmake-3.29/Help/command/find_path.rst
-- Installing: /Users/jake/dev/jsavin/Frontier/third_party/cmake-src/../cmake-install/share/cmake-3.29/Help/command/utility_source.rst
-- Installing: /Users/jake/dev/jsavin/Frontier/third_party/cmake-src/../cmake-install/share/cmake-3.29/Help/command/while.rst
-- Installing: /Users/jake/dev/jsavin/Frontier/third_party/cmake-src/../cmake-install/share/cmake-3.29/Help/command/ctest_start.rst
-- Installing: /Users/jake/dev/jsavin/Frontier/third_party/cmake-src/../cmake-install/share/cmake-3.29/Help/command/break.rst
-- Installing: /Users/jake/dev/jsavin/Frontier/third_party/cmake-src/../cmake-install/share/cmake-3.29/Help/command/ctest_read_custom_files.rst
-- Installing: /Users/jake/dev/jsavin/Frontier/third_party/cmake-src/../cmake-install/share/cmake-3.29/Help/command/include_directories.rst
-- Installing: /Users/jake/dev/jsavin/Frontier/third_party/cmake-src/../cmake-install/share/cmake-3.29/Help/command/cmake_path.rst
-- Installing: /Users/jake/dev/jsavin/Frontier/third_party/cmake-src/../cmake-install/share/cmake-3.29/Help/command/add_test.rst
-- Installing: /Users/jake/dev/jsavin/Frontier/third_party/cmake-src/../cmake-install/share/cmake-3.29/Help/command/cmake_policy.rst
-- Installing: /Users/jake/dev/jsavin/Frontier/third_party/cmake-src/../cmake-install/share/cmake-3.29/Help/command/source_group.rst
-- Installing: /Users/jake/dev/jsavin/Frontier/third_party/cmake-src/../cmake-install/share/cmake-3.29/Help/command/target_sources.rst
-- Installing: /Users/jake/dev/jsavin/Frontier/third_party/cmake-src/../cmake-install/share/cmake-3.29/Help/command/separate_arguments.rst
-- Installing: /Users/jake/dev/jsavin/Frontier/third_party/cmake-src/../cmake-install/share/cmake-3.29/Help/command/endforeach.rst
-- Installing: /Users/jake/dev/jsavin/Frontier/third_party/cmake-src/../cmake-install/share/cmake-3.29/Help/command/target_include_directories.rst
-- Installing: /Users/jake/dev/jsavin/Frontier/third_party/cmake-src/../cmake-install/share/cmake-3.29/Help/command/enable_testing.rst
-- Installing: /Users/jake/dev/jsavin/Frontier/third_party/cmake-src/../cmake-install/share/cmake-3.29/Help/cpack_gen
-- Installing: /Users/jake/dev/jsavin/Frontier/third_party/cmake-src/../cmake-install/share/cmake-3.29/Help/cpack_gen/archive.rst
-- Installing: /Users/jake/dev/jsavin/Frontier/third_party/cmake-src/../cmake-install/share/cmake-3.29/Help/cpack_gen/ifw.rst
-- Installing: /Users/jake/dev/jsavin/Frontier/third_party/cmake-src/../cmake-install/share/cmake-3.29/Help/cpack_gen/rpm.rst
-- Installing: /Users/jake/dev/jsavin/Frontier/third_party/cmake-src/../cmake-install/share/cmake-3.29/Help/cpack_gen/external.rst
-- Installing: /Users/jake/dev/jsavin/Frontier/third_party/cmake-src/../cmake-install/share/cmake-3.29/Help/cpack_gen/bundle.rst
-- Installing: /Users/jake/dev/jsavin/Frontier/third_party/cmake-src/../cmake-install/share/cmake-3.29/Help/cpack_gen/packagemaker.rst
-- Installing: /Users/jake/dev/jsavin/Frontier/third_party/cmake-src/../cmake-install/share/cmake-3.29/Help/cpack_gen/deb.rst
-- Installing: /Users/jake/dev/jsavin/Frontier/third_party/cmake-src/../cmake-install/share/cmake-3.29/Help/cpack_gen/innosetup.rst
-- Installing: /Users/jake/dev/jsavin/Frontier/third_party/cmake-src/../cmake-install/share/cmake-3.29/Help/cpack_gen/freebsd.rst
-- Installing: /Users/jake/dev/jsavin/Frontier/third_party/cmake-src/../cmake-install/share/cmake-3.29/Help/cpack_gen/wix.rst
-- Installing: /Users/jake/dev/jsavin/Frontier/third_party/cmake-src/../cmake-install/share/cmake-3.29/Help/cpack_gen/nuget.rst
-- Installing: /Users/jake/dev/jsavin/Frontier/third_party/cmake-src/../cmake-install/share/cmake-3.29/Help/cpack_gen/productbuild.rst
-- Installing: /Users/jake/dev/jsavin/Frontier/third_party/cmake-src/../cmake-install/share/cmake-3.29/Help/cpack_gen/cygwin.rst
-- Installing: /Users/jake/dev/jsavin/Frontier/third_party/cmake-src/../cmake-install/share/cmake-3.29/Help/cpack_gen/dmg.rst
-- Installing: /Users/jake/dev/jsavin/Frontier/third_party/cmake-src/../cmake-install/share/cmake-3.29/Help/cpack_gen/nsis.rst
-- Installing: /Users/jake/dev/jsavin/Frontier/third_party/cmake-src/../cmake-install/share/cmake-3.29/Help/prop_inst
-- Installing: /Users/jake/dev/jsavin/Frontier/third_party/cmake-src/../cmake-install/share/cmake-3.29/Help/prop_inst/CPACK_WIX_ACL.rst
-- Installing: /Users/jake/dev/jsavin/Frontier/third_party/cmake-src/../cmake-install/share/cmake-3.29/Help/prop_inst/CPACK_DESKTOP_SHORTCUTS.rst
-- Installing: /Users/jake/dev/jsavin/Frontier/third_party/cmake-src/../cmake-install/share/cmake-3.29/Help/prop_inst/CPACK_PERMANENT.rst
-- Installing: /Users/jake/dev/jsavin/Frontier/third_party/cmake-src/../cmake-install/share/cmake-3.29/Help/prop_inst/CPACK_START_MENU_SHORTCUTS.rst
-- Installing: /Users/jake/dev/jsavin/Frontier/third_party/cmake-src/../cmake-install/share/cmake-3.29/Help/prop_inst/CPACK_NEVER_OVERWRITE.rst
-- Installing: /Users/jake/dev/jsavin/Frontier/third_party/cmake-src/../cmake-install/share/cmake-3.29/Help/prop_inst/CPACK_STARTUP_SHORTCUTS.rst
-- Installing: /Users/jake/dev/jsavin/Frontier/third_party/cmake-src/../cmake-install/share/cmake-3.29/Help/prop_cache
-- Installing: /Users/jake/dev/jsavin/Frontier/third_party/cmake-src/../cmake-install/share/cmake-3.29/Help/prop_cache/TYPE.rst
-- Installing: /Users/jake/dev/jsavin/Frontier/third_party/cmake-src/../cmake-install/share/cmake-3.29/Help/prop_cache/HELPSTRING.rst
-- Installing: /Users/jake/dev/jsavin/Frontier/third_party/cmake-src/../cmake-install/share/cmake-3.29/Help/prop_cache/VALUE.rst
-- Installing: /Users/jake/dev/jsavin/Frontier/third_party/cmake-src/../cmake-install/share/cmake-3.29/Help/prop_cache/STRINGS.rst
-- Installing: /Users/jake/dev/jsavin/Frontier/third_party/cmake-src/../cmake-install/share/cmake-3.29/Help/prop_cache/MODIFIED.rst
-- Installing: /Users/jake/dev/jsavin/Frontier/third_party/cmake-src/../cmake-install/share/cmake-3.29/Help/prop_cache/ADVANCED.rst
-- Installing: /Users/jake/dev/jsavin/Frontier/third_party/cmake-src/../cmake-install/share/cmake-3.29/Help/policy
-- Installing: /Users/jake/dev/jsavin/Frontier/third_party/cmake-src/../cmake-install/share/cmake-3.29/Help/policy/CMP0027.rst
-- Installing: /Users/jake/dev/jsavin/Frontier/third_party/cmake-src/../cmake-install/share/cmake-3.29/Help/policy/CMP0033.rst
-- Installing: /Users/jake/dev/jsavin/Frontier/third_party/cmake-src/../cmake-install/share/cmake-3.29/Help/policy/CMP0153.rst
-- Installing: /Users/jake/dev/jsavin/Frontier/third_party/cmake-src/../cmake-install/share/cmake-3.29/Help/policy/CMP0147.rst
-- Installing: /Users/jake/dev/jsavin/Frontier/third_party/cmake-src/../cmake-install/share/cmake-3.29/Help/policy/CMP0146.rst
-- Installing: /Users/jake/dev/jsavin/Frontier/third_party/cmake-src/../cmake-install/share/cmake-3.29/Help/policy/CMP0152.rst
-- Installing: /Users/jake/dev/jsavin/Frontier/third_party/cmake-src/../cmake-install/share/cmake-3.29/Help/policy/CMP0032.rst
-- Installing: /Users/jake/dev/jsavin/Frontier/third_party/cmake-src/../cmake-install/share/cmake-3.29/Help/policy/CMP0026.rst
-- Installing: /Users/jake/dev/jsavin/Frontier/third_party/cmake-src/../cmake-install/share/cmake-3.29/Help/policy/CMP0030.rst
-- Installing: /Users/jake/dev/jsavin/Frontier/third_party/cmake-src/../cmake-install/share/cmake-3.29/Help/policy/CMP0024.rst
-- Installing: /Users/jake/dev/jsavin/Frontier/third_party/cmake-src/../cmake-install/share/cmake-3.29/Help/policy/CMP0018.rst
-- Installing: /Users/jake/dev/jsavin/Frontier/third_party/cmake-src/../cmake-install/share/cmake-3.29/Help/policy/CMP0144.rst
-- Installing: /Users/jake/dev/jsavin/Frontier/third_party/cmake-src/../cmake-install/share/cmake-3.29/Help/policy/CMP0150.rst
-- Installing: /Users/jake/dev/jsavin/Frontier/third_party/cmake-src/../cmake-install/share/cmake-3.29/Help/policy/CMP0151.rst
-- Installing: /Users/jake/dev/jsavin/Frontier/third_party/cmake-src/../cmake-install/share/cmake-3.29/Help/policy/CMP0145.rst
-- Installing: /Users/jake/dev/jsavin/Frontier/third_party/cmake-src/../cmake-install/share/cmake-3.29/Help/policy/DISALLOWED_COMMAND.txt
-- Installing: /Users/jake/dev/jsavin/Frontier/third_party/cmake-src/../cmake-install/share/cmake-3.29/Help/policy/CMP0019.rst
-- Installing: /Users/jake/dev/jsavin/Frontier/third_party/cmake-src/../cmake-install/share/cmake-3.29/Help/policy/CMP0025.rst
-- Installing: /Users/jake/dev/jsavin/Frontier/third_party/cmake-src/../cmake-install/share/cmake-3.29/Help/policy/CMP0031.rst
-- Installing: /Users/jake/dev/jsavin/Frontier/third_party/cmake-src/../cmake-install/share/cmake-3.29/Help/policy/CMP0009.rst
-- Installing: /Users/jake/dev/jsavin/Frontier/third_party/cmake-src/../cmake-install/share/cmake-3.29/Help/policy/CMP0035.rst
-- Installing: /Users/jake/dev/jsavin/Frontier/third_party/cmake-src/../cmake-install/share/cmake-3.29/Help/policy/CMP0021.rst
-- Installing: /Users/jake/dev/jsavin/Frontier/third_party/cmake-src/../cmake-install/share/cmake-3.29/Help/policy/CMP0141.rst
-- Installing: /Users/jake/dev/jsavin/Frontier/third_party/cmake-src/../cmake-install/share/cmake-3.29/Help/policy/CMP0155.rst
-- Installing: /Users/jake/dev/jsavin/Frontier/third_party/cmake-src/../cmake-install/share/cmake-3.29/Help/policy/CMP0154.rst
-- Installing: /Users/jake/dev/jsavin/Frontier/third_party/cmake-src/../cmake-install/share/cmake-3.29/Help/policy/CMP0140.rst
-- Installing: /Users/jake/dev/jsavin/Frontier/third_party/cmake-src/../cmake-install/share/cmake-3.29/Help/policy/CMP0020.rst
-- Installing: /Users/jake/dev/jsavin/Frontier/third_party/cmake-src/../cmake-install/share/cmake-3.29/Help/policy/CMP0034.rst
-- Installing: /Users/jake/dev/jsavin/Frontier/third_party/cmake-src/../cmake-install/share/cmake-3.29/Help/policy/CMP0008.rst
-- Installing: /Users/jake/dev/jsavin/Frontier/third_party/cmake-src/../cmake-install/share/cmake-3.29/Help/policy/CMP0022.rst
-- Installing: /Users/jake/dev/jsavin/Frontier/third_party/cmake-src/../cmake-install/share/cmake-3.29/Help/policy/CMP0036.rst
-- Installing: /Users/jake/dev/jsavin/Frontier/third_party/cmake-src/../cmake-install/share/cmake-3.29/Help/policy/CMP0156.rst
-- Installing: /Users/jake/dev/jsavin/Frontier/third_party/cmake-src/../cmake-install/share/cmake-3.29/Help/policy/CMP0142.rst
-- Installing: /Users/jake/dev/jsavin/Frontier/third_party/cmake-src/../cmake-install/share/cmake-3.29/Help/policy/CMP0143.rst
-- Installing: /Users/jake/dev/jsavin/Frontier/third_party/cmake-src/../cmake-install/share/cmake-3.29/Help/policy/CMP0157.rst
-- Installing: /Users/jake/dev/jsavin/Frontier/third_party/cmake-src/../cmake-install/share/cmake-3.29/Help/policy/CMP0037.rst
-- Installing: /Users/jake/dev/jsavin/Frontier/third_party/cmake-src/../cmake-install/share/cmake-3.29/Help/policy/CMP0023.rst
-- Installing: /Users/jake/dev/jsavin/Frontier/third_party/cmake-src/../cmake-install/share/cmake-3.29/Help/policy/CMP0044.rst
-- Installing: /Users/jake/dev/jsavin/Frontier/third_party/cmake-src/../cmake-install/share/cmake-3.29/Help/policy/CMP0050.rst
-- Installing: /Users/jake/dev/jsavin/Frontier/third_party/cmake-src/../cmake-install/share/cmake-3.29/Help/policy/CMP0078.rst
-- Installing: /Users/jake/dev/jsavin/Frontier/third_party/cmake-src/../cmake-install/share/cmake-3.29/Help/policy/CMP0087.rst
-- Installing: /Users/jake/dev/jsavin/Frontier/third_party/cmake-src/../cmake-install/share/cmake-3.29/Help/policy/CMP0093.rst
-- Installing: /Users/jake/dev/jsavin/Frontier/third_party/cmake-src/../cmake-install/share/cmake-3.29/Help/policy/CMP0130.rst
-- Installing: /Users/jake/dev/jsavin/Frontier/third_party/cmake-src/../cmake-install/share/cmake-3.29/Help/policy/CMP0124.rst
-- Installing: /Users/jake/dev/jsavin/Frontier/third_party/cmake-src/../cmake-install/share/cmake-3.29/Help/policy/CMP0118.rst
-- Installing: /Users/jake/dev/jsavin/Frontier/third_party/cmake-src/../cmake-install/share/cmake-3.29/Help/policy/CMP0119.rst
-- Installing: /Users/jake/dev/jsavin/Frontier/third_party/cmake-src/../cmake-install/share/cmake-3.29/Help/policy/CMP0125.rst
-- Installing: /Users/jake/dev/jsavin/Frontier/third_party/cmake-src/../cmake-install/share/cmake-3.29/Help/policy/CMP0131.rst
-- Installing: /Users/jake/dev/jsavin/Frontier/third_party/cmake-src/../cmake-install/share/cmake-3.29/Help/policy/CMP0092.rst
-- Installing: /Users/jake/dev/jsavin/Frontier/third_party/cmake-src/../cmake-install/share/cmake-3.29/Help/policy/CMP0086.rst
-- Installing: /Users/jake/dev/jsavin/Frontier/third_party/cmake-src/../cmake-install/share/cmake-3.29/Help/policy/CMP0079.rst
-- Installing: /Users/jake/dev/jsavin/Frontier/third_party/cmake-src/../cmake-install/share/cmake-3.29/Help/policy/CMP0051.rst
-- Installing: /Users/jake/dev/jsavin/Frontier/third_party/cmake-src/../cmake-install/share/cmake-3.29/Help/policy/CMP0045.rst
-- Installing: /Users/jake/dev/jsavin/Frontier/third_party/cmake-src/../cmake-install/share/cmake-3.29/Help/policy/CMP0053.rst
-- Installing: /Users/jake/dev/jsavin/Frontier/third_party/cmake-src/../cmake-install/share/cmake-3.29/Help/policy/CMP0047.rst
-- Installing: /Users/jake/dev/jsavin/Frontier/third_party/cmake-src/../cmake-install/share/cmake-3.29/Help/policy/CMP0090.rst
-- Installing: /Users/jake/dev/jsavin/Frontier/third_party/cmake-src/../cmake-install/share/cmake-3.29/Help/policy/CMP0084.rst
-- Installing: /Users/jake/dev/jsavin/Frontier/third_party/cmake-src/../cmake-install/share/cmake-3.29/Help/policy/CMP0127.rst
-- Installing: /Users/jake/dev/jsavin/Frontier/third_party/cmake-src/../cmake-install/share/cmake-3.29/Help/policy/CMP0133.rst
-- Installing: /Users/jake/dev/jsavin/Frontier/third_party/cmake-src/../cmake-install/share/cmake-3.29/Help/policy/CMP0132.rst
-- Installing: /Users/jake/dev/jsavin/Frontier/third_party/cmake-src/../cmake-install/share/cmake-3.29/Help/policy/CMP0126.rst
-- Installing: /Users/jake/dev/jsavin/Frontier/third_party/cmake-src/../cmake-install/share/cmake-3.29/Help/policy/CMP0085.rst
-- Installing: /Users/jake/dev/jsavin/Frontier/third_party/cmake-src/../cmake-install/share/cmake-3.29/Help/policy/CMP0091.rst
-- Installing: /Users/jake/dev/jsavin/Frontier/third_party/cmake-src/../cmake-install/share/cmake-3.29/Help/policy/CMP0046.rst
-- Installing: /Users/jake/dev/jsavin/Frontier/third_party/cmake-src/../cmake-install/share/cmake-3.29/Help/policy/CMP0052.rst
-- Installing: /Users/jake/dev/jsavin/Frontier/third_party/cmake-src/../cmake-install/share/cmake-3.29/Help/policy/CMP0056.rst
-- Installing: /Users/jake/dev/jsavin/Frontier/third_party/cmake-src/../cmake-install/share/cmake-3.29/Help/policy/CMP0042.rst
-- Installing: /Users/jake/dev/jsavin/Frontier/third_party/cmake-src/../cmake-install/share/cmake-3.29/Help/policy/CMP0095.rst
-- Installing: /Users/jake/dev/jsavin/Frontier/third_party/cmake-src/../cmake-install/share/cmake-3.29/Help/policy/CMP0081.rst
-- Installing: /Users/jake/dev/jsavin/Frontier/third_party/cmake-src/../cmake-install/share/cmake-3.29/Help/policy/CMP0122.rst
-- Installing: /Users/jake/dev/jsavin/Frontier/third_party/cmake-src/../cmake-install/share/cmake-3.29/Help/policy/CMP0136.rst
-- Installing: /Users/jake/dev/jsavin/Frontier/third_party/cmake-src/../cmake-install/share/cmake-3.29/Help/policy/CMP0137.rst
-- Installing: /Users/jake/dev/jsavin/Frontier/third_party/cmake-src/../cmake-install/share/cmake-3.29/Help/policy/CMP0123.rst
-- Installing: /Users/jake/dev/jsavin/Frontier/third_party/cmake-src/../cmake-install/share/cmake-3.29/Help/policy/CMP0080.rst
-- Installing: /Users/jake/dev/jsavin/Frontier/third_party/cmake-src/../cmake-install/share/cmake-3.29/Help/policy/CMP0094.rst
-- Installing: /Users/jake/dev/jsavin/Frontier/third_party/cmake-src/../cmake-install/share/cmake-3.29/Help/policy/CMP0043.rst
-- Installing: /Users/jake/dev/jsavin/Frontier/third_party/cmake-src/../cmake-install/share/cmake-3.29/Help/policy/CMP0057.rst
-- Installing: /Users/jake/dev/jsavin/Frontier/third_party/cmake-src/../cmake-install/share/cmake-3.29/Help/policy/CMP0069.rst
-- Installing: /Users/jake/dev/jsavin/Frontier/third_party/cmake-src/../cmake-install/share/cmake-3.29/Help/policy/CMP0041.rst
-- Installing: /Users/jake/dev/jsavin/Frontier/third_party/cmake-src/../cmake-install/share/cmake-3.29/Help/policy/CMP0055.rst
-- Installing: /Users/jake/dev/jsavin/Frontier/third_party/cmake-src/../cmake-install/share/cmake-3.29/Help/policy/CMP0082.rst
-- Installing: /Users/jake/dev/jsavin/Frontier/third_party/cmake-src/../cmake-install/share/cmake-3.29/Help/policy/CMP0096.rst
-- Installing: /Users/jake/dev/jsavin/Frontier/third_party/cmake-src/../cmake-install/share/cmake-3.29/Help/policy/CMP0109.rst
-- Installing: /Users/jake/dev/jsavin/Frontier/third_party/cmake-src/../cmake-install/share/cmake-3.29/Help/policy/CMP0135.rst
-- Installing: /Users/jake/dev/jsavin/Frontier/third_party/cmake-src/../cmake-install/share/cmake-3.29/Help/policy/CMP0121.rst
-- Installing: /Users/jake/dev/jsavin/Frontier/third_party/cmake-src/../cmake-install/share/cmake-3.29/Help/policy/CMP0120.rst
-- Installing: /Users/jake/dev/jsavin/Frontier/third_party/cmake-src/../cmake-install/share/cmake-3.29/Help/policy/CMP0134.rst
-- Installing: /Users/jake/dev/jsavin/Frontier/third_party/cmake-src/../cmake-install/share/cmake-3.29/Help/policy/CMP0108.rst
-- Installing: /Users/jake/dev/jsavin/Frontier/third_party/cmake-src/../cmake-install/share/cmake-3.29/Help/policy/CMP0097.rst
-- Installing: /Users/jake/dev/jsavin/Frontier/third_party/cmake-src/../cmake-install/share/cmake-3.29/Help/policy/CMP0083.rst
-- Installing: /Users/jake/dev/jsavin/Frontier/third_party/cmake-src/../cmake-install/share/cmake-3.29/Help/policy/CMP0054.rst
-- Installing: /Users/jake/dev/jsavin/Frontier/third_party/cmake-src/../cmake-install/share/cmake-3.29/Help/policy/CMP0040.rst
-- Installing: /Users/jake/dev/jsavin/Frontier/third_party/cmake-src/../cmake-install/share/cmake-3.29/Help/policy/CMP0068.rst
-- Installing: /Users/jake/dev/jsavin/Frontier/third_party/cmake-src/../cmake-install/share/cmake-3.29/Help/policy/CMP0065.rst
-- Installing: /Users/jake/dev/jsavin/Frontier/third_party/cmake-src/../cmake-install/share/cmake-3.29/Help/policy/CMP0071.rst
-- Installing: /Users/jake/dev/jsavin/Frontier/third_party/cmake-src/../cmake-install/share/cmake-3.29/Help/policy/CMP0059.rst
-- Installing: /Users/jake/dev/jsavin/Frontier/third_party/cmake-src/../cmake-install/share/cmake-3.29/Help/policy/CMP0111.rst
-- Installing: /Users/jake/dev/jsavin/Frontier/third_party/cmake-src/../cmake-install/share/cmake-3.29/Help/policy/CMP0105.rst
-- Installing: /Users/jake/dev/jsavin/Frontier/third_party/cmake-src/../cmake-install/share/cmake-3.29/Help/policy/CMP0139.rst
-- Installing: /Users/jake/dev/jsavin/Frontier/third_party/cmake-src/../cmake-install/share/cmake-3.29/Help/policy/CMP0138.rst
-- Installing: /Users/jake/dev/jsavin/Frontier/third_party/cmake-src/../cmake-install/share/cmake-3.29/Help/policy/CMP0104.rst
-- Installing: /Users/jake/dev/jsavin/Frontier/third_party/cmake-src/../cmake-install/share/cmake-3.29/Help/policy/CMP0110.rst
-- Installing: /Users/jake/dev/jsavin/Frontier/third_party/cmake-src/../cmake-install/share/cmake-3.29/Help/policy/CMP0058.rst
-- Installing: /Users/jake/dev/jsavin/Frontier/third_party/cmake-src/../cmake-install/share/cmake-3.29/Help/policy/CMP0070.rst
-- Installing: /Users/jake/dev/jsavin/Frontier/third_party/cmake-src/../cmake-install/share/cmake-3.29/Help/policy/CMP0064.rst
-- Installing: /Users/jake/dev/jsavin/Frontier/third_party/cmake-src/../cmake-install/share/cmake-3.29/Help/policy/CMP0072.rst
-- Installing: /Users/jake/dev/jsavin/Frontier/third_party/cmake-src/../cmake-install/share/cmake-3.29/Help/policy/CMP0066.rst
-- Installing: /Users/jake/dev/jsavin/Frontier/third_party/cmake-src/../cmake-install/share/cmake-3.29/Help/policy/CMP0099.rst
-- Installing: /Users/jake/dev/jsavin/Frontier/third_party/cmake-src/../cmake-install/share/cmake-3.29/Help/policy/CMP0106.rst
-- Installing: /Users/jake/dev/jsavin/Frontier/third_party/cmake-src/../cmake-install/share/cmake-3.29/Help/policy/CMP0112.rst
-- Installing: /Users/jake/dev/jsavin/Frontier/third_party/cmake-src/../cmake-install/share/cmake-3.29/Help/policy/CMP0113.rst
-- Installing: /Users/jake/dev/jsavin/Frontier/third_party/cmake-src/../cmake-install/share/cmake-3.29/Help/policy/CMP0107.rst
-- Installing: /Users/jake/dev/jsavin/Frontier/third_party/cmake-src/../cmake-install/share/cmake-3.29/Help/policy/CMP0098.rst
-- Installing: /Users/jake/dev/jsavin/Frontier/third_party/cmake-src/../cmake-install/share/cmake-3.29/Help/policy/CMP0067.rst
-- Installing: /Users/jake/dev/jsavin/Frontier/third_party/cmake-src/../cmake-install/share/cmake-3.29/Help/policy/CMP0073.rst
-- Installing: /Users/jake/dev/jsavin/Frontier/third_party/cmake-src/../cmake-install/share/cmake-3.29/Help/policy/CMP0077.rst
-- Installing: /Users/jake/dev/jsavin/Frontier/third_party/cmake-src/../cmake-install/share/cmake-3.29/Help/policy/CMP0063.rst
-- Installing: /Users/jake/dev/jsavin/Frontier/third_party/cmake-src/../cmake-install/share/cmake-3.29/Help/policy/CMP0088.rst
-- Installing: /Users/jake/dev/jsavin/Frontier/third_party/cmake-src/../cmake-install/share/cmake-3.29/Help/policy/CMP0103.rst
-- Installing: /Users/jake/dev/jsavin/Frontier/third_party/cmake-src/../cmake-install/share/cmake-3.29/Help/policy/CMP0117.rst
-- Installing: /Users/jake/dev/jsavin/Frontier/third_party/cmake-src/../cmake-install/share/cmake-3.29/Help/policy/CMP0116.rst
-- Installing: /Users/jake/dev/jsavin/Frontier/third_party/cmake-src/../cmake-install/share/cmake-3.29/Help/policy/CMP0102.rst
-- Installing: /Users/jake/dev/jsavin/Frontier/third_party/cmake-src/../cmake-install/share/cmake-3.29/Help/policy/CMP0089.rst
-- Installing: /Users/jake/dev/jsavin/Frontier/third_party/cmake-src/../cmake-install/share/cmake-3.29/Help/policy/CMP0062.rst
-- Installing: /Users/jake/dev/jsavin/Frontier/third_party/cmake-src/../cmake-install/share/cmake-3.29/Help/policy/CMP0076.rst
-- Installing: /Users/jake/dev/jsavin/Frontier/third_party/cmake-src/../cmake-install/share/cmake-3.29/Help/policy/CMP0048.rst
-- Installing: /Users/jake/dev/jsavin/Frontier/third_party/cmake-src/../cmake-install/share/cmake-3.29/Help/policy/DEPRECATED.txt
-- Installing: /Users/jake/dev/jsavin/Frontier/third_party/cmake-src/../cmake-install/share/cmake-3.29/Help/policy/CMP0060.rst
-- Installing: /Users/jake/dev/jsavin/Frontier/third_party/cmake-src/../cmake-install/share/cmake-3.29/Help/policy/CMP0074.rst
-- Installing: /Users/jake/dev/jsavin/Frontier/third_party/cmake-src/../cmake-install/share/cmake-3.29/Help/policy/CMP0128.rst
-- Installing: /Users/jake/dev/jsavin/Frontier/third_party/cmake-src/../cmake-install/share/cmake-3.29/Help/policy/CMP0114.rst
-- Installing: /Users/jake/dev/jsavin/Frontier/third_party/cmake-src/../cmake-install/share/cmake-3.29/Help/policy/CMP0100.rst
-- Installing: /Users/jake/dev/jsavin/Frontier/third_party/cmake-src/../cmake-install/share/cmake-3.29/Help/policy/CMP0101.rst
-- Installing: /Users/jake/dev/jsavin/Frontier/third_party/cmake-src/../cmake-install/share/cmake-3.29/Help/policy/CMP0115.rst
-- Installing: /Users/jake/dev/jsavin/Frontier/third_party/cmake-src/../cmake-install/share/cmake-3.29/Help/policy/CMP0129.rst
-- Installing: /Users/jake/dev/jsavin/Frontier/third_party/cmake-src/../cmake-install/share/cmake-3.29/Help/policy/CMP0075.rst
-- Installing: /Users/jake/dev/jsavin/Frontier/third_party/cmake-src/../cmake-install/share/cmake-3.29/Help/policy/CMP0061.rst
-- Installing: /Users/jake/dev/jsavin/Frontier/third_party/cmake-src/../cmake-install/share/cmake-3.29/Help/policy/CMP0049.rst
-- Installing: /Users/jake/dev/jsavin/Frontier/third_party/cmake-src/../cmake-install/share/cmake-3.29/Help/policy/CMP0006.rst
-- Installing: /Users/jake/dev/jsavin/Frontier/third_party/cmake-src/../cmake-install/share/cmake-3.29/Help/policy/CMP0012.rst
-- Installing: /Users/jake/dev/jsavin/Frontier/third_party/cmake-src/../cmake-install/share/cmake-3.29/Help/policy/CMP0013.rst
-- Installing: /Users/jake/dev/jsavin/Frontier/third_party/cmake-src/../cmake-install/share/cmake-3.29/Help/policy/CMP0007.rst
-- Installing: /Users/jake/dev/jsavin/Frontier/third_party/cmake-src/../cmake-install/share/cmake-3.29/Help/policy/CMP0011.rst
-- Installing: /Users/jake/dev/jsavin/Frontier/third_party/cmake-src/../cmake-install/share/cmake-3.29/Help/policy/CMP0005.rst
-- Installing: /Users/jake/dev/jsavin/Frontier/third_party/cmake-src/../cmake-install/share/cmake-3.29/Help/policy/CMP0039.rst
-- Installing: /Users/jake/dev/jsavin/Frontier/third_party/cmake-src/../cmake-install/share/cmake-3.29/Help/policy/CMP0159.rst
-- Installing: /Users/jake/dev/jsavin/Frontier/third_party/cmake-src/../cmake-install/share/cmake-3.29/Help/policy/CMP0158.rst
-- Installing: /Users/jake/dev/jsavin/Frontier/third_party/cmake-src/../cmake-install/share/cmake-3.29/Help/policy/STANDARD_ADVICE.txt
-- Installing: /Users/jake/dev/jsavin/Frontier/third_party/cmake-src/../cmake-install/share/cmake-3.29/Help/policy/CMP0038.rst
-- Installing: /Users/jake/dev/jsavin/Frontier/third_party/cmake-src/../cmake-install/share/cmake-3.29/Help/policy/CMP0004.rst
-- Installing: /Users/jake/dev/jsavin/Frontier/third_party/cmake-src/../cmake-install/share/cmake-3.29/Help/policy/CMP0010.rst
-- Installing: /Users/jake/dev/jsavin/Frontier/third_party/cmake-src/../cmake-install/share/cmake-3.29/Help/policy/CMP0028.rst
-- Installing: /Users/jake/dev/jsavin/Frontier/third_party/cmake-src/../cmake-install/share/cmake-3.29/Help/policy/CMP0014.rst
-- Installing: /Users/jake/dev/jsavin/Frontier/third_party/cmake-src/../cmake-install/share/cmake-3.29/Help/policy/CMP0000.rst
-- Installing: /Users/jake/dev/jsavin/Frontier/third_party/cmake-src/../cmake-install/share/cmake-3.29/Help/policy/CMP0148.rst
-- Installing: /Users/jake/dev/jsavin/Frontier/third_party/cmake-src/../cmake-install/share/cmake-3.29/Help/policy/CMP0160.rst
-- Installing: /Users/jake/dev/jsavin/Frontier/third_party/cmake-src/../cmake-install/share/cmake-3.29/Help/policy/CMP0161.rst
-- Installing: /Users/jake/dev/jsavin/Frontier/third_party/cmake-src/../cmake-install/share/cmake-3.29/Help/policy/CMP0149.rst
-- Installing: /Users/jake/dev/jsavin/Frontier/third_party/cmake-src/../cmake-install/share/cmake-3.29/Help/policy/CMP0001.rst
-- Installing: /Users/jake/dev/jsavin/Frontier/third_party/cmake-src/../cmake-install/share/cmake-3.29/Help/policy/CMP0015.rst
-- Installing: /Users/jake/dev/jsavin/Frontier/third_party/cmake-src/../cmake-install/share/cmake-3.29/Help/policy/CMP0029.rst
-- Installing: /Users/jake/dev/jsavin/Frontier/third_party/cmake-src/../cmake-install/share/cmake-3.29/Help/policy/CMP0003.rst
-- Installing: /Users/jake/dev/jsavin/Frontier/third_party/cmake-src/../cmake-install/share/cmake-3.29/Help/policy/CMP0017.rst
-- Installing: /Users/jake/dev/jsavin/Frontier/third_party/cmake-src/../cmake-install/share/cmake-3.29/Help/policy/CMP0016.rst
-- Installing: /Users/jake/dev/jsavin/Frontier/third_party/cmake-src/../cmake-install/share/cmake-3.29/Help/policy/CMP0002.rst
-- Installing: /Users/jake/dev/jsavin/Frontier/third_party/cmake-src/../cmake-install/share/cmake-3.29/Modules
-- Installing: /Users/jake/dev/jsavin/Frontier/third_party/cmake-src/../cmake-install/share/cmake-3.29/Modules/ExternalData_config.cmake.in
-- Installing: /Users/jake/dev/jsavin/Frontier/third_party/cmake-src/../cmake-install/share/cmake-3.29/Modules/FindHTMLHelp.cmake
-- Installing: /Users/jake/dev/jsavin/Frontier/third_party/cmake-src/../cmake-install/share/cmake-3.29/Modules/CheckOBJCXXSourceCompiles.cmake
-- Installing: /Users/jake/dev/jsavin/Frontier/third_party/cmake-src/../cmake-install/share/cmake-3.29/Modules/CMakeDetermineCUDACompiler.cmake
-- Installing: /Users/jake/dev/jsavin/Frontier/third_party/cmake-src/../cmake-install/share/cmake-3.29/Modules/CMakeConfigurableFile.in
-- Installing: /Users/jake/dev/jsavin/Frontier/third_party/cmake-src/../cmake-install/share/cmake-3.29/Modules/CMakeTestCSharpCompiler.cmake
-- Installing: /Users/jake/dev/jsavin/Frontier/third_party/cmake-src/../cmake-install/share/cmake-3.29/Modules/CheckForPthreads.c
-- Installing: /Users/jake/dev/jsavin/Frontier/third_party/cmake-src/../cmake-install/share/cmake-3.29/Modules/CTestTargets.cmake
-- Installing: /Users/jake/dev/jsavin/Frontier/third_party/cmake-src/../cmake-install/share/cmake-3.29/Modules/FindosgGA.cmake
-- Installing: /Users/jake/dev/jsavin/Frontier/third_party/cmake-src/../cmake-install/share/cmake-3.29/Modules/CMakeTestJavaCompiler.cmake
-- Installing: /Users/jake/dev/jsavin/Frontier/third_party/cmake-src/../cmake-install/share/cmake-3.29/Modules/CMakeGenericSystem.cmake
-- Installing: /Users/jake/dev/jsavin/Frontier/third_party/cmake-src/../cmake-install/share/cmake-3.29/Modules/FindLATEX.cmake
-- Installing: /Users/jake/dev/jsavin/Frontier/third_party/cmake-src/../cmake-install/share/cmake-3.29/Modules/CMakeOBJCCompilerABI.m
-- Installing: /Users/jake/dev/jsavin/Frontier/third_party/cmake-src/../cmake-install/share/cmake-3.29/Modules/FindEnvModules.cmake
-- Installing: /Users/jake/dev/jsavin/Frontier/third_party/cmake-src/../cmake-install/share/cmake-3.29/Modules/UseSWIG
-- Installing: /Users/jake/dev/jsavin/Frontier/third_party/cmake-src/../cmake-install/share/cmake-3.29/Modules/UseSWIG/ManageSupportFiles.cmake
-- Installing: /Users/jake/dev/jsavin/Frontier/third_party/cmake-src/../cmake-install/share/cmake-3.29/Modules/TestForSTDNamespace.cmake
-- Installing: /Users/jake/dev/jsavin/Frontier/third_party/cmake-src/../cmake-install/share/cmake-3.29/Modules/CMakeSystem.cmake.in
-- Installing: /Users/jake/dev/jsavin/Frontier/third_party/cmake-src/../cmake-install/share/cmake-3.29/Modules/CMakeCUDACompilerId.cu.in
-- Installing: /Users/jake/dev/jsavin/Frontier/third_party/cmake-src/../cmake-install/share/cmake-3.29/Modules/CheckPIESupported.cmake
-- Installing: /Users/jake/dev/jsavin/Frontier/third_party/cmake-src/../cmake-install/share/cmake-3.29/Modules/FindICU.cmake
-- Installing: /Users/jake/dev/jsavin/Frontier/third_party/cmake-src/../cmake-install/share/cmake-3.29/Modules/FortranCInterface
-- Installing: /Users/jake/dev/jsavin/Frontier/third_party/cmake-src/../cmake-install/share/cmake-3.29/Modules/FortranCInterface/symbol.c.in
-- Installing: /Users/jake/dev/jsavin/Frontier/third_party/cmake-src/../cmake-install/share/cmake-3.29/Modules/FortranCInterface/main.F
-- Installing: /Users/jake/dev/jsavin/Frontier/third_party/cmake-src/../cmake-install/share/cmake-3.29/Modules/FortranCInterface/my_sub.f
-- Installing: /Users/jake/dev/jsavin/Frontier/third_party/cmake-src/../cmake-install/share/cmake-3.29/Modules/FortranCInterface/my_module_.c
-- Installing: /Users/jake/dev/jsavin/Frontier/third_party/cmake-src/../cmake-install/share/cmake-3.29/Modules/FortranCInterface/Output.cmake.in
-- Installing: /Users/jake/dev/jsavin/Frontier/third_party/cmake-src/../cmake-install/share/cmake-3.29/Modules/FortranCInterface/mymodule.f90
-- Installing: /Users/jake/dev/jsavin/Frontier/third_party/cmake-src/../cmake-install/share/cmake-3.29/Modules/FortranCInterface/CMakeLists.txt
-- Installing: /Users/jake/dev/jsavin/Frontier/third_party/cmake-src/../cmake-install/share/cmake-3.29/Modules/FortranCInterface/Verify
-- Installing: /Users/jake/dev/jsavin/Frontier/third_party/cmake-src/../cmake-install/share/cmake-3.29/Modules/FortranCInterface/Verify/VerifyCXX.cxx
-- Installing: /Users/jake/dev/jsavin/Frontier/third_party/cmake-src/../cmake-install/share/cmake-3.29/Modules/FortranCInterface/Verify/CMakeLists.txt
-- Installing: /Users/jake/dev/jsavin/Frontier/third_party/cmake-src/../cmake-install/share/cmake-3.29/Modules/FortranCInterface/Verify/main.c
-- Installing: /Users/jake/dev/jsavin/Frontier/third_party/cmake-src/../cmake-install/share/cmake-3.29/Modules/FortranCInterface/Verify/VerifyFortran.f
-- Installing: /Users/jake/dev/jsavin/Frontier/third_party/cmake-src/../cmake-install/share/cmake-3.29/Modules/FortranCInterface/Verify/VerifyC.c
-- Installing: /Users/jake/dev/jsavin/Frontier/third_party/cmake-src/../cmake-install/share/cmake-3.29/Modules/FortranCInterface/MY_MODULE.c
-- Installing: /Users/jake/dev/jsavin/Frontier/third_party/cmake-src/../cmake-install/share/cmake-3.29/Modules/FortranCInterface/Macro.h.in
-- Installing: /Users/jake/dev/jsavin/Frontier/third_party/cmake-src/../cmake-install/share/cmake-3.29/Modules/FortranCInterface/MYMODULE.c
-- Installing: /Users/jake/dev/jsavin/Frontier/third_party/cmake-src/../cmake-install/share/cmake-3.29/Modules/FortranCInterface/call_sub.f
-- Installing: /Users/jake/dev/jsavin/Frontier/third_party/cmake-src/../cmake-install/share/cmake-3.29/Modules/FortranCInterface/mymodule_.c
-- Installing: /Users/jake/dev/jsavin/Frontier/third_party/cmake-src/../cmake-install/share/cmake-3.29/Modules/FortranCInterface/mysub.f
-- Installing: /Users/jake/dev/jsavin/Frontier/third_party/cmake-src/../cmake-install/share/cmake-3.29/Modules/FortranCInterface/my_module.f90
-- Installing: /Users/jake/dev/jsavin/Frontier/third_party/cmake-src/../cmake-install/share/cmake-3.29/Modules/FortranCInterface/Detect.cmake
-- Installing: /Users/jake/dev/jsavin/Frontier/third_party/cmake-src/../cmake-install/share/cmake-3.29/Modules/FortranCInterface/Input.cmake.in
-- Installing: /Users/jake/dev/jsavin/Frontier/third_party/cmake-src/../cmake-install/share/cmake-3.29/Modules/FortranCInterface/call_mod.f90
-- Installing: /Users/jake/dev/jsavin/Frontier/third_party/cmake-src/../cmake-install/share/cmake-3.29/Modules/CMakeDetermineRCCompiler.cmake
-- Installing: /Users/jake/dev/jsavin/Frontier/third_party/cmake-src/../cmake-install/share/cmake-3.29/Modules/FindLibLZMA.cmake
-- Installing: /Users/jake/dev/jsavin/Frontier/third_party/cmake-src/../cmake-install/share/cmake-3.29/Modules/CMakeDetermineCompilerId.cmake
-- Installing: /Users/jake/dev/jsavin/Frontier/third_party/cmake-src/../cmake-install/share/cmake-3.29/Modules/CMakeCCompilerId.c.in
-- Installing: /Users/jake/dev/jsavin/Frontier/third_party/cmake-src/../cmake-install/share/cmake-3.29/Modules/CMakeFindXCode.cmake
-- Installing: /Users/jake/dev/jsavin/Frontier/third_party/cmake-src/../cmake-install/share/cmake-3.29/Modules/CheckIPOSupported
-- Installing: /Users/jake/dev/jsavin/Frontier/third_party/cmake-src/../cmake-install/share/cmake-3.29/Modules/CheckIPOSupported/main.f
-- Installing: /Users/jake/dev/jsavin/Frontier/third_party/cmake-src/../cmake-install/share/cmake-3.29/Modules/CheckIPOSupported/CMakeLists-C.txt.in
-- Installing: /Users/jake/dev/jsavin/Frontier/third_party/cmake-src/../cmake-install/share/cmake-3.29/Modules/CheckIPOSupported/foo.cpp
-- Installing: /Users/jake/dev/jsavin/Frontier/third_party/cmake-src/../cmake-install/share/cmake-3.29/Modules/CheckIPOSupported/CMakeLists-CXX.txt.in
-- Installing: /Users/jake/dev/jsavin/Frontier/third_party/cmake-src/../cmake-install/share/cmake-3.29/Modules/CheckIPOSupported/foo.c
-- Installing: /Users/jake/dev/jsavin/Frontier/third_party/cmake-src/../cmake-install/share/cmake-3.29/Modules/CheckIPOSupported/main.c
-- Installing: /Users/jake/dev/jsavin/Frontier/third_party/cmake-src/../cmake-install/share/cmake-3.29/Modules/CheckIPOSupported/foo.f
-- Installing: /Users/jake/dev/jsavin/Frontier/third_party/cmake-src/../cmake-install/share/cmake-3.29/Modules/CheckIPOSupported/CMakeLists-Fortran.txt.in
-- Installing: /Users/jake/dev/jsavin/Frontier/third_party/cmake-src/../cmake-install/share/cmake-3.29/Modules/CheckIPOSupported/main.cpp
-- Installing: /Users/jake/dev/jsavin/Frontier/third_party/cmake-src/../cmake-install/share/cmake-3.29/Modules/BasicConfigVersion-ExactVersion.cmake.in
-- Installing: /Users/jake/dev/jsavin/Frontier/third_party/cmake-src/../cmake-install/share/cmake-3.29/Modules/FindwxWidgets.cmake
-- Installing: /Users/jake/dev/jsavin/Frontier/third_party/cmake-src/../cmake-install/share/cmake-3.29/Modules/BasicConfigVersion-SameMinorVersion.cmake.in
-- Installing: /Users/jake/dev/jsavin/Frontier/third_party/cmake-src/../cmake-install/share/cmake-3.29/Modules/UseQt4.cmake
-- Installing: /Users/jake/dev/jsavin/Frontier/third_party/cmake-src/../cmake-install/share/cmake-3.29/Modules/CPackIFW.cmake
-- Installing: /Users/jake/dev/jsavin/Frontier/third_party/cmake-src/../cmake-install/share/cmake-3.29/Modules/FindHg.cmake
-- Installing: /Users/jake/dev/jsavin/Frontier/third_party/cmake-src/../cmake-install/share/cmake-3.29/Modules/FindFLEX.cmake
-- Installing: /Users/jake/dev/jsavin/Frontier/third_party/cmake-src/../cmake-install/share/cmake-3.29/Modules/CMakeRCInformation.cmake
-- Installing: /Users/jake/dev/jsavin/Frontier/third_party/cmake-src/../cmake-install/share/cmake-3.29/Modules/FindosgWidget.cmake
-- Installing: /Users/jake/dev/jsavin/Frontier/third_party/cmake-src/../cmake-install/share/cmake-3.29/Modules/CMakeDetermineSwiftCompiler.cmake
-- Installing: /Users/jake/dev/jsavin/Frontier/third_party/cmake-src/../cmake-install/share/cmake-3.29/Modules/FindPerlLibs.cmake
-- Installing: /Users/jake/dev/jsavin/Frontier/third_party/cmake-src/../cmake-install/share/cmake-3.29/Modules/FindosgVolume.cmake
-- Installing: /Users/jake/dev/jsavin/Frontier/third_party/cmake-src/../cmake-install/share/cmake-3.29/Modules/FindosgTerrain.cmake
-- Installing: /Users/jake/dev/jsavin/Frontier/third_party/cmake-src/../cmake-install/share/cmake-3.29/Modules/VTKCompatibility.cmake
-- Installing: /Users/jake/dev/jsavin/Frontier/third_party/cmake-src/../cmake-install/share/cmake-3.29/Modules/CMakeSwiftCompiler.cmake.in
-- Installing: /Users/jake/dev/jsavin/Frontier/third_party/cmake-src/../cmake-install/share/cmake-3.29/Modules/CMakeTestISPCCompiler.cmake
-- Installing: /Users/jake/dev/jsavin/Frontier/third_party/cmake-src/../cmake-install/share/cmake-3.29/Modules/CMakeDetermineCSharpCompiler.cmake
-- Installing: /Users/jake/dev/jsavin/Frontier/third_party/cmake-src/../cmake-install/share/cmake-3.29/Modules/DartConfiguration.tcl.in
-- Installing: /Users/jake/dev/jsavin/Frontier/third_party/cmake-src/../cmake-install/share/cmake-3.29/Modules/CheckOBJCXXCompilerFlag.cmake
-- Installing: /Users/jake/dev/jsavin/Frontier/third_party/cmake-src/../cmake-install/share/cmake-3.29/Modules/FindBISON.cmake
-- Installing: /Users/jake/dev/jsavin/Frontier/third_party/cmake-src/../cmake-install/share/cmake-3.29/Modules/CMakeISPCCompilerABI.ispc
-- Installing: /Users/jake/dev/jsavin/Frontier/third_party/cmake-src/../cmake-install/share/cmake-3.29/Modules/.NoDartCoverage
-- Installing: /Users/jake/dev/jsavin/Frontier/third_party/cmake-src/../cmake-install/share/cmake-3.29/Modules/FindPHP4.cmake
-- Installing: /Users/jake/dev/jsavin/Frontier/third_party/cmake-src/../cmake-install/share/cmake-3.29/Modules/CMakeHIPCompilerABI.hip
-- Installing: /Users/jake/dev/jsavin/Frontier/third_party/cmake-src/../cmake-install/share/cmake-3.29/Modules/FindQt4.cmake
-- Installing: /Users/jake/dev/jsavin/Frontier/third_party/cmake-src/../cmake-install/share/cmake-3.29/Modules/FindCABLE.cmake
-- Installing: /Users/jake/dev/jsavin/Frontier/third_party/cmake-src/../cmake-install/share/cmake-3.29/Modules/CheckFortranFunctionExists.cmake
-- Installing: /Users/jake/dev/jsavin/Frontier/third_party/cmake-src/../cmake-install/share/cmake-3.29/Modules/CheckLibraryExists.cmake
-- Installing: /Users/jake/dev/jsavin/Frontier/third_party/cmake-src/../cmake-install/share/cmake-3.29/Modules/MacOSXBundleInfo.plist.in
-- Installing: /Users/jake/dev/jsavin/Frontier/third_party/cmake-src/../cmake-install/share/cmake-3.29/Modules/FindGTest.cmake
-- Installing: /Users/jake/dev/jsavin/Frontier/third_party/cmake-src/../cmake-install/share/cmake-3.29/Modules/Dart.cmake
-- Installing: /Users/jake/dev/jsavin/Frontier/third_party/cmake-src/../cmake-install/share/cmake-3.29/Modules/FindAVIFile.cmake
-- Installing: /Users/jake/dev/jsavin/Frontier/third_party/cmake-src/../cmake-install/share/cmake-3.29/Modules/FindGIF.cmake
-- Installing: /Users/jake/dev/jsavin/Frontier/third_party/cmake-src/../cmake-install/share/cmake-3.29/Modules/FindOpenGL.cmake
-- Installing: /Users/jake/dev/jsavin/Frontier/third_party/cmake-src/../cmake-install/share/cmake-3.29/Modules/FindGTK2.cmake
-- Installing: /Users/jake/dev/jsavin/Frontier/third_party/cmake-src/../cmake-install/share/cmake-3.29/Modules/FindosgUtil.cmake
-- Installing: /Users/jake/dev/jsavin/Frontier/third_party/cmake-src/../cmake-install/share/cmake-3.29/Modules/CMakeFortranCompilerABI.F90
-- Installing: /Users/jake/dev/jsavin/Frontier/third_party/cmake-src/../cmake-install/share/cmake-3.29/Modules/GoogleTestAddTests.cmake
-- Installing: /Users/jake/dev/jsavin/Frontier/third_party/cmake-src/../cmake-install/share/cmake-3.29/Modules/IntelVSImplicitPath
-- Installing: /Users/jake/dev/jsavin/Frontier/third_party/cmake-src/../cmake-install/share/cmake-3.29/Modules/IntelVSImplicitPath/CMakeLists.txt
-- Installing: /Users/jake/dev/jsavin/Frontier/third_party/cmake-src/../cmake-install/share/cmake-3.29/Modules/IntelVSImplicitPath/hello.f
-- Installing: /Users/jake/dev/jsavin/Frontier/third_party/cmake-src/../cmake-install/share/cmake-3.29/Modules/IntelVSImplicitPath/detect.cmake
-- Installing: /Users/jake/dev/jsavin/Frontier/third_party/cmake-src/../cmake-install/share/cmake-3.29/Modules/CMakeCSharpInformation.cmake
-- Installing: /Users/jake/dev/jsavin/Frontier/third_party/cmake-src/../cmake-install/share/cmake-3.29/Modules/CheckCXXSourceCompiles.cmake
-- Installing: /Users/jake/dev/jsavin/Frontier/third_party/cmake-src/../cmake-install/share/cmake-3.29/Modules/CMakeFortranInformation.cmake
-- Installing: /Users/jake/dev/jsavin/Frontier/third_party/cmake-src/../cmake-install/share/cmake-3.29/Modules/DummyCXXFile.cxx
-- Installing: /Users/jake/dev/jsavin/Frontier/third_party/cmake-src/../cmake-install/share/cmake-3.29/Modules/ProcessorCount.cmake
-- Installing: /Users/jake/dev/jsavin/Frontier/third_party/cmake-src/../cmake-install/share/cmake-3.29/Modules/FindLibXml2.cmake
-- Installing: /Users/jake/dev/jsavin/Frontier/third_party/cmake-src/../cmake-install/share/cmake-3.29/Modules/CheckPrototypeDefinition.c.in
-- Installing: /Users/jake/dev/jsavin/Frontier/third_party/cmake-src/../cmake-install/share/cmake-3.29/Modules/CMakeFindJavaCommon.cmake
-- Installing: /Users/jake/dev/jsavin/Frontier/third_party/cmake-src/../cmake-install/share/cmake-3.29/Modules/FindBLAS.cmake
-- Installing: /Users/jake/dev/jsavin/Frontier/third_party/cmake-src/../cmake-install/share/cmake-3.29/Modules/FindPython.cmake
-- Installing: /Users/jake/dev/jsavin/Frontier/third_party/cmake-src/../cmake-install/share/cmake-3.29/Modules/FindDart.cmake
-- Installing: /Users/jake/dev/jsavin/Frontier/third_party/cmake-src/../cmake-install/share/cmake-3.29/Modules/CMakeUnixFindMake.cmake
-- Installing: /Users/jake/dev/jsavin/Frontier/third_party/cmake-src/../cmake-install/share/cmake-3.29/Modules/FindosgSim.cmake
-- Installing: /Users/jake/dev/jsavin/Frontier/third_party/cmake-src/../cmake-install/share/cmake-3.29/Modules/CMakeJavaInformation.cmake
-- Installing: /Users/jake/dev/jsavin/Frontier/third_party/cmake-src/../cmake-install/share/cmake-3.29/Modules/FindCoin3D.cmake
-- Installing: /Users/jake/dev/jsavin/Frontier/third_party/cmake-src/../cmake-install/share/cmake-3.29/Modules/FindGnuplot.cmake
-- Installing: /Users/jake/dev/jsavin/Frontier/third_party/cmake-src/../cmake-install/share/cmake-3.29/Modules/FindFLTK.cmake
-- Installing: /Users/jake/dev/jsavin/Frontier/third_party/cmake-src/../cmake-install/share/cmake-3.29/Modules/FindProducer.cmake
-- Installing: /Users/jake/dev/jsavin/Frontier/third_party/cmake-src/../cmake-install/share/cmake-3.29/Modules/CMakeDetermineISPCCompiler.cmake
-- Installing: /Users/jake/dev/jsavin/Frontier/third_party/cmake-src/../cmake-install/share/cmake-3.29/Modules/CMakeOBJCXXCompiler.cmake.in
-- Installing: /Users/jake/dev/jsavin/Frontier/third_party/cmake-src/../cmake-install/share/cmake-3.29/Modules/CMakeOBJCCompiler.cmake.in
-- Installing: /Users/jake/dev/jsavin/Frontier/third_party/cmake-src/../cmake-install/share/cmake-3.29/Modules/FindMPEG.cmake
-- Installing: /Users/jake/dev/jsavin/Frontier/third_party/cmake-src/../cmake-install/share/cmake-3.29/Modules/CMakeDetermineASM-ATTCompiler.cmake
-- Installing: /Users/jake/dev/jsavin/Frontier/third_party/cmake-src/../cmake-install/share/cmake-3.29/Modules/FindGLU.cmake
-- Installing: /Users/jake/dev/jsavin/Frontier/third_party/cmake-src/../cmake-install/share/cmake-3.29/Modules/CheckCXXCompilerFlag.cmake
-- Installing: /Users/jake/dev/jsavin/Frontier/third_party/cmake-src/../cmake-install/share/cmake-3.29/Modules/FindwxWindows.cmake
-- Installing: /Users/jake/dev/jsavin/Frontier/third_party/cmake-src/../cmake-install/share/cmake-3.29/Modules/CMakeASM_MARMASMInformation.cmake
-- Installing: /Users/jake/dev/jsavin/Frontier/third_party/cmake-src/../cmake-install/share/cmake-3.29/Modules/CMakeTestCXXCompiler.cmake
-- Installing: /Users/jake/dev/jsavin/Frontier/third_party/cmake-src/../cmake-install/share/cmake-3.29/Modules/FindTCL.cmake
-- Installing: /Users/jake/dev/jsavin/Frontier/third_party/cmake-src/../cmake-install/share/cmake-3.29/Modules/FindosgParticle.cmake
-- Installing: /Users/jake/dev/jsavin/Frontier/third_party/cmake-src/../cmake-install/share/cmake-3.29/Modules/FindSDL_gfx.cmake
-- Installing: /Users/jake/dev/jsavin/Frontier/third_party/cmake-src/../cmake-install/share/cmake-3.29/Modules/FindJasper.cmake
-- Installing: /Users/jake/dev/jsavin/Frontier/third_party/cmake-src/../cmake-install/share/cmake-3.29/Modules/SystemInformation.in
-- Installing: /Users/jake/dev/jsavin/Frontier/third_party/cmake-src/../cmake-install/share/cmake-3.29/Modules/SystemInformation.cmake
-- Installing: /Users/jake/dev/jsavin/Frontier/third_party/cmake-src/../cmake-install/share/cmake-3.29/Modules/FindOpenMP.cmake
-- Installing: /Users/jake/dev/jsavin/Frontier/third_party/cmake-src/../cmake-install/share/cmake-3.29/Modules/FindHSPELL.cmake
-- Installing: /Users/jake/dev/jsavin/Frontier/third_party/cmake-src/../cmake-install/share/cmake-3.29/Modules/CMakeISPCCompilerId.ispc.in
-- Installing: /Users/jake/dev/jsavin/Frontier/third_party/cmake-src/../cmake-install/share/cmake-3.29/Modules/FindSDL_sound.cmake
-- Installing: /Users/jake/dev/jsavin/Frontier/third_party/cmake-src/../cmake-install/share/cmake-3.29/Modules/FindOpenSSL.cmake
-- Installing: /Users/jake/dev/jsavin/Frontier/third_party/cmake-src/../cmake-install/share/cmake-3.29/Modules/FindCups.cmake
-- Installing: /Users/jake/dev/jsavin/Frontier/third_party/cmake-src/../cmake-install/share/cmake-3.29/Modules/SquishRunTestCase.bat
-- Installing: /Users/jake/dev/jsavin/Frontier/third_party/cmake-src/../cmake-install/share/cmake-3.29/Modules/CMakeForceCompiler.cmake
-- Installing: /Users/jake/dev/jsavin/Frontier/third_party/cmake-src/../cmake-install/share/cmake-3.29/Modules/FindCURL.cmake
-- Installing: /Users/jake/dev/jsavin/Frontier/third_party/cmake-src/../cmake-install/share/cmake-3.29/Modules/FetchContent
-- Installing: /Users/jake/dev/jsavin/Frontier/third_party/cmake-src/../cmake-install/share/cmake-3.29/Modules/FetchContent/package-config.cmake.in
-- Installing: /Users/jake/dev/jsavin/Frontier/third_party/cmake-src/../cmake-install/share/cmake-3.29/Modules/FetchContent/package-config-version.cmake.in
-- Installing: /Users/jake/dev/jsavin/Frontier/third_party/cmake-src/../cmake-install/share/cmake-3.29/Modules/FetchContent/CMakeLists.cmake.in
-- Installing: /Users/jake/dev/jsavin/Frontier/third_party/cmake-src/../cmake-install/share/cmake-3.29/Modules/CheckIncludeFile.cxx.in
-- Installing: /Users/jake/dev/jsavin/Frontier/third_party/cmake-src/../cmake-install/share/cmake-3.29/Modules/CMakeDetermineJavaCompiler.cmake
-- Installing: /Users/jake/dev/jsavin/Frontier/third_party/cmake-src/../cmake-install/share/cmake-3.29/Modules/CMakeDetermineCompilerABI.cmake
-- Installing: /Users/jake/dev/jsavin/Frontier/third_party/cmake-src/../cmake-install/share/cmake-3.29/Modules/FindCxxTest.cmake
-- Installing: /Users/jake/dev/jsavin/Frontier/third_party/cmake-src/../cmake-install/share/cmake-3.29/Modules/CheckIncludeFile.c.in
-- Installing: /Users/jake/dev/jsavin/Frontier/third_party/cmake-src/../cmake-install/share/cmake-3.29/Modules/CMakeTestCUDACompiler.cmake
-- Installing: /Users/jake/dev/jsavin/Frontier/third_party/cmake-src/../cmake-install/share/cmake-3.29/Modules/FindDoxygen.cmake
-- Installing: /Users/jake/dev/jsavin/Frontier/third_party/cmake-src/../cmake-install/share/cmake-3.29/Modules/CheckCXXSourceRuns.cmake
-- Installing: /Users/jake/dev/jsavin/Frontier/third_party/cmake-src/../cmake-install/share/cmake-3.29/Modules/CMakeASM_NASMInformation.cmake
-- Installing: /Users/jake/dev/jsavin/Frontier/third_party/cmake-src/../cmake-install/share/cmake-3.29/Modules/FindRuby.cmake
-- Installing: /Users/jake/dev/jsavin/Frontier/third_party/cmake-src/../cmake-install/share/cmake-3.29/Modules/UseJava.cmake
-- Installing: /Users/jake/dev/jsavin/Frontier/third_party/cmake-src/../cmake-install/share/cmake-3.29/Modules/CMakeCompilerIdDetection.cmake
-- Installing: /Users/jake/dev/jsavin/Frontier/third_party/cmake-src/../cmake-install/share/cmake-3.29/Modules/FindQt.cmake
-- Installing: /Users/jake/dev/jsavin/Frontier/third_party/cmake-src/../cmake-install/share/cmake-3.29/Modules/CheckOBJCCompilerFlag.cmake
-- Installing: /Users/jake/dev/jsavin/Frontier/third_party/cmake-src/../cmake-install/share/cmake-3.29/Modules/kde3init_dummy.cpp.in
-- Installing: /Users/jake/dev/jsavin/Frontier/third_party/cmake-src/../cmake-install/share/cmake-3.29/Modules/CheckTypeSize.c.in
-- Installing: /Users/jake/dev/jsavin/Frontier/third_party/cmake-src/../cmake-install/share/cmake-3.29/Modules/CMakeASMInformation.cmake
-- Installing: /Users/jake/dev/jsavin/Frontier/third_party/cmake-src/../cmake-install/share/cmake-3.29/Modules/CMakePushCheckState.cmake
-- Installing: /Users/jake/dev/jsavin/Frontier/third_party/cmake-src/../cmake-install/share/cmake-3.29/Modules/FindOpenAL.cmake
-- Installing: /Users/jake/dev/jsavin/Frontier/third_party/cmake-src/../cmake-install/share/cmake-3.29/Modules/FindXercesC.cmake
-- Installing: /Users/jake/dev/jsavin/Frontier/third_party/cmake-src/../cmake-install/share/cmake-3.29/Modules/CheckTypeSize.cmake
-- Installing: /Users/jake/dev/jsavin/Frontier/third_party/cmake-src/../cmake-install/share/cmake-3.29/Modules/DeployQt4.cmake
-- Installing: /Users/jake/dev/jsavin/Frontier/third_party/cmake-src/../cmake-install/share/cmake-3.29/Modules/CMakeTestRCCompiler.cmake
-- Installing: /Users/jake/dev/jsavin/Frontier/third_party/cmake-src/../cmake-install/share/cmake-3.29/Modules/UseJava
-- Installing: /Users/jake/dev/jsavin/Frontier/third_party/cmake-src/../cmake-install/share/cmake-3.29/Modules/UseJava/Symlinks.cmake
-- Installing: /Users/jake/dev/jsavin/Frontier/third_party/cmake-src/../cmake-install/share/cmake-3.29/Modules/UseJava/ClassFilelist.cmake
-- Installing: /Users/jake/dev/jsavin/Frontier/third_party/cmake-src/../cmake-install/share/cmake-3.29/Modules/UseJava/javaTargets.cmake.in
-- Installing: /Users/jake/dev/jsavin/Frontier/third_party/cmake-src/../cmake-install/share/cmake-3.29/Modules/UseJava/ClearClassFiles.cmake
-- Installing: /Users/jake/dev/jsavin/Frontier/third_party/cmake-src/../cmake-install/share/cmake-3.29/Modules/FindSquish.cmake
-- Installing: /Users/jake/dev/jsavin/Frontier/third_party/cmake-src/../cmake-install/share/cmake-3.29/Modules/FindGTK.cmake
-- Installing: /Users/jake/dev/jsavin/Frontier/third_party/cmake-src/../cmake-install/share/cmake-3.29/Modules/FindJPEG.cmake
-- Installing: /Users/jake/dev/jsavin/Frontier/third_party/cmake-src/../cmake-install/share/cmake-3.29/Modules/CMakeAddFortranSubdirectory.cmake
-- Installing: /Users/jake/dev/jsavin/Frontier/third_party/cmake-src/../cmake-install/share/cmake-3.29/Modules/FindLibXslt.cmake
-- Installing: /Users/jake/dev/jsavin/Frontier/third_party/cmake-src/../cmake-install/share/cmake-3.29/Modules/CMakeFindSublimeText2.cmake
-- Installing: /Users/jake/dev/jsavin/Frontier/third_party/cmake-src/../cmake-install/share/cmake-3.29/Modules/FindosgPresentation.cmake
-- Installing: /Users/jake/dev/jsavin/Frontier/third_party/cmake-src/../cmake-install/share/cmake-3.29/Modules/FindALSA.cmake
-- Installing: /Users/jake/dev/jsavin/Frontier/third_party/cmake-src/../cmake-install/share/cmake-3.29/Modules/CMakeImportBuildSettings.cmake
-- Installing: /Users/jake/dev/jsavin/Frontier/third_party/cmake-src/../cmake-install/share/cmake-3.29/Modules/FindBullet.cmake
-- Installing: /Users/jake/dev/jsavin/Frontier/third_party/cmake-src/../cmake-install/share/cmake-3.29/Modules/GenerateExportHeader.cmake
-- Installing: /Users/jake/dev/jsavin/Frontier/third_party/cmake-src/../cmake-install/share/cmake-3.29/Modules/CMakeTestASM_NASMCompiler.cmake
-- Installing: /Users/jake/dev/jsavin/Frontier/third_party/cmake-src/../cmake-install/share/cmake-3.29/Modules/FindBoost.cmake
-- Installing: /Users/jake/dev/jsavin/Frontier/third_party/cmake-src/../cmake-install/share/cmake-3.29/Modules/FindODBC.cmake
-- Installing: /Users/jake/dev/jsavin/Frontier/third_party/cmake-src/../cmake-install/share/cmake-3.29/Modules/TestBigEndian.cmake
-- Installing: /Users/jake/dev/jsavin/Frontier/third_party/cmake-src/../cmake-install/share/cmake-3.29/Modules/CMakeHIPInformation.cmake
-- Installing: /Users/jake/dev/jsavin/Frontier/third_party/cmake-src/../cmake-install/share/cmake-3.29/Modules/FindRTI.cmake
-- Installing: /Users/jake/dev/jsavin/Frontier/third_party/cmake-src/../cmake-install/share/cmake-3.29/Modules/Platform
-- Installing: /Users/jake/dev/jsavin/Frontier/third_party/cmake-src/../cmake-install/share/cmake-3.29/Modules/Platform/HP-UX-Initialize.cmake
-- Installing: /Users/jake/dev/jsavin/Frontier/third_party/cmake-src/../cmake-install/share/cmake-3.29/Modules/Platform/Windows-OrangeC.cmake
-- Installing: /Users/jake/dev/jsavin/Frontier/third_party/cmake-src/../cmake-install/share/cmake-3.29/Modules/Platform/MP-RAS.cmake
-- Installing: /Users/jake/dev/jsavin/Frontier/third_party/cmake-src/../cmake-install/share/cmake-3.29/Modules/Platform/BlueGeneP-dynamic-GNU-CXX.cmake
-- Installing: /Users/jake/dev/jsavin/Frontier/third_party/cmake-src/../cmake-install/share/cmake-3.29/Modules/Platform/Linux-PGI-CXX.cmake
-- Installing: /Users/jake/dev/jsavin/Frontier/third_party/cmake-src/../cmake-install/share/cmake-3.29/Modules/Platform/Linux-XL-C.cmake
-- Installing: /Users/jake/dev/jsavin/Frontier/third_party/cmake-src/../cmake-install/share/cmake-3.29/Modules/Platform/Linux.cmake
-- Installing: /Users/jake/dev/jsavin/Frontier/third_party/cmake-src/../cmake-install/share/cmake-3.29/Modules/Platform/Apple-AppleClang-C.cmake
-- Installing: /Users/jake/dev/jsavin/Frontier/third_party/cmake-src/../cmake-install/share/cmake-3.29/Modules/Platform/tvOS-Determine-CXX.cmake
-- Installing: /Users/jake/dev/jsavin/Frontier/third_party/cmake-src/../cmake-install/share/cmake-3.29/Modules/Platform/Windows-GNU-CXX.cmake
-- Installing: /Users/jake/dev/jsavin/Frontier/third_party/cmake-src/../cmake-install/share/cmake-3.29/Modules/Platform/Windows-Clang-OBJC.cmake
-- Installing: /Users/jake/dev/jsavin/Frontier/third_party/cmake-src/../cmake-install/share/cmake-3.29/Modules/Platform/Linux-como.cmake
-- Installing: /Users/jake/dev/jsavin/Frontier/third_party/cmake-src/../cmake-install/share/cmake-3.29/Modules/Platform/HP-UX-HP.cmake
-- Installing: /Users/jake/dev/jsavin/Frontier/third_party/cmake-src/../cmake-install/share/cmake-3.29/Modules/Platform/Windows-Clang-C.cmake
-- Installing: /Users/jake/dev/jsavin/Frontier/third_party/cmake-src/../cmake-install/share/cmake-3.29/Modules/Platform/Apple-Intel-C.cmake
-- Installing: /Users/jake/dev/jsavin/Frontier/third_party/cmake-src/../cmake-install/share/cmake-3.29/Modules/Platform/WindowsStore.cmake
-- Installing: /Users/jake/dev/jsavin/Frontier/third_party/cmake-src/../cmake-install/share/cmake-3.29/Modules/Platform/SunOS-Initialize.cmake
-- Installing: /Users/jake/dev/jsavin/Frontier/third_party/cmake-src/../cmake-install/share/cmake-3.29/Modules/Platform/MSYS-GNU-C.cmake
-- Installing: /Users/jake/dev/jsavin/Frontier/third_party/cmake-src/../cmake-install/share/cmake-3.29/Modules/Platform/tvOS.cmake
-- Installing: /Users/jake/dev/jsavin/Frontier/third_party/cmake-src/../cmake-install/share/cmake-3.29/Modules/Platform/Linux-Fujitsu-CXX.cmake
-- Installing: /Users/jake/dev/jsavin/Frontier/third_party/cmake-src/../cmake-install/share/cmake-3.29/Modules/Platform/Linux-TinyCC-C.cmake
-- Installing: /Users/jake/dev/jsavin/Frontier/third_party/cmake-src/../cmake-install/share/cmake-3.29/Modules/Platform/CrayLinuxEnvironment.cmake
-- Installing: /Users/jake/dev/jsavin/Frontier/third_party/cmake-src/../cmake-install/share/cmake-3.29/Modules/Platform/BlueGeneQ-static-GNU-Fortran.cmake
-- Installing: /Users/jake/dev/jsavin/Frontier/third_party/cmake-src/../cmake-install/share/cmake-3.29/Modules/Platform/WindowsPhone-MSVC-C.cmake
-- Installing: /Users/jake/dev/jsavin/Frontier/third_party/cmake-src/../cmake-install/share/cmake-3.29/Modules/Platform/GHS-MULTI-Determine.cmake
-- Installing: /Users/jake/dev/jsavin/Frontier/third_party/cmake-src/../cmake-install/share/cmake-3.29/Modules/Platform/SINIX.cmake
-- Installing: /Users/jake/dev/jsavin/Frontier/third_party/cmake-src/../cmake-install/share/cmake-3.29/Modules/Platform/OpenVMS.cmake
-- Installing: /Users/jake/dev/jsavin/Frontier/third_party/cmake-src/../cmake-install/share/cmake-3.29/Modules/Platform/MirBSD.cmake
-- Installing: /Users/jake/dev/jsavin/Frontier/third_party/cmake-src/../cmake-install/share/cmake-3.29/Modules/Platform/Windows-OpenWatcom.cmake
-- Installing: /Users/jake/dev/jsavin/Frontier/third_party/cmake-src/../cmake-install/share/cmake-3.29/Modules/Platform/kFreeBSD-Initialize.cmake
-- Installing: /Users/jake/dev/jsavin/Frontier/third_party/cmake-src/../cmake-install/share/cmake-3.29/Modules/Platform/Linux-PGI.cmake
-- Installing: /Users/jake/dev/jsavin/Frontier/third_party/cmake-src/../cmake-install/share/cmake-3.29/Modules/Platform/MSYS-Clang-CXX.cmake
-- Installing: /Users/jake/dev/jsavin/Frontier/third_party/cmake-src/../cmake-install/share/cmake-3.29/Modules/Platform/RISCos.cmake
-- Installing: /Users/jake/dev/jsavin/Frontier/third_party/cmake-src/../cmake-install/share/cmake-3.29/Modules/Platform/GHS-MULTI.cmake
-- Installing: /Users/jake/dev/jsavin/Frontier/third_party/cmake-src/../cmake-install/share/cmake-3.29/Modules/Platform/AIX.cmake
-- Installing: /Users/jake/dev/jsavin/Frontier/third_party/cmake-src/../cmake-install/share/cmake-3.29/Modules/Platform/WindowsKernelModeDriver.cmake
-- Installing: /Users/jake/dev/jsavin/Frontier/third_party/cmake-src/../cmake-install/share/cmake-3.29/Modules/Platform/Haiku-Initialize.cmake
-- Installing: /Users/jake/dev/jsavin/Frontier/third_party/cmake-src/../cmake-install/share/cmake-3.29/Modules/Platform/AIX-XL-ASM.cmake
-- Installing: /Users/jake/dev/jsavin/Frontier/third_party/cmake-src/../cmake-install/share/cmake-3.29/Modules/Platform/SerenityOS-Clang-ASM.cmake
-- Installing: /Users/jake/dev/jsavin/Frontier/third_party/cmake-src/../cmake-install/share/cmake-3.29/Modules/Platform/Windows-OpenWatcom-CXX.cmake
-- Installing: /Users/jake/dev/jsavin/Frontier/third_party/cmake-src/../cmake-install/share/cmake-3.29/Modules/Platform/GNU-Initialize.cmake
-- Installing: /Users/jake/dev/jsavin/Frontier/third_party/cmake-src/../cmake-install/share/cmake-3.29/Modules/Platform/BlueGeneP-static-GNU-CXX.cmake
-- Installing: /Users/jake/dev/jsavin/Frontier/third_party/cmake-src/../cmake-install/share/cmake-3.29/Modules/Platform/Windows-Borland-C.cmake
-- Installing: /Users/jake/dev/jsavin/Frontier/third_party/cmake-src/../cmake-install/share/cmake-3.29/Modules/Platform/SunOS-PathScale-Fortran.cmake
-- Installing: /Users/jake/dev/jsavin/Frontier/third_party/cmake-src/../cmake-install/share/cmake-3.29/Modules/Platform/WindowsStore-MSVC-CXX.cmake
-- Installing: /Users/jake/dev/jsavin/Frontier/third_party/cmake-src/../cmake-install/share/cmake-3.29/Modules/Platform/SINIX-Initialize.cmake
-- Installing: /Users/jake/dev/jsavin/Frontier/third_party/cmake-src/../cmake-install/share/cmake-3.29/Modules/Platform/HP-UX-HP-Fortran.cmake
-- Installing: /Users/jake/dev/jsavin/Frontier/third_party/cmake-src/../cmake-install/share/cmake-3.29/Modules/Platform/BlueGeneQ-static.cmake
-- Installing: /Users/jake/dev/jsavin/Frontier/third_party/cmake-src/../cmake-install/share/cmake-3.29/Modules/Platform/AIX-IBMClang.cmake
-- Installing: /Users/jake/dev/jsavin/Frontier/third_party/cmake-src/../cmake-install/share/cmake-3.29/Modules/Platform/BlueGeneQ-dynamic-XL-CXX.cmake
-- Installing: /Users/jake/dev/jsavin/Frontier/third_party/cmake-src/../cmake-install/share/cmake-3.29/Modules/Platform/Tru64-Initialize.cmake
-- Installing: /Users/jake/dev/jsavin/Frontier/third_party/cmake-src/../cmake-install/share/cmake-3.29/Modules/Platform/AIX-XL-C.cmake
-- Installing: /Users/jake/dev/jsavin/Frontier/third_party/cmake-src/../cmake-install/share/cmake-3.29/Modules/Platform/ARTOS-GNU-C.cmake
-- Installing: /Users/jake/dev/jsavin/Frontier/third_party/cmake-src/../cmake-install/share/cmake-3.29/Modules/Platform/BlueGeneP-dynamic-XL-Fortran.cmake
-- Installing: /Users/jake/dev/jsavin/Frontier/third_party/cmake-src/../cmake-install/share/cmake-3.29/Modules/Platform/BlueGeneP-dynamic-GNU-Fortran.cmake
-- Installing: /Users/jake/dev/jsavin/Frontier/third_party/cmake-src/../cmake-install/share/cmake-3.29/Modules/Platform/QNX.cmake
-- Installing: /Users/jake/dev/jsavin/Frontier/third_party/cmake-src/../cmake-install/share/cmake-3.29/Modules/Platform/Windows-Watcom-CXX.cmake
-- Installing: /Users/jake/dev/jsavin/Frontier/third_party/cmake-src/../cmake-install/share/cmake-3.29/Modules/Platform/Linux-LCC-Fortran.cmake
-- Installing: /Users/jake/dev/jsavin/Frontier/third_party/cmake-src/../cmake-install/share/cmake-3.29/Modules/Platform/WindowsStore-Clang-CXX.cmake
-- Installing: /Users/jake/dev/jsavin/Frontier/third_party/cmake-src/../cmake-install/share/cmake-3.29/Modules/Platform/watchOS.cmake
-- Installing: /Users/jake/dev/jsavin/Frontier/third_party/cmake-src/../cmake-install/share/cmake-3.29/Modules/Platform/Linux-Clang-CXX.cmake
-- Installing: /Users/jake/dev/jsavin/Frontier/third_party/cmake-src/../cmake-install/share/cmake-3.29/Modules/Platform/WindowsPhone-MSVC-CXX.cmake
-- Installing: /Users/jake/dev/jsavin/Frontier/third_party/cmake-src/../cmake-install/share/cmake-3.29/Modules/Platform/BlueGeneQ-static-XL-Fortran.cmake
-- Installing: /Users/jake/dev/jsavin/Frontier/third_party/cmake-src/../cmake-install/share/cmake-3.29/Modules/Platform/Linux-XL-CXX.cmake
-- Installing: /Users/jake/dev/jsavin/Frontier/third_party/cmake-src/../cmake-install/share/cmake-3.29/Modules/Platform/Apple-AppleClang-CXX.cmake
-- Installing: /Users/jake/dev/jsavin/Frontier/third_party/cmake-src/../cmake-install/share/cmake-3.29/Modules/Platform/WindowsPhone-Initialize.cmake
-- Installing: /Users/jake/dev/jsavin/Frontier/third_party/cmake-src/../cmake-install/share/cmake-3.29/Modules/Platform/Linux-Intel-CXX.cmake
-- Installing: /Users/jake/dev/jsavin/Frontier/third_party/cmake-src/../cmake-install/share/cmake-3.29/Modules/Platform/Xenix-Initialize.cmake
-- Installing: /Users/jake/dev/jsavin/Frontier/third_party/cmake-src/../cmake-install/share/cmake-3.29/Modules/Platform/Linux-NVHPC-CXX.cmake
-- Installing: /Users/jake/dev/jsavin/Frontier/third_party/cmake-src/../cmake-install/share/cmake-3.29/Modules/Platform/BlueGeneL.cmake
-- Installing: /Users/jake/dev/jsavin/Frontier/third_party/cmake-src/../cmake-install/share/cmake-3.29/Modules/Platform/CYGWIN-Initialize.cmake
-- Installing: /Users/jake/dev/jsavin/Frontier/third_party/cmake-src/../cmake-install/share/cmake-3.29/Modules/Platform/DOS-OpenWatcom.cmake
-- Installing: /Users/jake/dev/jsavin/Frontier/third_party/cmake-src/../cmake-install/share/cmake-3.29/Modules/Platform/WindowsPhone.cmake
-- Installing: /Users/jake/dev/jsavin/Frontier/third_party/cmake-src/../cmake-install/share/cmake-3.29/Modules/Platform/SerenityOS.cmake
-- Installing: /Users/jake/dev/jsavin/Frontier/third_party/cmake-src/../cmake-install/share/cmake-3.29/Modules/Platform/AIX-VisualAge-C.cmake
-- Installing: /Users/jake/dev/jsavin/Frontier/third_party/cmake-src/../cmake-install/share/cmake-3.29/Modules/Platform/Darwin-Initialize.cmake
-- Installing: /Users/jake/dev/jsavin/Frontier/third_party/cmake-src/../cmake-install/share/cmake-3.29/Modules/Platform/CrayLinuxEnvironment-Initialize.cmake
-- Installing: /Users/jake/dev/jsavin/Frontier/third_party/cmake-src/../cmake-install/share/cmake-3.29/Modules/Platform/Apple-Absoft-Fortran.cmake
-- Installing: /Users/jake/dev/jsavin/Frontier/third_party/cmake-src/../cmake-install/share/cmake-3.29/Modules/Platform/Windows-PGI-Fortran.cmake
-- Installing: /Users/jake/dev/jsavin/Frontier/third_party/cmake-src/../cmake-install/share/cmake-3.29/Modules/Platform/SunOS-GNU-CXX.cmake
-- Installing: /Users/jake/dev/jsavin/Frontier/third_party/cmake-src/../cmake-install/share/cmake-3.29/Modules/Platform/BlueGeneP-static.cmake
-- Installing: /Users/jake/dev/jsavin/Frontier/third_party/cmake-src/../cmake-install/share/cmake-3.29/Modules/Platform/DOS.cmake
-- Installing: /Users/jake/dev/jsavin/Frontier/third_party/cmake-src/../cmake-install/share/cmake-3.29/Modules/Platform/Apple-PGI-Fortran.cmake
-- Installing: /Users/jake/dev/jsavin/Frontier/third_party/cmake-src/../cmake-install/share/cmake-3.29/Modules/Platform/AIX-GNU-CXX.cmake
-- Installing: /Users/jake/dev/jsavin/Frontier/third_party/cmake-src/../cmake-install/share/cmake-3.29/Modules/Platform/Apple-Clang-OBJC.cmake
-- Installing: /Users/jake/dev/jsavin/Frontier/third_party/cmake-src/../cmake-install/share/cmake-3.29/Modules/Platform/watchOS-Initialize.cmake
-- Installing: /Users/jake/dev/jsavin/Frontier/third_party/cmake-src/../cmake-install/share/cmake-3.29/Modules/Platform/Linux-OpenWatcom-C.cmake
-- Installing: /Users/jake/dev/jsavin/Frontier/third_party/cmake-src/../cmake-install/share/cmake-3.29/Modules/Platform/SunOS-PathScale.cmake
-- Installing: /Users/jake/dev/jsavin/Frontier/third_party/cmake-src/../cmake-install/share/cmake-3.29/Modules/Platform/AIX-Clang-C.cmake
-- Installing: /Users/jake/dev/jsavin/Frontier/third_party/cmake-src/../cmake-install/share/cmake-3.29/Modules/Platform/DOS-OpenWatcom-C.cmake
-- Installing: /Users/jake/dev/jsavin/Frontier/third_party/cmake-src/../cmake-install/share/cmake-3.29/Modules/Platform/HP-UX-HP-C.cmake
-- Installing: /Users/jake/dev/jsavin/Frontier/third_party/cmake-src/../cmake-install/share/cmake-3.29/Modules/Platform/Linux-NVIDIA-CUDA.cmake
-- Installing: /Users/jake/dev/jsavin/Frontier/third_party/cmake-src/../cmake-install/share/cmake-3.29/Modules/Platform/BlueGeneP-dynamic.cmake
-- Installing: /Users/jake/dev/jsavin/Frontier/third_party/cmake-src/../cmake-install/share/cmake-3.29/Modules/Platform/tvOS-Initialize.cmake
-- Installing: /Users/jake/dev/jsavin/Frontier/third_party/cmake-src/../cmake-install/share/cmake-3.29/Modules/Platform/Linux-Initialize.cmake
-- Installing: /Users/jake/dev/jsavin/Frontier/third_party/cmake-src/../cmake-install/share/cmake-3.29/Modules/Platform/Windows-Embarcadero.cmake
-- Installing: /Users/jake/dev/jsavin/Frontier/third_party/cmake-src/../cmake-install/share/cmake-3.29/Modules/Platform/UNIX_SV.cmake
-- Installing: /Users/jake/dev/jsavin/Frontier/third_party/cmake-src/../cmake-install/share/cmake-3.29/Modules/Platform/MP-RAS-Initialize.cmake
-- Installing: /Users/jake/dev/jsavin/Frontier/third_party/cmake-src/../cmake-install/share/cmake-3.29/Modules/Platform/Midipix-Initialize.cmake
-- Installing: /Users/jake/dev/jsavin/Frontier/third_party/cmake-src/../cmake-install/share/cmake-3.29/Modules/Platform/SunOS-Clang-C.cmake
-- Installing: /Users/jake/dev/jsavin/Frontier/third_party/cmake-src/../cmake-install/share/cmake-3.29/Modules/Platform/BeOS.cmake
-- Installing: /Users/jake/dev/jsavin/Frontier/third_party/cmake-src/../cmake-install/share/cmake-3.29/Modules/Platform/Windows-Clang-CUDA.cmake
-- Installing: /Users/jake/dev/jsavin/Frontier/third_party/cmake-src/../cmake-install/share/cmake-3.29/Modules/Platform/Windows-LLVMFlang-Fortran.cmake
-- Installing: /Users/jake/dev/jsavin/Frontier/third_party/cmake-src/../cmake-install/share/cmake-3.29/Modules/Platform/Android-Determine-CXX.cmake
-- Installing: /Users/jake/dev/jsavin/Frontier/third_party/cmake-src/../cmake-install/share/cmake-3.29/Modules/Platform/Windows-Intel-C.cmake
-- Installing: /Users/jake/dev/jsavin/Frontier/third_party/cmake-src/../cmake-install/share/cmake-3.29/Modules/Platform/Apple-NVIDIA-CUDA.cmake
-- Installing: /Users/jake/dev/jsavin/Frontier/third_party/cmake-src/../cmake-install/share/cmake-3.29/Modules/Platform/Apple-XL-C.cmake
-- Installing: /Users/jake/dev/jsavin/Frontier/third_party/cmake-src/../cmake-install/share/cmake-3.29/Modules/Platform/Windows-Intel-ISPC.cmake
-- Installing: /Users/jake/dev/jsavin/Frontier/third_party/cmake-src/../cmake-install/share/cmake-3.29/Modules/Platform/Apple-Clang-C.cmake
-- Installing: /Users/jake/dev/jsavin/Frontier/third_party/cmake-src/../cmake-install/share/cmake-3.29/Modules/Platform/Linux-CCur-Fortran.cmake
-- Installing: /Users/jake/dev/jsavin/Frontier/third_party/cmake-src/../cmake-install/share/cmake-3.29/Modules/Platform/iOS-Determine-CXX.cmake
-- Installing: /Users/jake/dev/jsavin/Frontier/third_party/cmake-src/../cmake-install/share/cmake-3.29/Modules/Platform/AIX-GNU-C.cmake
-- Installing: /Users/jake/dev/jsavin/Frontier/third_party/cmake-src/../cmake-install/share/cmake-3.29/Modules/Platform/ADSP-C.cmake
-- Installing: /Users/jake/dev/jsavin/Frontier/third_party/cmake-src/../cmake-install/share/cmake-3.29/Modules/Platform/Windows-NVIDIA-CUDA.cmake
-- Installing: /Users/jake/dev/jsavin/Frontier/third_party/cmake-src/../cmake-install/share/cmake-3.29/Modules/Platform/Windows-GNU-ASM.cmake
-- Installing: /Users/jake/dev/jsavin/Frontier/third_party/cmake-src/../cmake-install/share/cmake-3.29/Modules/Platform/QNX-Initialize.cmake
-- Installing: /Users/jake/dev/jsavin/Frontier/third_party/cmake-src/../cmake-install/share/cmake-3.29/Modules/Platform/kFreeBSD.cmake
-- Installing: /Users/jake/dev/jsavin/Frontier/third_party/cmake-src/../cmake-install/share/cmake-3.29/Modules/Platform/Android.cmake
-- Installing: /Users/jake/dev/jsavin/Frontier/third_party/cmake-src/../cmake-install/share/cmake-3.29/Modules/Platform/BlueGeneQ-static-GNU-CXX.cmake
-- Installing: /Users/jake/dev/jsavin/Frontier/third_party/cmake-src/../cmake-install/share/cmake-3.29/Modules/Platform/HP-UX-GNU.cmake
-- Installing: /Users/jake/dev/jsavin/Frontier/third_party/cmake-src/../cmake-install/share/cmake-3.29/Modules/Platform/BlueGeneQ-dynamic-XL-Fortran.cmake
-- Installing: /Users/jake/dev/jsavin/Frontier/third_party/cmake-src/../cmake-install/share/cmake-3.29/Modules/Platform/Apple-GNU-CXX.cmake
-- Installing: /Users/jake/dev/jsavin/Frontier/third_party/cmake-src/../cmake-install/share/cmake-3.29/Modules/Platform/SunOS.cmake
-- Installing: /Users/jake/dev/jsavin/Frontier/third_party/cmake-src/../cmake-install/share/cmake-3.29/Modules/Platform/Linux-PGI-Fortran.cmake
-- Installing: /Users/jake/dev/jsavin/Frontier/third_party/cmake-src/../cmake-install/share/cmake-3.29/Modules/Platform/OS2.cmake
-- Installing: /Users/jake/dev/jsavin/Frontier/third_party/cmake-src/../cmake-install/share/cmake-3.29/Modules/Platform/Windows-GNU-OBJCXX-ABI.cmake
-- Installing: /Users/jake/dev/jsavin/Frontier/third_party/cmake-src/../cmake-install/share/cmake-3.29/Modules/Platform/Windows-Watcom-C.cmake
-- Installing: /Users/jake/dev/jsavin/Frontier/third_party/cmake-src/../cmake-install/share/cmake-3.29/Modules/Platform/BlueGeneQ-static-GNU-C.cmake
-- Installing: /Users/jake/dev/jsavin/Frontier/third_party/cmake-src/../cmake-install/share/cmake-3.29/Modules/Platform/gas.cmake
-- Installing: /Users/jake/dev/jsavin/Frontier/third_party/cmake-src/../cmake-install/share/cmake-3.29/Modules/Platform/Windows-GNU-C-ABI.cmake
-- Installing: /Users/jake/dev/jsavin/Frontier/third_party/cmake-src/../cmake-install/share/cmake-3.29/Modules/Platform/GNUtoMS_lib.bat.in
-- Installing: /Users/jake/dev/jsavin/Frontier/third_party/cmake-src/../cmake-install/share/cmake-3.29/Modules/Platform/ADSP-CXX.cmake
-- Installing: /Users/jake/dev/jsavin/Frontier/third_party/cmake-src/../cmake-install/share/cmake-3.29/Modules/Platform/Generic-ADSP-C.cmake
-- Installing: /Users/jake/dev/jsavin/Frontier/third_party/cmake-src/../cmake-install/share/cmake-3.29/Modules/Platform/Windows3x-OpenWatcom.cmake
-- Installing: /Users/jake/dev/jsavin/Frontier/third_party/cmake-src/../cmake-install/share/cmake-3.29/Modules/Platform/BlueGeneP-dynamic-XL-C.cmake
-- Installing: /Users/jake/dev/jsavin/Frontier/third_party/cmake-src/../cmake-install/share/cmake-3.29/Modules/Platform/Apple-PGI.cmake
-- Installing: /Users/jake/dev/jsavin/Frontier/third_party/cmake-src/../cmake-install/share/cmake-3.29/Modules/Platform/WindowsKernelModeDriver-MSVC-CXX.cmake
-- Installing: /Users/jake/dev/jsavin/Frontier/third_party/cmake-src/../cmake-install/share/cmake-3.29/Modules/Platform/CYGWIN-windres.cmake
-- Installing: /Users/jake/dev/jsavin/Frontier/third_party/cmake-src/../cmake-install/share/cmake-3.29/Modules/Platform/Windows-GNU.cmake
-- Installing: /Users/jake/dev/jsavin/Frontier/third_party/cmake-src/../cmake-install/share/cmake-3.29/Modules/Platform/Android-GNU-C.cmake
-- Installing: /Users/jake/dev/jsavin/Frontier/third_party/cmake-src/../cmake-install/share/cmake-3.29/Modules/Platform/HP-UX.cmake
-- Installing: /Users/jake/dev/jsavin/Frontier/third_party/cmake-src/../cmake-install/share/cmake-3.29/Modules/Platform/AIX-XL-CXX.cmake
-- Installing: /Users/jake/dev/jsavin/Frontier/third_party/cmake-src/../cmake-install/share/cmake-3.29/Modules/Platform/SerenityOS-Clang-CXX.cmake
-- Installing: /Users/jake/dev/jsavin/Frontier/third_party/cmake-src/../cmake-install/share/cmake-3.29/Modules/Platform/MSYS-GNU.cmake
-- Installing: /Users/jake/dev/jsavin/Frontier/third_party/cmake-src/../cmake-install/share/cmake-3.29/Modules/Platform/Windows-GNU-CXX-ABI.cmake
-- Installing: /Users/jake/dev/jsavin/Frontier/third_party/cmake-src/../cmake-install/share/cmake-3.29/Modules/Platform/Tru64.cmake
-- Installing: /Users/jake/dev/jsavin/Frontier/third_party/cmake-src/../cmake-install/share/cmake-3.29/Modules/Platform/Xenix.cmake
-- Installing: /Users/jake/dev/jsavin/Frontier/third_party/cmake-src/../cmake-install/share/cmake-3.29/Modules/Platform/OpenVMS-Initialize.cmake
-- Installing: /Users/jake/dev/jsavin/Frontier/third_party/cmake-src/../cmake-install/share/cmake-3.29/Modules/Platform/WindowsKernelModeDriver-Initialize.cmake
-- Installing: /Users/jake/dev/jsavin/Frontier/third_party/cmake-src/../cmake-install/share/cmake-3.29/Modules/Platform/WindowsKernelModeDriver-MSVC-C.cmake
-- Installing: /Users/jake/dev/jsavin/Frontier/third_party/cmake-src/../cmake-install/share/cmake-3.29/Modules/Platform/BlueGeneP-static-GNU-Fortran.cmake
-- Installing: /Users/jake/dev/jsavin/Frontier/third_party/cmake-src/../cmake-install/share/cmake-3.29/Modules/Platform/Haiku.cmake
-- Installing: /Users/jake/dev/jsavin/Frontier/third_party/cmake-src/../cmake-install/share/cmake-3.29/Modules/Platform/Linux-PathScale-Fortran.cmake
-- Installing: /Users/jake/dev/jsavin/Frontier/third_party/cmake-src/../cmake-install/share/cmake-3.29/Modules/Platform/WindowsStore-Clang-ASM.cmake
-- Installing: /Users/jake/dev/jsavin/Frontier/third_party/cmake-src/../cmake-install/share/cmake-3.29/Modules/Platform/Linux-NVHPC-Fortran.cmake
-- Installing: /Users/jake/dev/jsavin/Frontier/third_party/cmake-src/../cmake-install/share/cmake-3.29/Modules/Platform/Windows-G95-Fortran.cmake
-- Installing: /Users/jake/dev/jsavin/Frontier/third_party/cmake-src/../cmake-install/share/cmake-3.29/Modules/Platform/Windows.cmake
-- Installing: /Users/jake/dev/jsavin/Frontier/third_party/cmake-src/../cmake-install/share/cmake-3.29/Modules/Platform/Windows-GNU-Fortran-ABI.cmake
-- Installing: /Users/jake/dev/jsavin/Frontier/third_party/cmake-src/../cmake-install/share/cmake-3.29/Modules/Platform/Windows-Flang-Fortran.cmake
-- Installing: /Users/jake/dev/jsavin/Frontier/third_party/cmake-src/../cmake-install/share/cmake-3.29/Modules/Platform/Linux-Absoft-Fortran.cmake
-- Installing: /Users/jake/dev/jsavin/Frontier/third_party/cmake-src/../cmake-install/share/cmake-3.29/Modules/Platform/WindowsPhone-GNU-C.cmake
-- Installing: /Users/jake/dev/jsavin/Frontier/third_party/cmake-src/../cmake-install/share/cmake-3.29/Modules/Platform/AIX-GNU-Fortran.cmake
-- Installing: /Users/jake/dev/jsavin/Frontier/third_party/cmake-src/../cmake-install/share/cmake-3.29/Modules/Platform/Apple-AppleClang-ASM.cmake
-- Installing: /Users/jake/dev/jsavin/Frontier/third_party/cmake-src/../cmake-install/share/cmake-3.29/Modules/Platform/Linux-IntelLLVM.cmake
-- Installing: /Users/jake/dev/jsavin/Frontier/third_party/cmake-src/../cmake-install/share/cmake-3.29/Modules/Platform/MSYS-GNU-CXX.cmake
-- Installing: /Users/jake/dev/jsavin/Frontier/third_party/cmake-src/../cmake-install/share/cmake-3.29/Modules/Platform/Windows-Clang.cmake
-- Installing: /Users/jake/dev/jsavin/Frontier/third_party/cmake-src/../cmake-install/share/cmake-3.29/Modules/Platform/SerenityOS-Initialize.cmake
-- Installing: /Users/jake/dev/jsavin/Frontier/third_party/cmake-src/../cmake-install/share/cmake-3.29/Modules/Platform/MSYS-Clang-C.cmake
-- Installing: /Users/jake/dev/jsavin/Frontier/third_party/cmake-src/../cmake-install/share/cmake-3.29/Modules/Platform/CYGWIN-Determine-CXX.cmake
-- Installing: /Users/jake/dev/jsavin/Frontier/third_party/cmake-src/../cmake-install/share/cmake-3.29/Modules/Platform/Windows-OrangeC-C.cmake
-- Installing: /Users/jake/dev/jsavin/Frontier/third_party/cmake-src/../cmake-install/share/cmake-3.29/Modules/Platform/visionOS-Initialize.cmake
-- Installing: /Users/jake/dev/jsavin/Frontier/third_party/cmake-src/../cmake-install/share/cmake-3.29/Modules/Platform/AIX-XL-Fortran.cmake
-- Installing: /Users/jake/dev/jsavin/Frontier/third_party/cmake-src/../cmake-install/share/cmake-3.29/Modules/Platform/Generic-ELF.cmake
-- Installing: /Users/jake/dev/jsavin/Frontier/third_party/cmake-src/../cmake-install/share/cmake-3.29/Modules/Platform/Linux-LLVMFlang-Fortran.cmake
-- Installing: /Users/jake/dev/jsavin/Frontier/third_party/cmake-src/../cmake-install/share/cmake-3.29/Modules/Platform/Android-Determine-C.cmake
-- Installing: /Users/jake/dev/jsavin/Frontier/third_party/cmake-src/../cmake-install/share/cmake-3.29/Modules/Platform/Apple-Clang.cmake
-- Installing: /Users/jake/dev/jsavin/Frontier/third_party/cmake-src/../cmake-install/share/cmake-3.29/Modules/Platform/Android-Initialize.cmake
-- Installing: /Users/jake/dev/jsavin/Frontier/third_party/cmake-src/../cmake-install/share/cmake-3.29/Modules/Platform/ADSP-Common.cmake
-- Installing: /Users/jake/dev/jsavin/Frontier/third_party/cmake-src/../cmake-install/share/cmake-3.29/Modules/Platform/Windows-GNU-OBJC-ABI.cmake
-- Installing: /Users/jake/dev/jsavin/Frontier/third_party/cmake-src/../cmake-install/share/cmake-3.29/Modules/Platform/OS2-OpenWatcom-CXX.cmake
-- Installing: /Users/jake/dev/jsavin/Frontier/third_party/cmake-src/../cmake-install/share/cmake-3.29/Modules/Platform/Windows-OrangeC-CXX.cmake
-- Installing: /Users/jake/dev/jsavin/Frontier/third_party/cmake-src/../cmake-install/share/cmake-3.29/Modules/Platform/BlueGeneP-dynamic-XL-CXX.cmake
-- Installing: /Users/jake/dev/jsavin/Frontier/third_party/cmake-src/../cmake-install/share/cmake-3.29/Modules/Platform/Android-Common.cmake
-- Installing: /Users/jake/dev/jsavin/Frontier/third_party/cmake-src/../cmake-install/share/cmake-3.29/Modules/Platform/Windows3x-OpenWatcom-CXX.cmake
-- Installing: /Users/jake/dev/jsavin/Frontier/third_party/cmake-src/../cmake-install/share/cmake-3.29/Modules/Platform/AIX-GNU-ASM.cmake
-- Installing: /Users/jake/dev/jsavin/Frontier/third_party/cmake-src/../cmake-install/share/cmake-3.29/Modules/Platform/BlueGeneP-static-Initialize.cmake
-- Installing: /Users/jake/dev/jsavin/Frontier/third_party/cmake-src/../cmake-install/share/cmake-3.29/Modules/Platform/Fuchsia.cmake
-- Installing: /Users/jake/dev/jsavin/Frontier/third_party/cmake-src/../cmake-install/share/cmake-3.29/Modules/Platform/visionOS.cmake
-- Installing: /Users/jake/dev/jsavin/Frontier/third_party/cmake-src/../cmake-install/share/cmake-3.29/Modules/Platform/ULTRIX-Initialize.cmake
-- Installing: /Users/jake/dev/jsavin/Frontier/third_party/cmake-src/../cmake-install/share/cmake-3.29/Modules/Platform/syllable-Initialize.cmake
-- Installing: /Users/jake/dev/jsavin/Frontier/third_party/cmake-src/../cmake-install/share/cmake-3.29/Modules/Platform/Generic.cmake
-- Installing: /Users/jake/dev/jsavin/Frontier/third_party/cmake-src/../cmake-install/share/cmake-3.29/Modules/Platform/BlueGeneQ-base.cmake
-- Installing: /Users/jake/dev/jsavin/Frontier/third_party/cmake-src/../cmake-install/share/cmake-3.29/Modules/Platform/Windows-GNU-OBJC.cmake
-- Installing: /Users/jake/dev/jsavin/Frontier/third_party/cmake-src/../cmake-install/share/cmake-3.29/Modules/Platform/WindowsCE-Initialize.cmake
-- Installing: /Users/jake/dev/jsavin/Frontier/third_party/cmake-src/../cmake-install/share/cmake-3.29/Modules/Platform/WindowsStore-Clang-C.cmake
-- Installing: /Users/jake/dev/jsavin/Frontier/third_party/cmake-src/../cmake-install/share/cmake-3.29/Modules/Platform/DragonFly.cmake
-- Installing: /Users/jake/dev/jsavin/Frontier/third_party/cmake-src/../cmake-install/share/cmake-3.29/Modules/Platform/AIX-IBMClang-CXX.cmake
-- Installing: /Users/jake/dev/jsavin/Frontier/third_party/cmake-src/../cmake-install/share/cmake-3.29/Modules/Platform/Windows-Clang-OBJCXX.cmake
-- Installing: /Users/jake/dev/jsavin/Frontier/third_party/cmake-src/../cmake-install/share/cmake-3.29/Modules/Platform/SCO_SV-Initialize.cmake
-- Installing: /Users/jake/dev/jsavin/Frontier/third_party/cmake-src/../cmake-install/share/cmake-3.29/Modules/Platform/AIX-XLClang-C.cmake
-- Installing: /Users/jake/dev/jsavin/Frontier/third_party/cmake-src/../cmake-install/share/cmake-3.29/Modules/Platform/HP-UX-GNU-CXX.cmake
-- Installing: /Users/jake/dev/jsavin/Frontier/third_party/cmake-src/../cmake-install/share/cmake-3.29/Modules/Platform/SunOS-GNU-C.cmake
-- Installing: /Users/jake/dev/jsavin/Frontier/third_party/cmake-src/../cmake-install/share/cmake-3.29/Modules/Platform/Darwin.cmake
-- Installing: /Users/jake/dev/jsavin/Frontier/third_party/cmake-src/../cmake-install/share/cmake-3.29/Modules/Platform/Linux-PGI-C.cmake
-- Installing: /Users/jake/dev/jsavin/Frontier/third_party/cmake-src/../cmake-install/share/cmake-3.29/Modules/Platform/Apple-GNU-C.cmake
-- Installing: /Users/jake/dev/jsavin/Frontier/third_party/cmake-src/../cmake-install/share/cmake-3.29/Modules/Platform/BSDOS-Initialize.cmake
-- Installing: /Users/jake/dev/jsavin/Frontier/third_party/cmake-src/../cmake-install/share/cmake-3.29/Modules/Platform/MSYS-GNU-Fortran.cmake
-- Installing: /Users/jake/dev/jsavin/Frontier/third_party/cmake-src/../cmake-install/share/cmake-3.29/Modules/Platform/Android-Determine.cmake
-- Installing: /Users/jake/dev/jsavin/Frontier/third_party/cmake-src/../cmake-install/share/cmake-3.29/Modules/Platform/Apple-AppleClang-OBJC.cmake
-- Installing: /Users/jake/dev/jsavin/Frontier/third_party/cmake-src/../cmake-install/share/cmake-3.29/Modules/Platform/WindowsPhone-Clang-CXX.cmake
-- Installing: /Users/jake/dev/jsavin/Frontier/third_party/cmake-src/../cmake-install/share/cmake-3.29/Modules/Platform/Linux-Determine-CXX.cmake
-- Installing: /Users/jake/dev/jsavin/Frontier/third_party/cmake-src/../cmake-install/share/cmake-3.29/Modules/Platform/AIX-IBMClang-C.cmake
-- Installing: /Users/jake/dev/jsavin/Frontier/third_party/cmake-src/../cmake-install/share/cmake-3.29/Modules/Platform/SunOS-PathScale-CXX.cmake
-- Installing: /Users/jake/dev/jsavin/Frontier/third_party/cmake-src/../cmake-install/share/cmake-3.29/Modules/Platform/Apple-Clang-OBJCXX.cmake
-- Installing: /Users/jake/dev/jsavin/Frontier/third_party/cmake-src/../cmake-install/share/cmake-3.29/Modules/Platform/visionOS-Determine-CXX.cmake
-- Installing: /Users/jake/dev/jsavin/Frontier/third_party/cmake-src/../cmake-install/share/cmake-3.29/Modules/Platform/OpenBSD.cmake
-- Installing: /Users/jake/dev/jsavin/Frontier/third_party/cmake-src/../cmake-install/share/cmake-3.29/Modules/Platform/CYGWIN-GNU.cmake
-- Installing: /Users/jake/dev/jsavin/Frontier/third_party/cmake-src/../cmake-install/share/cmake-3.29/Modules/Platform/Windows-MSVC.cmake
-- Installing: /Users/jake/dev/jsavin/Frontier/third_party/cmake-src/../cmake-install/share/cmake-3.29/Modules/Platform/WindowsStore-GNU-CXX.cmake
-- Installing: /Users/jake/dev/jsavin/Frontier/third_party/cmake-src/../cmake-install/share/cmake-3.29/Modules/Platform/AIX-Initialize.cmake
-- Installing: /Users/jake/dev/jsavin/Frontier/third_party/cmake-src/../cmake-install/share/cmake-3.29/Modules/Platform/Linux-VisualAge-Fortran.cmake
-- Installing: /Users/jake/dev/jsavin/Frontier/third_party/cmake-src/../cmake-install/share/cmake-3.29/Modules/Platform/Windows-GNU-C.cmake
-- Installing: /Users/jake/dev/jsavin/Frontier/third_party/cmake-src/../cmake-install/share/cmake-3.29/Modules/Platform/Linux-Clang-C.cmake
-- Installing: /Users/jake/dev/jsavin/Frontier/third_party/cmake-src/../cmake-install/share/cmake-3.29/Modules/Platform/Linux-NAG-Fortran.cmake
-- Installing: /Users/jake/dev/jsavin/Frontier/third_party/cmake-src/../cmake-install/share/cmake-3.29/Modules/Platform/Linux-Fujitsu.cmake
-- Installing: /Users/jake/dev/jsavin/Frontier/third_party/cmake-src/../cmake-install/share/cmake-3.29/Modules/Platform/Catamount-Initialize.cmake
-- Installing: /Users/jake/dev/jsavin/Frontier/third_party/cmake-src/../cmake-install/share/cmake-3.29/Modules/Platform/WindowsPhone-GNU-ASM.cmake
-- Installing: /Users/jake/dev/jsavin/Frontier/third_party/cmake-src/../cmake-install/share/cmake-3.29/Modules/Platform/Windows-GNU-Fortran.cmake
-- Installing: /Users/jake/dev/jsavin/Frontier/third_party/cmake-src/../cmake-install/share/cmake-3.29/Modules/Platform/WindowsCE-MSVC-C.cmake
-- Installing: /Users/jake/dev/jsavin/Frontier/third_party/cmake-src/../cmake-install/share/cmake-3.29/Modules/Platform/MSYS.cmake
-- Installing: /Users/jake/dev/jsavin/Frontier/third_party/cmake-src/../cmake-install/share/cmake-3.29/Modules/Platform/Apple-GNU-Fortran.cmake
-- Installing: /Users/jake/dev/jsavin/Frontier/third_party/cmake-src/../cmake-install/share/cmake-3.29/Modules/Platform/BlueGeneQ-dynamic-GNU-CXX.cmake
-- Installing: /Users/jake/dev/jsavin/Frontier/third_party/cmake-src/../cmake-install/share/cmake-3.29/Modules/Platform/ADSP.cmake
-- Installing: /Users/jake/dev/jsavin/Frontier/third_party/cmake-src/../cmake-install/share/cmake-3.29/Modules/Platform/Apple-IntelLLVM-CXX.cmake
-- Installing: /Users/jake/dev/jsavin/Frontier/third_party/cmake-src/../cmake-install/share/cmake-3.29/Modules/Platform/CYGWIN-GNU-CXX.cmake
-- Installing: /Users/jake/dev/jsavin/Frontier/third_party/cmake-src/../cmake-install/share/cmake-3.29/Modules/Platform/Android-Clang-ASM.cmake
-- Installing: /Users/jake/dev/jsavin/Frontier/third_party/cmake-src/../cmake-install/share/cmake-3.29/Modules/Platform/BlueGeneP-static-XL-Fortran.cmake
-- Installing: /Users/jake/dev/jsavin/Frontier/third_party/cmake-src/../cmake-install/share/cmake-3.29/Modules/Platform/Euros.cmake
-- Installing: /Users/jake/dev/jsavin/Frontier/third_party/cmake-src/../cmake-install/share/cmake-3.29/Modules/Platform/Windows-IntelLLVM-CXX.cmake
-- Installing: /Users/jake/dev/jsavin/Frontier/third_party/cmake-src/../cmake-install/share/cmake-3.29/Modules/Platform/CYGWIN-Clang-C.cmake
-- Installing: /Users/jake/dev/jsavin/Frontier/third_party/cmake-src/../cmake-install/share/cmake-3.29/Modules/Platform/Windows-Initialize.cmake
-- Installing: /Users/jake/dev/jsavin/Frontier/third_party/cmake-src/../cmake-install/share/cmake-3.29/Modules/Platform/Linux-LCC-CXX.cmake
-- Installing: /Users/jake/dev/jsavin/Frontier/third_party/cmake-src/../cmake-install/share/cmake-3.29/Modules/Platform/Linux-Clang-CUDA.cmake
-- Installing: /Users/jake/dev/jsavin/Frontier/third_party/cmake-src/../cmake-install/share/cmake-3.29/Modules/Platform/CYGWIN-Clang-CXX.cmake
-- Installing: /Users/jake/dev/jsavin/Frontier/third_party/cmake-src/../cmake-install/share/cmake-3.29/Modules/Platform/WindowsCE-MSVC-CXX.cmake
-- Installing: /Users/jake/dev/jsavin/Frontier/third_party/cmake-src/../cmake-install/share/cmake-3.29/Modules/Platform/Generic-ADSP-ASM.cmake
-- Installing: /Users/jake/dev/jsavin/Frontier/third_party/cmake-src/../cmake-install/share/cmake-3.29/Modules/Platform/Linux-SunPro-CXX.cmake
-- Installing: /Users/jake/dev/jsavin/Frontier/third_party/cmake-src/../cmake-install/share/cmake-3.29/Modules/Platform/Linux-GNU-CXX.cmake
-- Installing: /Users/jake/dev/jsavin/Frontier/third_party/cmake-src/../cmake-install/share/cmake-3.29/Modules/Platform/Linux-LCC-C.cmake
-- Installing: /Users/jake/dev/jsavin/Frontier/third_party/cmake-src/../cmake-install/share/cmake-3.29/Modules/Platform/BeOS-Initialize.cmake
-- Installing: /Users/jake/dev/jsavin/Frontier/third_party/cmake-src/../cmake-install/share/cmake-3.29/Modules/Platform/Windows-Borland-CXX.cmake
-- Installing: /Users/jake/dev/jsavin/Frontier/third_party/cmake-src/../cmake-install/share/cmake-3.29/Modules/Platform/SCO_SV.cmake
-- Installing: /Users/jake/dev/jsavin/Frontier/third_party/cmake-src/../cmake-install/share/cmake-3.29/Modules/Platform/ADSP-Determine.cmake
-- Installing: /Users/jake/dev/jsavin/Frontier/third_party/cmake-src/../cmake-install/share/cmake-3.29/Modules/Platform/Windows-Clang-CXX.cmake
-- Installing: /Users/jake/dev/jsavin/Frontier/third_party/cmake-src/../cmake-install/share/cmake-3.29/Modules/Platform/BlueGeneP-dynamic-GNU-C.cmake
-- Installing: /Users/jake/dev/jsavin/Frontier/third_party/cmake-src/../cmake-install/share/cmake-3.29/Modules/Platform/Windows-PGI-C.cmake
-- Installing: /Users/jake/dev/jsavin/Frontier/third_party/cmake-src/../cmake-install/share/cmake-3.29/Modules/Platform/WindowsCE.cmake
-- Installing: /Users/jake/dev/jsavin/Frontier/third_party/cmake-src/../cmake-install/share/cmake-3.29/Modules/Platform/Linux-VisualAge-C.cmake
-- Installing: /Users/jake/dev/jsavin/Frontier/third_party/cmake-src/../cmake-install/share/cmake-3.29/Modules/Platform/iOS-Initialize.cmake
-- Installing: /Users/jake/dev/jsavin/Frontier/third_party/cmake-src/../cmake-install/share/cmake-3.29/Modules/Platform/MSYS-windres.cmake
-- Installing: /Users/jake/dev/jsavin/Frontier/third_party/cmake-src/../cmake-install/share/cmake-3.29/Modules/Platform/Windows-Intel-Fortran.cmake
-- Installing: /Users/jake/dev/jsavin/Frontier/third_party/cmake-src/../cmake-install/share/cmake-3.29/Modules/Platform/SunOS-PathScale-C.cmake
-- Installing: /Users/jake/dev/jsavin/Frontier/third_party/cmake-src/../cmake-install/share/cmake-3.29/Modules/Platform/DOS-Initialize.cmake
-- Installing: /Users/jake/dev/jsavin/Frontier/third_party/cmake-src/../cmake-install/share/cmake-3.29/Modules/Platform/BlueGeneQ-dynamic-GNU-C.cmake
-- Installing: /Users/jake/dev/jsavin/Frontier/third_party/cmake-src/../cmake-install/share/cmake-3.29/Modules/Platform/Android
-- Installing: /Users/jake/dev/jsavin/Frontier/third_party/cmake-src/../cmake-install/share/cmake-3.29/Modules/Platform/Android/ndk-stl-none.cmake
-- Installing: /Users/jake/dev/jsavin/Frontier/third_party/cmake-src/../cmake-install/share/cmake-3.29/Modules/Platform/Android/abi-armeabi-Clang.cmake
-- Installing: /Users/jake/dev/jsavin/Frontier/third_party/cmake-src/../cmake-install/share/cmake-3.29/Modules/Platform/Android/abi-mips-GNU.cmake
-- Installing: /Users/jake/dev/jsavin/Frontier/third_party/cmake-src/../cmake-install/share/cmake-3.29/Modules/Platform/Android/abi-x86_64-GNU.cmake
-- Installing: /Users/jake/dev/jsavin/Frontier/third_party/cmake-src/../cmake-install/share/cmake-3.29/Modules/Platform/Android/Determine-Compiler-Standalone.cmake
-- Installing: /Users/jake/dev/jsavin/Frontier/third_party/cmake-src/../cmake-install/share/cmake-3.29/Modules/Platform/Android/ndk-stl-gabi++.cmake
-- Installing: /Users/jake/dev/jsavin/Frontier/third_party/cmake-src/../cmake-install/share/cmake-3.29/Modules/Platform/Android/ndk-stl-gabi++_shared.cmake
-- Installing: /Users/jake/dev/jsavin/Frontier/third_party/cmake-src/../cmake-install/share/cmake-3.29/Modules/Platform/Android/abi-armeabi-v7a-Clang.cmake
-- Installing: /Users/jake/dev/jsavin/Frontier/third_party/cmake-src/../cmake-install/share/cmake-3.29/Modules/Platform/Android/abi-armeabi-v6-GNU.cmake
-- Installing: /Users/jake/dev/jsavin/Frontier/third_party/cmake-src/../cmake-install/share/cmake-3.29/Modules/Platform/Android/abi-common.cmake
-- Installing: /Users/jake/dev/jsavin/Frontier/third_party/cmake-src/../cmake-install/share/cmake-3.29/Modules/Platform/Android/abi-common-GNU.cmake
-- Installing: /Users/jake/dev/jsavin/Frontier/third_party/cmake-src/../cmake-install/share/cmake-3.29/Modules/Platform/Android/abi-x86_64-Clang.cmake
-- Installing: /Users/jake/dev/jsavin/Frontier/third_party/cmake-src/../cmake-install/share/cmake-3.29/Modules/Platform/Android/ndk-stl-gabi++_static.cmake
-- Installing: /Users/jake/dev/jsavin/Frontier/third_party/cmake-src/../cmake-install/share/cmake-3.29/Modules/Platform/Android/ndk-stl-gnustl.cmake
-- Installing: /Users/jake/dev/jsavin/Frontier/third_party/cmake-src/../cmake-install/share/cmake-3.29/Modules/Platform/Android/abi-armeabi-v6-Clang.cmake
-- Installing: /Users/jake/dev/jsavin/Frontier/third_party/cmake-src/../cmake-install/share/cmake-3.29/Modules/Platform/Android/abi-x86-GNU.cmake
-- Installing: /Users/jake/dev/jsavin/Frontier/third_party/cmake-src/../cmake-install/share/cmake-3.29/Modules/Platform/Android/VCXProjInspect.vcxproj.in
-- Installing: /Users/jake/dev/jsavin/Frontier/third_party/cmake-src/../cmake-install/share/cmake-3.29/Modules/Platform/Android/abi-arm64-v8a-Clang.cmake
-- Installing: /Users/jake/dev/jsavin/Frontier/third_party/cmake-src/../cmake-install/share/cmake-3.29/Modules/Platform/Android/abi-armeabi-v7a-GNU.cmake
-- Installing: /Users/jake/dev/jsavin/Frontier/third_party/cmake-src/../cmake-install/share/cmake-3.29/Modules/Platform/Android/ndk-stl-c++_shared.cmake
-- Installing: /Users/jake/dev/jsavin/Frontier/third_party/cmake-src/../cmake-install/share/cmake-3.29/Modules/Platform/Android/abi-arm64-v8a-GNU.cmake
-- Installing: /Users/jake/dev/jsavin/Frontier/third_party/cmake-src/../cmake-install/share/cmake-3.29/Modules/Platform/Android/ndk-stl-stlport_shared.cmake
-- Installing: /Users/jake/dev/jsavin/Frontier/third_party/cmake-src/../cmake-install/share/cmake-3.29/Modules/Platform/Android/Determine-Compiler-NDK.cmake
-- Installing: /Users/jake/dev/jsavin/Frontier/third_party/cmake-src/../cmake-install/share/cmake-3.29/Modules/Platform/Android/abi-mips64-Clang.cmake
-- Installing: /Users/jake/dev/jsavin/Frontier/third_party/cmake-src/../cmake-install/share/cmake-3.29/Modules/Platform/Android/Determine-Compiler.cmake
-- Installing: /Users/jake/dev/jsavin/Frontier/third_party/cmake-src/../cmake-install/share/cmake-3.29/Modules/Platform/Android/ndk-stl-gnustl_static.cmake
-- Installing: /Users/jake/dev/jsavin/Frontier/third_party/cmake-src/../cmake-install/share/cmake-3.29/Modules/Platform/Android/abi-mips-Clang.cmake
-- Installing: /Users/jake/dev/jsavin/Frontier/third_party/cmake-src/../cmake-install/share/cmake-3.29/Modules/Platform/Android/abi-x86-Clang.cmake
-- Installing: /Users/jake/dev/jsavin/Frontier/third_party/cmake-src/../cmake-install/share/cmake-3.29/Modules/Platform/Android/ndk-stl-stlport.cmake
-- Installing: /Users/jake/dev/jsavin/Frontier/third_party/cmake-src/../cmake-install/share/cmake-3.29/Modules/Platform/Android/abi-mips64-GNU.cmake
-- Installing: /Users/jake/dev/jsavin/Frontier/third_party/cmake-src/../cmake-install/share/cmake-3.29/Modules/Platform/Android/abi-common-Clang.cmake
-- Installing: /Users/jake/dev/jsavin/Frontier/third_party/cmake-src/../cmake-install/share/cmake-3.29/Modules/Platform/Android/ndk-stl-gnustl_shared.cmake
-- Installing: /Users/jake/dev/jsavin/Frontier/third_party/cmake-src/../cmake-install/share/cmake-3.29/Modules/Platform/Android/ndk-stl-system.cmake
-- Installing: /Users/jake/dev/jsavin/Frontier/third_party/cmake-src/../cmake-install/share/cmake-3.29/Modules/Platform/Android/ndk-stl-c++_static.cmake
-- Installing: /Users/jake/dev/jsavin/Frontier/third_party/cmake-src/../cmake-install/share/cmake-3.29/Modules/Platform/Android/abi-armeabi-GNU.cmake
-- Installing: /Users/jake/dev/jsavin/Frontier/third_party/cmake-src/../cmake-install/share/cmake-3.29/Modules/Platform/Android/ndk-stl-c++.cmake
-- Installing: /Users/jake/dev/jsavin/Frontier/third_party/cmake-src/../cmake-install/share/cmake-3.29/Modules/Platform/Android/ndk-stl-stlport_static.cmake
-- Installing: /Users/jake/dev/jsavin/Frontier/third_party/cmake-src/../cmake-install/share/cmake-3.29/Modules/Platform/Apple-Intel-Fortran.cmake
-- Installing: /Users/jake/dev/jsavin/Frontier/third_party/cmake-src/../cmake-install/share/cmake-3.29/Modules/Platform/Apple-Apple-Swift.cmake
-- Installing: /Users/jake/dev/jsavin/Frontier/third_party/cmake-src/../cmake-install/share/cmake-3.29/Modules/Platform/Windows-df.cmake
-- Installing: /Users/jake/dev/jsavin/Frontier/third_party/cmake-src/../cmake-install/share/cmake-3.29/Modules/Platform/AIX-VisualAge-CXX.cmake
-- Installing: /Users/jake/dev/jsavin/Frontier/third_party/cmake-src/../cmake-install/share/cmake-3.29/Modules/Platform/CYGWIN-GNU-Fortran.cmake
-- Installing: /Users/jake/dev/jsavin/Frontier/third_party/cmake-src/../cmake-install/share/cmake-3.29/Modules/Platform/HP-UX-HP-CXX.cmake
-- Installing: /Users/jake/dev/jsavin/Frontier/third_party/cmake-src/../cmake-install/share/cmake-3.29/Modules/Platform/Windows3x.cmake
-- Installing: /Users/jake/dev/jsavin/Frontier/third_party/cmake-src/../cmake-install/share/cmake-3.29/Modules/Platform/syllable.cmake
-- Installing: /Users/jake/dev/jsavin/Frontier/third_party/cmake-src/../cmake-install/share/cmake-3.29/Modules/Platform/SunOS-GNU-Fortran.cmake
-- Installing: /Users/jake/dev/jsavin/Frontier/third_party/cmake-src/../cmake-install/share/cmake-3.29/Modules/Platform/GNUtoMS_lib.cmake
-- Installing: /Users/jake/dev/jsavin/Frontier/third_party/cmake-src/../cmake-install/share/cmake-3.29/Modules/Platform/Windows-Intel-CXX.cmake
-- Installing: /Users/jake/dev/jsavin/Frontier/third_party/cmake-src/../cmake-install/share/cmake-3.29/Modules/Platform/BlueGeneQ-dynamic-Initialize.cmake
-- Installing: /Users/jake/dev/jsavin/Frontier/third_party/cmake-src/../cmake-install/share/cmake-3.29/Modules/Platform/Windows-Apple-Swift.cmake
-- Installing: /Users/jake/dev/jsavin/Frontier/third_party/cmake-src/../cmake-install/share/cmake-3.29/Modules/Platform/Apple-AppleClang-OBJCXX.cmake
-- Installing: /Users/jake/dev/jsavin/Frontier/third_party/cmake-src/../cmake-install/share/cmake-3.29/Modules/Platform/AIX-GNU.cmake
-- Installing: /Users/jake/dev/jsavin/Frontier/third_party/cmake-src/../cmake-install/share/cmake-3.29/Modules/Platform/Android-Clang.cmake
-- Installing: /Users/jake/dev/jsavin/Frontier/third_party/cmake-src/../cmake-install/share/cmake-3.29/Modules/Platform/Linux-LCC.cmake
-- Installing: /Users/jake/dev/jsavin/Frontier/third_party/cmake-src/../cmake-install/share/cmake-3.29/Modules/Platform/Android-GNU.cmake
-- Installing: /Users/jake/dev/jsavin/Frontier/third_party/cmake-src/../cmake-install/share/cmake-3.29/Modules/Platform/Linux-IntelLLVM-C.cmake
-- Installing: /Users/jake/dev/jsavin/Frontier/third_party/cmake-src/../cmake-install/share/cmake-3.29/Modules/Platform/SerenityOS-GNU-ASM.cmake
-- Installing: /Users/jake/dev/jsavin/Frontier/third_party/cmake-src/../cmake-install/share/cmake-3.29/Modules/Platform/UNIX_SV-Initialize.cmake
-- Installing: /Users/jake/dev/jsavin/Frontier/third_party/cmake-src/../cmake-install/share/cmake-3.29/Modules/Platform/Apple-IntelLLVM.cmake
-- Installing: /Users/jake/dev/jsavin/Frontier/third_party/cmake-src/../cmake-install/share/cmake-3.29/Modules/Platform/Apple-Clang-ASM.cmake
-- Installing: /Users/jake/dev/jsavin/Frontier/third_party/cmake-src/../cmake-install/share/cmake-3.29/Modules/Platform/Windows-PGI.cmake
-- Installing: /Users/jake/dev/jsavin/Frontier/third_party/cmake-src/../cmake-install/share/cmake-3.29/Modules/Platform/Apple-GNU.cmake
-- Installing: /Users/jake/dev/jsavin/Frontier/third_party/cmake-src/../cmake-install/share/cmake-3.29/Modules/Platform/Linux-OpenWatcom.cmake
-- Installing: /Users/jake/dev/jsavin/Frontier/third_party/cmake-src/../cmake-install/share/cmake-3.29/Modules/Platform/BlueGeneP-static-XL-CXX.cmake
-- Installing: /Users/jake/dev/jsavin/Frontier/third_party/cmake-src/../cmake-install/share/cmake-3.29/Modules/Platform/BlueGeneP-static-GNU-C.cmake
-- Installing: /Users/jake/dev/jsavin/Frontier/third_party/cmake-src/../cmake-install/share/cmake-3.29/Modules/Platform/OpenBSD-Initialize.cmake
-- Installing: /Users/jake/dev/jsavin/Frontier/third_party/cmake-src/../cmake-install/share/cmake-3.29/Modules/Platform/DragonFly-Initialize.cmake
-- Installing: /Users/jake/dev/jsavin/Frontier/third_party/cmake-src/../cmake-install/share/cmake-3.29/Modules/Platform/Windows-MSVC-CXX.cmake
-- Installing: /Users/jake/dev/jsavin/Frontier/third_party/cmake-src/../cmake-install/share/cmake-3.29/Modules/Platform/Apple-VisualAge-CXX.cmake
-- Installing: /Users/jake/dev/jsavin/Frontier/third_party/cmake-src/../cmake-install/share/cmake-3.29/Modules/Platform/Generic-SDCC-C.cmake
-- Installing: /Users/jake/dev/jsavin/Frontier/third_party/cmake-src/../cmake-install/share/cmake-3.29/Modules/Platform/RISCos-Initialize.cmake
-- Installing: /Users/jake/dev/jsavin/Frontier/third_party/cmake-src/../cmake-install/share/cmake-3.29/Modules/Platform/BlueGeneQ-static-XL-CXX.cmake
-- Installing: /Users/jake/dev/jsavin/Frontier/third_party/cmake-src/../cmake-install/share/cmake-3.29/Modules/Platform/Linux-GNU-C.cmake
-- Installing: /Users/jake/dev/jsavin/Frontier/third_party/cmake-src/../cmake-install/share/cmake-3.29/Modules/Platform/Apple-PGI-C.cmake
-- Installing: /Users/jake/dev/jsavin/Frontier/third_party/cmake-src/../cmake-install/share/cmake-3.29/Modules/Platform/BlueGeneQ-dynamic-XL-C.cmake
-- Installing: /Users/jake/dev/jsavin/Frontier/third_party/cmake-src/../cmake-install/share/cmake-3.29/Modules/Platform/SerenityOS-GNU.cmake
-- Installing: /Users/jake/dev/jsavin/Frontier/third_party/cmake-src/../cmake-install/share/cmake-3.29/Modules/Platform/Fuchsia-Initialize.cmake
-- Installing: /Users/jake/dev/jsavin/Frontier/third_party/cmake-src/../cmake-install/share/cmake-3.29/Modules/Platform/Windows-Embarcadero-C.cmake
-- Installing: /Users/jake/dev/jsavin/Frontier/third_party/cmake-src/../cmake-install/share/cmake-3.29/Modules/Platform/Apple-GNU-OBJCXX.cmake
-- Installing: /Users/jake/dev/jsavin/Frontier/third_party/cmake-src/../cmake-install/share/cmake-3.29/Modules/Platform/FreeBSD.cmake
-- Installing: /Users/jake/dev/jsavin/Frontier/third_party/cmake-src/../cmake-install/share/cmake-3.29/Modules/Platform/UnixWare.cmake
-- Installing: /Users/jake/dev/jsavin/Frontier/third_party/cmake-src/../cmake-install/share/cmake-3.29/Modules/Platform/OS2-OpenWatcom.cmake
-- Installing: /Users/jake/dev/jsavin/Frontier/third_party/cmake-src/../cmake-install/share/cmake-3.29/Modules/Platform/Linux-IntelLLVM-Fortran.cmake
-- Installing: /Users/jake/dev/jsavin/Frontier/third_party/cmake-src/../cmake-install/share/cmake-3.29/Modules/Platform/Generic-ADSP-Common.cmake
-- Installing: /Users/jake/dev/jsavin/Frontier/third_party/cmake-src/../cmake-install/share/cmake-3.29/Modules/Platform/OSF1-Initialize.cmake
-- Installing: /Users/jake/dev/jsavin/Frontier/third_party/cmake-src/../cmake-install/share/cmake-3.29/Modules/Platform/FreeBSD-Determine-CXX.cmake
-- Installing: /Users/jake/dev/jsavin/Frontier/third_party/cmake-src/../cmake-install/share/cmake-3.29/Modules/Platform/BlueGeneQ-static-XL-C.cmake
-- Installing: /Users/jake/dev/jsavin/Frontier/third_party/cmake-src/../cmake-install/share/cmake-3.29/Modules/Platform/Windows-MSVC-C.cmake
-- Installing: /Users/jake/dev/jsavin/Frontier/third_party/cmake-src/../cmake-install/share/cmake-3.29/Modules/Platform/BlueGeneP-dynamic-Initialize.cmake
-- Installing: /Users/jake/dev/jsavin/Frontier/third_party/cmake-src/../cmake-install/share/cmake-3.29/Modules/Platform/SerenityOS-GNU-C.cmake
-- Installing: /Users/jake/dev/jsavin/Frontier/third_party/cmake-src/../cmake-install/share/cmake-3.29/Modules/Platform/Windows-windres.cmake
-- Installing: /Users/jake/dev/jsavin/Frontier/third_party/cmake-src/../cmake-install/share/cmake-3.29/Modules/Platform/Linux-OpenWatcom-CXX.cmake
-- Installing: /Users/jake/dev/jsavin/Frontier/third_party/cmake-src/../cmake-install/share/cmake-3.29/Modules/Platform/Linux-Intel.cmake
-- Installing: /Users/jake/dev/jsavin/Frontier/third_party/cmake-src/../cmake-install/share/cmake-3.29/Modules/Platform/NetBSD-Initialize.cmake
-- Installing: /Users/jake/dev/jsavin/Frontier/third_party/cmake-src/../cmake-install/share/cmake-3.29/Modules/Platform/Linux-NVHPC.cmake
-- Installing: /Users/jake/dev/jsavin/Frontier/third_party/cmake-src/../cmake-install/share/cmake-3.29/Modules/Platform/HP-UX-GNU-C.cmake
-- Installing: /Users/jake/dev/jsavin/Frontier/third_party/cmake-src/../cmake-install/share/cmake-3.29/Modules/Platform/BSDOS.cmake
-- Installing: /Users/jake/dev/jsavin/Frontier/third_party/cmake-src/../cmake-install/share/cmake-3.29/Modules/Platform/Linux-VisualAge-CXX.cmake
-- Installing: /Users/jake/dev/jsavin/Frontier/third_party/cmake-src/../cmake-install/share/cmake-3.29/Modules/Platform/BlueGeneQ-static-Initialize.cmake
-- Installing: /Users/jake/dev/jsavin/Frontier/third_party/cmake-src/../cmake-install/share/cmake-3.29/Modules/Platform/HP-UX-GNU-ASM.cmake
-- Installing: /Users/jake/dev/jsavin/Frontier/third_party/cmake-src/../cmake-install/share/cmake-3.29/Modules/Platform/Apple-IntelLLVM-C.cmake
-- Installing: /Users/jake/dev/jsavin/Frontier/third_party/cmake-src/../cmake-install/share/cmake-3.29/Modules/Platform/Linux-PathScale.cmake
-- Installing: /Users/jake/dev/jsavin/Frontier/third_party/cmake-src/../cmake-install/share/cmake-3.29/Modules/Platform/NetBSD.cmake
-- Installing: /Users/jake/dev/jsavin/Frontier/third_party/cmake-src/../cmake-install/share/cmake-3.29/Modules/Platform/OSF1.cmake
-- Installing: /Users/jake/dev/jsavin/Frontier/third_party/cmake-src/../cmake-install/share/cmake-3.29/Modules/Platform/Windows-OpenWatcom-C.cmake
-- Installing: /Users/jake/dev/jsavin/Frontier/third_party/cmake-src/../cmake-install/share/cmake-3.29/Modules/Platform/WindowsPhone-Clang-ASM.cmake
-- Installing: /Users/jake/dev/jsavin/Frontier/third_party/cmake-src/../cmake-install/share/cmake-3.29/Modules/Platform/Apple-GNU-OBJC.cmake
-- Installing: /Users/jake/dev/jsavin/Frontier/third_party/cmake-src/../cmake-install/share/cmake-3.29/Modules/Platform/Midipix.cmake
-- Installing: /Users/jake/dev/jsavin/Frontier/third_party/cmake-src/../cmake-install/share/cmake-3.29/Modules/Platform/AIX-Clang-CXX.cmake
-- Installing: /Users/jake/dev/jsavin/Frontier/third_party/cmake-src/../cmake-install/share/cmake-3.29/Modules/Platform/Windows-IntelLLVM-C.cmake
-- Installing: /Users/jake/dev/jsavin/Frontier/third_party/cmake-src/../cmake-install/share/cmake-3.29/Modules/Platform/CYGWIN.cmake
-- Installing: /Users/jake/dev/jsavin/Frontier/third_party/cmake-src/../cmake-install/share/cmake-3.29/Modules/Platform/WindowsStore-GNU-ASM.cmake
-- Installing: /Users/jake/dev/jsavin/Frontier/third_party/cmake-src/../cmake-install/share/cmake-3.29/Modules/Platform/Windows-Embarcadero-CXX.cmake
-- Installing: /Users/jake/dev/jsavin/Frontier/third_party/cmake-src/../cmake-install/share/cmake-3.29/Modules/Platform/BlueGeneQ-dynamic.cmake
-- Installing: /Users/jake/dev/jsavin/Frontier/third_party/cmake-src/../cmake-install/share/cmake-3.29/Modules/Platform/AIX-XLClang-CXX.cmake
-- Installing: /Users/jake/dev/jsavin/Frontier/third_party/cmake-src/../cmake-install/share/cmake-3.29/Modules/Platform/Linux-NVHPC-C.cmake
-- Installing: /Users/jake/dev/jsavin/Frontier/third_party/cmake-src/../cmake-install/share/cmake-3.29/Modules/Platform/Linux-Apple-Swift.cmake
-- Installing: /Users/jake/dev/jsavin/Frontier/third_party/cmake-src/../cmake-install/share/cmake-3.29/Modules/Platform/Apple-PGI-CXX.cmake
-- Installing: /Users/jake/dev/jsavin/Frontier/third_party/cmake-src/../cmake-install/share/cmake-3.29/Modules/Platform/WindowsPhone-GNU-CXX.cmake
-- Installing: /Users/jake/dev/jsavin/Frontier/third_party/cmake-src/../cmake-install/share/cmake-3.29/Modules/Platform/Linux-Intel-Fortran.cmake
-- Installing: /Users/jake/dev/jsavin/Frontier/third_party/cmake-src/../cmake-install/share/cmake-3.29/Modules/Platform/UnixPaths.cmake
-- Installing: /Users/jake/dev/jsavin/Frontier/third_party/cmake-src/../cmake-install/share/cmake-3.29/Modules/Platform/SunOS-Clang-CXX.cmake
-- Installing: /Users/jake/dev/jsavin/Frontier/third_party/cmake-src/../cmake-install/share/cmake-3.29/Modules/Platform/Apple-IntelLLVM-Fortran.cmake
-- Installing: /Users/jake/dev/jsavin/Frontier/third_party/cmake-src/../cmake-install/share/cmake-3.29/Modules/Platform/Android-Clang-CXX.cmake
-- Installing: /Users/jake/dev/jsavin/Frontier/third_party/cmake-src/../cmake-install/share/cmake-3.29/Modules/Platform/Windows-IntelLLVM-ASM.cmake
-- Installing: /Users/jake/dev/jsavin/Frontier/third_party/cmake-src/../cmake-install/share/cmake-3.29/Modules/Platform/BlueGeneP-base.cmake
-- Installing: /Users/jake/dev/jsavin/Frontier/third_party/cmake-src/../cmake-install/share/cmake-3.29/Modules/Platform/CYGWIN-GNU-C.cmake
-- Installing: /Users/jake/dev/jsavin/Frontier/third_party/cmake-src/../cmake-install/share/cmake-3.29/Modules/Platform/Windows3x-OpenWatcom-C.cmake
-- Installing: /Users/jake/dev/jsavin/Frontier/third_party/cmake-src/../cmake-install/share/cmake-3.29/Modules/Platform/Linux-Intel-C.cmake
-- Installing: /Users/jake/dev/jsavin/Frontier/third_party/cmake-src/../cmake-install/share/cmake-3.29/Modules/Platform/GNU.cmake
-- Installing: /Users/jake/dev/jsavin/Frontier/third_party/cmake-src/../cmake-install/share/cmake-3.29/Modules/Platform/Linux-XL-Fortran.cmake
-- Installing: /Users/jake/dev/jsavin/Frontier/third_party/cmake-src/../cmake-install/share/cmake-3.29/Modules/Platform/Generic-ADSP-CXX.cmake
-- Installing: /Users/jake/dev/jsavin/Frontier/third_party/cmake-src/../cmake-install/share/cmake-3.29/Modules/Platform/WindowsStore-MSVC-C.cmake
-- Installing: /Users/jake/dev/jsavin/Frontier/third_party/cmake-src/../cmake-install/share/cmake-3.29/Modules/Platform/WindowsPhone-Clang-C.cmake
-- Installing: /Users/jake/dev/jsavin/Frontier/third_party/cmake-src/../cmake-install/share/cmake-3.29/Modules/Platform/BlueGeneQ-dynamic-GNU-Fortran.cmake
-- Installing: /Users/jake/dev/jsavin/Frontier/third_party/cmake-src/../cmake-install/share/cmake-3.29/Modules/Platform/Apple-VisualAge-C.cmake
-- Installing: /Users/jake/dev/jsavin/Frontier/third_party/cmake-src/../cmake-install/share/cmake-3.29/Modules/Platform/Linux-Fujitsu-C.cmake
-- Installing: /Users/jake/dev/jsavin/Frontier/third_party/cmake-src/../cmake-install/share/cmake-3.29/Modules/Platform/AIX-VisualAge-Fortran.cmake
-- Installing: /Users/jake/dev/jsavin/Frontier/third_party/cmake-src/../cmake-install/share/cmake-3.29/Modules/Platform/Apple-XL-CXX.cmake
-- Installing: /Users/jake/dev/jsavin/Frontier/third_party/cmake-src/../cmake-install/share/cmake-3.29/Modules/Platform/Windows-Clang-ASM.cmake
-- Installing: /Users/jake/dev/jsavin/Frontier/third_party/cmake-src/../cmake-install/share/cmake-3.29/Modules/Platform/BlueGeneP-static-XL-C.cmake
-- Installing: /Users/jake/dev/jsavin/Frontier/third_party/cmake-src/../cmake-install/share/cmake-3.29/Modules/Platform/Windows-IntelLLVM.cmake
-- Installing: /Users/jake/dev/jsavin/Frontier/third_party/cmake-src/../cmake-install/share/cmake-3.29/Modules/Platform/eCos-Initialize.cmake
-- Installing: /Users/jake/dev/jsavin/Frontier/third_party/cmake-src/../cmake-install/share/cmake-3.29/Modules/Platform/Linux-PathScale-C.cmake
-- Installing: /Users/jake/dev/jsavin/Frontier/third_party/cmake-src/../cmake-install/share/cmake-3.29/Modules/Platform/FreeBSD-Initialize.cmake
-- Installing: /Users/jake/dev/jsavin/Frontier/third_party/cmake-src/../cmake-install/share/cmake-3.29/Modules/Platform/Android-GNU-CXX.cmake
-- Installing: /Users/jake/dev/jsavin/Frontier/third_party/cmake-src/../cmake-install/share/cmake-3.29/Modules/Platform/Darwin-Determine-CXX.cmake
-- Installing: /Users/jake/dev/jsavin/Frontier/third_party/cmake-src/../cmake-install/share/cmake-3.29/Modules/Platform/Apple-NAG-Fortran.cmake
-- Installing: /Users/jake/dev/jsavin/Frontier/third_party/cmake-src/../cmake-install/share/cmake-3.29/Modules/Platform/MSYS-Determine-CXX.cmake
-- Installing: /Users/jake/dev/jsavin/Frontier/third_party/cmake-src/../cmake-install/share/cmake-3.29/Modules/Platform/Windows-Clang-HIP.cmake
-- Installing: /Users/jake/dev/jsavin/Frontier/third_party/cmake-src/../cmake-install/share/cmake-3.29/Modules/Platform/Windows-Intel.cmake
-- Installing: /Users/jake/dev/jsavin/Frontier/third_party/cmake-src/../cmake-install/share/cmake-3.29/Modules/Platform/iOS.cmake
-- Installing: /Users/jake/dev/jsavin/Frontier/third_party/cmake-src/../cmake-install/share/cmake-3.29/Modules/Platform/Android-Clang-C.cmake
-- Installing: /Users/jake/dev/jsavin/Frontier/third_party/cmake-src/../cmake-install/share/cmake-3.29/Modules/Platform/watchOS-Determine-CXX.cmake
-- Installing: /Users/jake/dev/jsavin/Frontier/third_party/cmake-src/../cmake-install/share/cmake-3.29/Modules/Platform/Linux-IntelLLVM-CXX.cmake
-- Installing: /Users/jake/dev/jsavin/Frontier/third_party/cmake-src/../cmake-install/share/cmake-3.29/Modules/Platform/BlueGeneL-Initialize.cmake
-- Installing: /Users/jake/dev/jsavin/Frontier/third_party/cmake-src/../cmake-install/share/cmake-3.29/Modules/Platform/SunOS-GNU.cmake
-- Installing: /Users/jake/dev/jsavin/Frontier/third_party/cmake-src/../cmake-install/share/cmake-3.29/Modules/Platform/Linux-GNU-Fortran.cmake
-- Installing: /Users/jake/dev/jsavin/Frontier/third_party/cmake-src/../cmake-install/share/cmake-3.29/Modules/Platform/OS2-OpenWatcom-C.cmake
-- Installing: /Users/jake/dev/jsavin/Frontier/third_party/cmake-src/../cmake-install/share/cmake-3.29/Modules/Platform/Windows-Intel-ASM.cmake
-- Installing: /Users/jake/dev/jsavin/Frontier/third_party/cmake-src/../cmake-install/share/cmake-3.29/Modules/Platform/WindowsStore-Initialize.cmake
-- Installing: /Users/jake/dev/jsavin/Frontier/third_party/cmake-src/../cmake-install/share/cmake-3.29/Modules/Platform/HP-UX-HP-ASM.cmake
-- Installing: /Users/jake/dev/jsavin/Frontier/third_party/cmake-src/../cmake-install/share/cmake-3.29/Modules/Platform/Windows-IntelLLVM-Fortran.cmake
-- Installing: /Users/jake/dev/jsavin/Frontier/third_party/cmake-src/../cmake-install/share/cmake-3.29/Modules/Platform/WindowsStore-GNU-C.cmake
-- Installing: /Users/jake/dev/jsavin/Frontier/third_party/cmake-src/../cmake-install/share/cmake-3.29/Modules/Platform/HP-UX-GNU-Fortran.cmake
-- Installing: /Users/jake/dev/jsavin/Frontier/third_party/cmake-src/../cmake-install/share/cmake-3.29/Modules/Platform/Windows-GNU-OBJCXX.cmake
-- Installing: /Users/jake/dev/jsavin/Frontier/third_party/cmake-src/../cmake-install/share/cmake-3.29/Modules/Platform/Apple-Intel.cmake
-- Installing: /Users/jake/dev/jsavin/Frontier/third_party/cmake-src/../cmake-install/share/cmake-3.29/Modules/Platform/eCos.cmake
-- Installing: /Users/jake/dev/jsavin/Frontier/third_party/cmake-src/../cmake-install/share/cmake-3.29/Modules/Platform/SerenityOS-GNU-CXX.cmake
-- Installing: /Users/jake/dev/jsavin/Frontier/third_party/cmake-src/../cmake-install/share/cmake-3.29/Modules/Platform/UnixWare-Initialize.cmake
-- Installing: /Users/jake/dev/jsavin/Frontier/third_party/cmake-src/../cmake-install/share/cmake-3.29/Modules/Platform/Apple-Clang-CXX.cmake
-- Installing: /Users/jake/dev/jsavin/Frontier/third_party/cmake-src/../cmake-install/share/cmake-3.29/Modules/Platform/WindowsPaths.cmake
-- Installing: /Users/jake/dev/jsavin/Frontier/third_party/cmake-src/../cmake-install/share/cmake-3.29/Modules/Platform/Linux-GNU.cmake
-- Installing: /Users/jake/dev/jsavin/Frontier/third_party/cmake-src/../cmake-install/share/cmake-3.29/Modules/Platform/ULTRIX.cmake
-- Installing: /Users/jake/dev/jsavin/Frontier/third_party/cmake-src/../cmake-install/share/cmake-3.29/Modules/Platform/ARTOS.cmake
-- Installing: /Users/jake/dev/jsavin/Frontier/third_party/cmake-src/../cmake-install/share/cmake-3.29/Modules/Platform/AIX-XLClang.cmake
-- Installing: /Users/jake/dev/jsavin/Frontier/third_party/cmake-src/../cmake-install/share/cmake-3.29/Modules/Platform/AIX
-- Installing: /Users/jake/dev/jsavin/Frontier/third_party/cmake-src/../cmake-install/share/cmake-3.29/Modules/Platform/AIX/ExportImportList
-- Installing: /Users/jake/dev/jsavin/Frontier/third_party/cmake-src/../cmake-install/share/cmake-3.29/Modules/Platform/Windows-Determine-CXX.cmake
-- Installing: /Users/jake/dev/jsavin/Frontier/third_party/cmake-src/../cmake-install/share/cmake-3.29/Modules/Platform/Linux-PathScale-CXX.cmake
-- Installing: /Users/jake/dev/jsavin/Frontier/third_party/cmake-src/../cmake-install/share/cmake-3.29/Modules/Platform/Apple-Intel-CXX.cmake
-- Installing: /Users/jake/dev/jsavin/Frontier/third_party/cmake-src/../cmake-install/share/cmake-3.29/Modules/Platform/DOS-OpenWatcom-CXX.cmake
-- Installing: /Users/jake/dev/jsavin/Frontier/third_party/cmake-src/../cmake-install/share/cmake-3.29/Modules/Platform/Catamount.cmake
-- Installing: /Users/jake/dev/jsavin/Frontier/third_party/cmake-src/../cmake-install/share/cmake-3.29/Modules/Platform/MSYS-Initialize.cmake
-- Installing: /Users/jake/dev/jsavin/Frontier/third_party/cmake-src/../cmake-install/share/cmake-3.29/Modules/Platform/SerenityOS-Clang-C.cmake
-- Installing: /Users/jake/dev/jsavin/Frontier/third_party/cmake-src/../cmake-install/share/cmake-3.29/Modules/Platform/AIX-XL.cmake
-- Installing: /Users/jake/dev/jsavin/Frontier/third_party/cmake-src/../cmake-install/share/cmake-3.29/Modules/FLTKCompatibility.cmake
-- Installing: /Users/jake/dev/jsavin/Frontier/third_party/cmake-src/../cmake-install/share/cmake-3.29/Modules/CMakeParseArguments.cmake
-- Installing: /Users/jake/dev/jsavin/Frontier/third_party/cmake-src/../cmake-install/share/cmake-3.29/Modules/TestForSSTREAM.cxx
-- Installing: /Users/jake/dev/jsavin/Frontier/third_party/cmake-src/../cmake-install/share/cmake-3.29/Modules/Findosg.cmake
-- Installing: /Users/jake/dev/jsavin/Frontier/third_party/cmake-src/../cmake-install/share/cmake-3.29/Modules/InstallRequiredSystemLibraries.cmake
-- Installing: /Users/jake/dev/jsavin/Frontier/third_party/cmake-src/../cmake-install/share/cmake-3.29/Modules/FindosgShadow.cmake
-- Installing: /Users/jake/dev/jsavin/Frontier/third_party/cmake-src/../cmake-install/share/cmake-3.29/Modules/CMakePrintSystemInformation.cmake
-- Installing: /Users/jake/dev/jsavin/Frontier/third_party/cmake-src/../cmake-install/share/cmake-3.29/Modules/CSharpUtilities.cmake
-- Installing: /Users/jake/dev/jsavin/Frontier/third_party/cmake-src/../cmake-install/share/cmake-3.29/Modules/CMakeJOMFindMake.cmake
-- Installing: /Users/jake/dev/jsavin/Frontier/third_party/cmake-src/../cmake-install/share/cmake-3.29/Modules/CMakeISPCCompiler.cmake.in
-- Installing: /Users/jake/dev/jsavin/Frontier/third_party/cmake-src/../cmake-install/share/cmake-3.29/Modules/CheckIncludeFile.cmake
-- Installing: /Users/jake/dev/jsavin/Frontier/third_party/cmake-src/../cmake-install/share/cmake-3.29/Modules/FindImageMagick.cmake
-- Installing: /Users/jake/dev/jsavin/Frontier/third_party/cmake-src/../cmake-install/share/cmake-3.29/Modules/CMakeASM_MASMInformation.cmake
-- Installing: /Users/jake/dev/jsavin/Frontier/third_party/cmake-src/../cmake-install/share/cmake-3.29/Modules/CMakeDetermineASMCompiler.cmake
-- Installing: /Users/jake/dev/jsavin/Frontier/third_party/cmake-src/../cmake-install/share/cmake-3.29/Modules/CMakeHIPCompilerId.hip.in
-- Installing: /Users/jake/dev/jsavin/Frontier/third_party/cmake-src/../cmake-install/share/cmake-3.29/Modules/CMakeASM-ATTInformation.cmake
-- Installing: /Users/jake/dev/jsavin/Frontier/third_party/cmake-src/../cmake-install/share/cmake-3.29/Modules/FindPackageHandleStandardArgs.cmake
-- Installing: /Users/jake/dev/jsavin/Frontier/third_party/cmake-src/../cmake-install/share/cmake-3.29/Modules/CMakeDependentOption.cmake
-- Installing: /Users/jake/dev/jsavin/Frontier/third_party/cmake-src/../cmake-install/share/cmake-3.29/Modules/FindSelfPackers.cmake
-- Installing: /Users/jake/dev/jsavin/Frontier/third_party/cmake-src/../cmake-install/share/cmake-3.29/Modules/FindFontconfig.cmake
-- Installing: /Users/jake/dev/jsavin/Frontier/third_party/cmake-src/../cmake-install/share/cmake-3.29/Modules/FindWget.cmake
-- Installing: /Users/jake/dev/jsavin/Frontier/third_party/cmake-src/../cmake-install/share/cmake-3.29/Modules/FindosgAnimation.cmake
-- Installing: /Users/jake/dev/jsavin/Frontier/third_party/cmake-src/../cmake-install/share/cmake-3.29/Modules/ExternalData.cmake
-- Installing: /Users/jake/dev/jsavin/Frontier/third_party/cmake-src/../cmake-install/share/cmake-3.29/Modules/BundleUtilities.cmake
-- Installing: /Users/jake/dev/jsavin/Frontier/third_party/cmake-src/../cmake-install/share/cmake-3.29/Modules/Internal
-- Installing: /Users/jake/dev/jsavin/Frontier/third_party/cmake-src/../cmake-install/share/cmake-3.29/Modules/Internal/AppleArchitectureSelection.cmake.in
-- Installing: /Users/jake/dev/jsavin/Frontier/third_party/cmake-src/../cmake-install/share/cmake-3.29/Modules/Internal/CMakeCUDAArchitecturesAll.cmake
-- Installing: /Users/jake/dev/jsavin/Frontier/third_party/cmake-src/../cmake-install/share/cmake-3.29/Modules/Internal/CMakeNVCCFilterImplicitInfo.cmake
-- Installing: /Users/jake/dev/jsavin/Frontier/third_party/cmake-src/../cmake-install/share/cmake-3.29/Modules/Internal/CMakeDetermineLinkerId.cmake
-- Installing: /Users/jake/dev/jsavin/Frontier/third_party/cmake-src/../cmake-install/share/cmake-3.29/Modules/Internal/CMakeTryCompilerOrLinkerFlag.cmake
-- Installing: /Users/jake/dev/jsavin/Frontier/third_party/cmake-src/../cmake-install/share/cmake-3.29/Modules/Internal/CheckFlagCommonConfig.cmake
-- Installing: /Users/jake/dev/jsavin/Frontier/third_party/cmake-src/../cmake-install/share/cmake-3.29/Modules/Internal/CheckSourceCompiles.cmake
-- Installing: /Users/jake/dev/jsavin/Frontier/third_party/cmake-src/../cmake-install/share/cmake-3.29/Modules/Internal/CheckSourceRuns.cmake
-- Installing: /Users/jake/dev/jsavin/Frontier/third_party/cmake-src/../cmake-install/share/cmake-3.29/Modules/Internal/HeaderpadWorkaround.cmake
-- Installing: /Users/jake/dev/jsavin/Frontier/third_party/cmake-src/../cmake-install/share/cmake-3.29/Modules/Internal/OSRelease
-- Installing: /Users/jake/dev/jsavin/Frontier/third_party/cmake-src/../cmake-install/share/cmake-3.29/Modules/Internal/OSRelease/010-TryOldCentOS.cmake
-- Installing: /Users/jake/dev/jsavin/Frontier/third_party/cmake-src/../cmake-install/share/cmake-3.29/Modules/Internal/OSRelease/020-TryDebianVersion.cmake
-- Installing: /Users/jake/dev/jsavin/Frontier/third_party/cmake-src/../cmake-install/share/cmake-3.29/Modules/Internal/FeatureTesting.cmake
-- Installing: /Users/jake/dev/jsavin/Frontier/third_party/cmake-src/../cmake-install/share/cmake-3.29/Modules/Internal/CMakeCUDAFindToolkit.cmake
-- Installing: /Users/jake/dev/jsavin/Frontier/third_party/cmake-src/../cmake-install/share/cmake-3.29/Modules/Internal/CheckCompilerFlag.cmake
-- Installing: /Users/jake/dev/jsavin/Frontier/third_party/cmake-src/../cmake-install/share/cmake-3.29/Modules/Internal/ApplePlatformSelection.cmake.in
-- Installing: /Users/jake/dev/jsavin/Frontier/third_party/cmake-src/../cmake-install/share/cmake-3.29/Modules/Internal/CMakeCUDAFilterImplicitLibs.cmake
-- Installing: /Users/jake/dev/jsavin/Frontier/third_party/cmake-src/../cmake-install/share/cmake-3.29/Modules/Internal/CMakeCUDAArchitecturesValidate.cmake
-- Installing: /Users/jake/dev/jsavin/Frontier/third_party/cmake-src/../cmake-install/share/cmake-3.29/Modules/Internal/CMakeCUDAArchitecturesNative.cmake
-- Installing: /Users/jake/dev/jsavin/Frontier/third_party/cmake-src/../cmake-install/share/cmake-3.29/Modules/Internal/CMakeNVCCParseImplicitInfo.cmake
-- Installing: /Users/jake/dev/jsavin/Frontier/third_party/cmake-src/../cmake-install/share/cmake-3.29/Modules/Internal/CPack
-- Installing: /Users/jake/dev/jsavin/Frontier/third_party/cmake-src/../cmake-install/share/cmake-3.29/Modules/Internal/CPack/CPack.Info.plist.in
-- Installing: /Users/jake/dev/jsavin/Frontier/third_party/cmake-src/../cmake-install/share/cmake-3.29/Modules/Internal/CPack/CPackExternal.cmake
-- Installing: /Users/jake/dev/jsavin/Frontier/third_party/cmake-src/../cmake-install/share/cmake-3.29/Modules/Internal/CPack/NSIS.InstallOptions.ini.in
-- Installing: /Users/jake/dev/jsavin/Frontier/third_party/cmake-src/../cmake-install/share/cmake-3.29/Modules/Internal/CPack/ISScript.template.in
-- Installing: /Users/jake/dev/jsavin/Frontier/third_party/cmake-src/../cmake-install/share/cmake-3.29/Modules/Internal/CPack/CPack.RuntimeScript.in
-- Installing: /Users/jake/dev/jsavin/Frontier/third_party/cmake-src/../cmake-install/share/cmake-3.29/Modules/Internal/CPack/ISComponents.pas
-- Installing: /Users/jake/dev/jsavin/Frontier/third_party/cmake-src/../cmake-install/share/cmake-3.29/Modules/Internal/CPack/CPack.OSXX11.main.scpt.in
-- Installing: /Users/jake/dev/jsavin/Frontier/third_party/cmake-src/../cmake-install/share/cmake-3.29/Modules/Internal/CPack/CPackFreeBSD.cmake
-- Installing: /Users/jake/dev/jsavin/Frontier/third_party/cmake-src/../cmake-install/share/cmake-3.29/Modules/Internal/CPack/CPack.NuGet.nuspec.in
-- Installing: /Users/jake/dev/jsavin/Frontier/third_party/cmake-src/../cmake-install/share/cmake-3.29/Modules/Internal/CPack/CPack.background.png.in
-- Installing: /Users/jake/dev/jsavin/Frontier/third_party/cmake-src/../cmake-install/share/cmake-3.29/Modules/Internal/CPack/NSIS.template.in
-- Installing: /Users/jake/dev/jsavin/Frontier/third_party/cmake-src/../cmake-install/share/cmake-3.29/Modules/Internal/CPack/CPackZIP.cmake
-- Installing: /Users/jake/dev/jsavin/Frontier/third_party/cmake-src/../cmake-install/share/cmake-3.29/Modules/Internal/CPack/CPackWIX.cmake
-- Installing: /Users/jake/dev/jsavin/Frontier/third_party/cmake-src/../cmake-install/share/cmake-3.29/Modules/Internal/CPack/CPackDeb.cmake
-- Installing: /Users/jake/dev/jsavin/Frontier/third_party/cmake-src/../cmake-install/share/cmake-3.29/Modules/Internal/CPack/CPack.Description.plist.in
-- Installing: /Users/jake/dev/jsavin/Frontier/third_party/cmake-src/../cmake-install/share/cmake-3.29/Modules/Internal/CPack/CPackNuGet.cmake
-- Installing: /Users/jake/dev/jsavin/Frontier/third_party/cmake-src/../cmake-install/share/cmake-3.29/Modules/Internal/CPack/CPack.distribution.dist.in
-- Installing: /Users/jake/dev/jsavin/Frontier/third_party/cmake-src/../cmake-install/share/cmake-3.29/Modules/Internal/CPack/CPack.STGZ_Header.sh.in
-- Installing: /Users/jake/dev/jsavin/Frontier/third_party/cmake-src/../cmake-install/share/cmake-3.29/Modules/Internal/CPack/CPack.DS_Store.in
-- Installing: /Users/jake/dev/jsavin/Frontier/third_party/cmake-src/../cmake-install/share/cmake-3.29/Modules/Internal/CPack/CPack.OSXX11.Info.plist.in
-- Installing: /Users/jake/dev/jsavin/Frontier/third_party/cmake-src/../cmake-install/share/cmake-3.29/Modules/Internal/CPack/CPack.VolumeIcon.icns.in
-- Installing: /Users/jake/dev/jsavin/Frontier/third_party/cmake-src/../cmake-install/share/cmake-3.29/Modules/Internal/CPack/CPackRPM.cmake
-- Installing: /Users/jake/dev/jsavin/Frontier/third_party/cmake-src/../cmake-install/share/cmake-3.29/Modules/Internal/CPack/WIX.template.in
-- Installing: /Users/jake/dev/jsavin/Frontier/third_party/cmake-src/../cmake-install/share/cmake-3.29/Modules/Internal/CheckLinkerFlag.cmake
-- Installing: /Users/jake/dev/jsavin/Frontier/third_party/cmake-src/../cmake-install/share/cmake-3.29/Modules/CheckCXXSymbolExists.cmake
-- Installing: /Users/jake/dev/jsavin/Frontier/third_party/cmake-src/../cmake-install/share/cmake-3.29/Modules/FindPike.cmake
-- Installing: /Users/jake/dev/jsavin/Frontier/third_party/cmake-src/../cmake-install/share/cmake-3.29/Modules/UsewxWidgets.cmake
-- Installing: /Users/jake/dev/jsavin/Frontier/third_party/cmake-src/../cmake-install/share/cmake-3.29/Modules/FindSubversion.cmake
-- Installing: /Users/jake/dev/jsavin/Frontier/third_party/cmake-src/../cmake-install/share/cmake-3.29/Modules/FindXalanC.cmake
-- Installing: /Users/jake/dev/jsavin/Frontier/third_party/cmake-src/../cmake-install/share/cmake-3.29/Modules/FindOpenSP.cmake
-- Installing: /Users/jake/dev/jsavin/Frontier/third_party/cmake-src/../cmake-install/share/cmake-3.29/Modules/FindosgText.cmake
-- Installing: /Users/jake/dev/jsavin/Frontier/third_party/cmake-src/../cmake-install/share/cmake-3.29/Modules/CMakeTestASM_MARMASMCompiler.cmake
-- Installing: /Users/jake/dev/jsavin/Frontier/third_party/cmake-src/../cmake-install/share/cmake-3.29/Modules/FindTIFF.cmake
-- Installing: /Users/jake/dev/jsavin/Frontier/third_party/cmake-src/../cmake-install/share/cmake-3.29/Modules/FindBZip2.cmake
-- Installing: /Users/jake/dev/jsavin/Frontier/third_party/cmake-src/../cmake-install/share/cmake-3.29/Modules/CMakeCUDACompiler.cmake.in
-- Installing: /Users/jake/dev/jsavin/Frontier/third_party/cmake-src/../cmake-install/share/cmake-3.29/Modules/FindQt3.cmake
-- Installing: /Users/jake/dev/jsavin/Frontier/third_party/cmake-src/../cmake-install/share/cmake-3.29/Modules/CMakeDetermineCCompiler.cmake
-- Installing: /Users/jake/dev/jsavin/Frontier/third_party/cmake-src/../cmake-install/share/cmake-3.29/Modules/FindCygwin.cmake
-- Installing: /Users/jake/dev/jsavin/Frontier/third_party/cmake-src/../cmake-install/share/cmake-3.29/Modules/Findosg_functions.cmake
-- Installing: /Users/jake/dev/jsavin/Frontier/third_party/cmake-src/../cmake-install/share/cmake-3.29/Modules/FindPatch.cmake
-- Installing: /Users/jake/dev/jsavin/Frontier/third_party/cmake-src/../cmake-install/share/cmake-3.29/Modules/CMakeOBJCCompilerId.m.in
-- Installing: /Users/jake/dev/jsavin/Frontier/third_party/cmake-src/../cmake-install/share/cmake-3.29/Modules/CMakeDetermineASM_MASMCompiler.cmake
-- Installing: /Users/jake/dev/jsavin/Frontier/third_party/cmake-src/../cmake-install/share/cmake-3.29/Modules/FindSDL.cmake
-- Installing: /Users/jake/dev/jsavin/Frontier/third_party/cmake-src/../cmake-install/share/cmake-3.29/Modules/CMakeFindFrameworks.cmake
-- Installing: /Users/jake/dev/jsavin/Frontier/third_party/cmake-src/../cmake-install/share/cmake-3.29/Modules/CMakeCXXInformation.cmake
-- Installing: /Users/jake/dev/jsavin/Frontier/third_party/cmake-src/../cmake-install/share/cmake-3.29/Modules/FindosgViewer.cmake
-- Installing: /Users/jake/dev/jsavin/Frontier/third_party/cmake-src/../cmake-install/share/cmake-3.29/Modules/FindJava.cmake
-- Installing: /Users/jake/dev/jsavin/Frontier/third_party/cmake-src/../cmake-install/share/cmake-3.29/Modules/BasicConfigVersion-SameMajorVersion.cmake.in
-- Installing: /Users/jake/dev/jsavin/Frontier/third_party/cmake-src/../cmake-install/share/cmake-3.29/Modules/FindOpenCL.cmake
-- Installing: /Users/jake/dev/jsavin/Frontier/third_party/cmake-src/../cmake-install/share/cmake-3.29/Modules/AndroidTestUtilities
-- Installing: /Users/jake/dev/jsavin/Frontier/third_party/cmake-src/../cmake-install/share/cmake-3.29/Modules/AndroidTestUtilities/PushToAndroidDevice.cmake
-- Installing: /Users/jake/dev/jsavin/Frontier/third_party/cmake-src/../cmake-install/share/cmake-3.29/Modules/CMakeFindWMake.cmake
-- Installing: /Users/jake/dev/jsavin/Frontier/third_party/cmake-src/../cmake-install/share/cmake-3.29/Modules/FindLibinput.cmake
-- Installing: /Users/jake/dev/jsavin/Frontier/third_party/cmake-src/../cmake-install/share/cmake-3.29/Modules/CMakeDetermineCompiler.cmake
-- Installing: /Users/jake/dev/jsavin/Frontier/third_party/cmake-src/../cmake-install/share/cmake-3.29/Modules/CMakeCompilerABI.h
-- Installing: /Users/jake/dev/jsavin/Frontier/third_party/cmake-src/../cmake-install/share/cmake-3.29/Modules/FindGCCXML.cmake
-- Installing: /Users/jake/dev/jsavin/Frontier/third_party/cmake-src/../cmake-install/share/cmake-3.29/Modules/CMakeDetermineHIPCompiler.cmake
-- Installing: /Users/jake/dev/jsavin/Frontier/third_party/cmake-src/../cmake-install/share/cmake-3.29/Modules/CMakeDetermineFortranCompiler.cmake
-- Installing: /Users/jake/dev/jsavin/Frontier/third_party/cmake-src/../cmake-install/share/cmake-3.29/Modules/GetPrerequisites.cmake
-- Installing: /Users/jake/dev/jsavin/Frontier/third_party/cmake-src/../cmake-install/share/cmake-3.29/Modules/FindFreetype.cmake
-- Installing: /Users/jake/dev/jsavin/Frontier/third_party/cmake-src/../cmake-install/share/cmake-3.29/Modules/SquishTestScript.cmake
-- Installing: /Users/jake/dev/jsavin/Frontier/third_party/cmake-src/../cmake-install/share/cmake-3.29/Modules/CMakeCommonLanguageInclude.cmake
-- Installing: /Users/jake/dev/jsavin/Frontier/third_party/cmake-src/../cmake-install/share/cmake-3.29/Modules/FindSDL_net.cmake
-- Installing: /Users/jake/dev/jsavin/Frontier/third_party/cmake-src/../cmake-install/share/cmake-3.29/Modules/CheckFortranSourceRuns.cmake
-- Installing: /Users/jake/dev/jsavin/Frontier/third_party/cmake-src/../cmake-install/share/cmake-3.29/Modules/MacOSXFrameworkInfo.plist.in
-- Installing: /Users/jake/dev/jsavin/Frontier/third_party/cmake-src/../cmake-install/share/cmake-3.29/Modules/CMakeFindEclipseCDT4.cmake
-- Installing: /Users/jake/dev/jsavin/Frontier/third_party/cmake-src/../cmake-install/share/cmake-3.29/Modules/FindXCTest.cmake
-- Installing: /Users/jake/dev/jsavin/Frontier/third_party/cmake-src/../cmake-install/share/cmake-3.29/Modules/TestForANSIForScope.cmake
-- Installing: /Users/jake/dev/jsavin/Frontier/third_party/cmake-src/../cmake-install/share/cmake-3.29/Modules/CMakeIOSInstallCombined.cmake
-- Installing: /Users/jake/dev/jsavin/Frontier/third_party/cmake-src/../cmake-install/share/cmake-3.29/Modules/CheckSourceCompiles.cmake
-- Installing: /Users/jake/dev/jsavin/Frontier/third_party/cmake-src/../cmake-install/share/cmake-3.29/Modules/CTestUseLaunchers.cmake
-- Installing: /Users/jake/dev/jsavin/Frontier/third_party/cmake-src/../cmake-install/share/cmake-3.29/Modules/CheckIPOSupported.cmake
-- Installing: /Users/jake/dev/jsavin/Frontier/third_party/cmake-src/../cmake-install/share/cmake-3.29/Modules/CheckFunctionExists.c
-- Installing: /Users/jake/dev/jsavin/Frontier/third_party/cmake-src/../cmake-install/share/cmake-3.29/Modules/FindLua.cmake
-- Installing: /Users/jake/dev/jsavin/Frontier/third_party/cmake-src/../cmake-install/share/cmake-3.29/Modules/CMakeCCompiler.cmake.in
-- Installing: /Users/jake/dev/jsavin/Frontier/third_party/cmake-src/../cmake-install/share/cmake-3.29/Modules/ITKCompatibility.cmake
-- Installing: /Users/jake/dev/jsavin/Frontier/third_party/cmake-src/../cmake-install/share/cmake-3.29/Modules/CMakeOBJCXXCompilerABI.mm
-- Installing: /Users/jake/dev/jsavin/Frontier/third_party/cmake-src/../cmake-install/share/cmake-3.29/Modules/FindOpenACC.cmake
-- Installing: /Users/jake/dev/jsavin/Frontier/third_party/cmake-src/../cmake-install/share/cmake-3.29/Modules/CMakePlatformId.h.in
-- Installing: /Users/jake/dev/jsavin/Frontier/third_party/cmake-src/../cmake-install/share/cmake-3.29/Modules/FindQuickTime.cmake
-- Installing: /Users/jake/dev/jsavin/Frontier/third_party/cmake-src/../cmake-install/share/cmake-3.29/Modules/FindMPI.cmake
-- Installing: /Users/jake/dev/jsavin/Frontier/third_party/cmake-src/../cmake-install/share/cmake-3.29/Modules/FindKDE4.cmake
-- Installing: /Users/jake/dev/jsavin/Frontier/third_party/cmake-src/../cmake-install/share/cmake-3.29/Modules/FindosgFX.cmake
-- Installing: /Users/jake/dev/jsavin/Frontier/third_party/cmake-src/../cmake-install/share/cmake-3.29/Modules/CMakeTestASM_MASMCompiler.cmake
-- Installing: /Users/jake/dev/jsavin/Frontier/third_party/cmake-src/../cmake-install/share/cmake-3.29/Modules/CheckIncludeFileCXX.cmake
-- Installing: /Users/jake/dev/jsavin/Frontier/third_party/cmake-src/../cmake-install/share/cmake-3.29/Modules/FindIcotool.cmake
-- Installing: /Users/jake/dev/jsavin/Frontier/third_party/cmake-src/../cmake-install/share/cmake-3.29/Modules/CheckSourceRuns.cmake
-- Installing: /Users/jake/dev/jsavin/Frontier/third_party/cmake-src/../cmake-install/share/cmake-3.29/Modules/FindIce.cmake
-- Installing: /Users/jake/dev/jsavin/Frontier/third_party/cmake-src/../cmake-install/share/cmake-3.29/Modules/CPack.cmake
-- Installing: /Users/jake/dev/jsavin/Frontier/third_party/cmake-src/../cmake-install/share/cmake-3.29/Modules/CPackComponent.cmake
-- Installing: /Users/jake/dev/jsavin/Frontier/third_party/cmake-src/../cmake-install/share/cmake-3.29/Modules/CMakeASMCompiler.cmake.in
-- Installing: /Users/jake/dev/jsavin/Frontier/third_party/cmake-src/../cmake-install/share/cmake-3.29/Modules/CMake.cmake
-- Installing: /Users/jake/dev/jsavin/Frontier/third_party/cmake-src/../cmake-install/share/cmake-3.29/Modules/FindSDL_image.cmake
-- Installing: /Users/jake/dev/jsavin/Frontier/third_party/cmake-src/../cmake-install/share/cmake-3.29/Modules/CMakeTestCCompiler.cmake
-- Installing: /Users/jake/dev/jsavin/Frontier/third_party/cmake-src/../cmake-install/share/cmake-3.29/Modules/FindUnixCommands.cmake
-- Installing: /Users/jake/dev/jsavin/Frontier/third_party/cmake-src/../cmake-install/share/cmake-3.29/Modules/AndroidTestUtilities.cmake
-- Installing: /Users/jake/dev/jsavin/Frontier/third_party/cmake-src/../cmake-install/share/cmake-3.29/Modules/CheckSymbolExists.cmake
-- Installing: /Users/jake/dev/jsavin/Frontier/third_party/cmake-src/../cmake-install/share/cmake-3.29/Modules/FindPerl.cmake
-- Installing: /Users/jake/dev/jsavin/Frontier/third_party/cmake-src/../cmake-install/share/cmake-3.29/Modules/FindGLUT.cmake
-- Installing: /Users/jake/dev/jsavin/Frontier/third_party/cmake-src/../cmake-install/share/cmake-3.29/Modules/CMakeTestHIPCompiler.cmake
-- Installing: /Users/jake/dev/jsavin/Frontier/third_party/cmake-src/../cmake-install/share/cmake-3.29/Modules/CMakeTestFortranCompiler.cmake
-- Installing: /Users/jake/dev/jsavin/Frontier/third_party/cmake-src/../cmake-install/share/cmake-3.29/Modules/Qt4ConfigDependentSettings.cmake
-- Installing: /Users/jake/dev/jsavin/Frontier/third_party/cmake-src/../cmake-install/share/cmake-3.29/Modules/FindSWIG.cmake
-- Installing: /Users/jake/dev/jsavin/Frontier/third_party/cmake-src/../cmake-install/share/cmake-3.29/Modules/CMakeOBJCXXCompilerId.mm.in
-- Installing: /Users/jake/dev/jsavin/Frontier/third_party/cmake-src/../cmake-install/share/cmake-3.29/Modules/FindGit.cmake
-- Installing: /Users/jake/dev/jsavin/Frontier/third_party/cmake-src/../cmake-install/share/cmake-3.29/Modules/AddFileDependencies.cmake
-- Installing: /Users/jake/dev/jsavin/Frontier/third_party/cmake-src/../cmake-install/share/cmake-3.29/Modules/GoogleTest.cmake
-- Installing: /Users/jake/dev/jsavin/Frontier/third_party/cmake-src/../cmake-install/share/cmake-3.29/Modules/FindDCMTK.cmake
-- Installing: /Users/jake/dev/jsavin/Frontier/third_party/cmake-src/../cmake-install/share/cmake-3.29/Modules/CheckLanguage.cmake
-- Installing: /Users/jake/dev/jsavin/Frontier/third_party/cmake-src/../cmake-install/share/cmake-3.29/Modules/FindSQLite3.cmake
-- Installing: /Users/jake/dev/jsavin/Frontier/third_party/cmake-src/../cmake-install/share/cmake-3.29/Modules/CMakeHIPCompiler.cmake.in
-- Installing: /Users/jake/dev/jsavin/Frontier/third_party/cmake-src/../cmake-install/share/cmake-3.29/Modules/FindVulkan.cmake
-- Installing: /Users/jake/dev/jsavin/Frontier/third_party/cmake-src/../cmake-install/share/cmake-3.29/Modules/CMakeTestGNU.c
-- Installing: /Users/jake/dev/jsavin/Frontier/third_party/cmake-src/../cmake-install/share/cmake-3.29/Modules/CTestCoverageCollectGCOV.cmake
-- Installing: /Users/jake/dev/jsavin/Frontier/third_party/cmake-src/../cmake-install/share/cmake-3.29/Modules/CheckLibraryExists.lists.in
-- Installing: /Users/jake/dev/jsavin/Frontier/third_party/cmake-src/../cmake-install/share/cmake-3.29/Modules/CMakeCXXCompilerABI.cpp
-- Installing: /Users/jake/dev/jsavin/Frontier/third_party/cmake-src/../cmake-install/share/cmake-3.29/Modules/FindosgProducer.cmake
-- Installing: /Users/jake/dev/jsavin/Frontier/third_party/cmake-src/../cmake-install/share/cmake-3.29/Modules/FindosgManipulator.cmake
-- Installing: /Users/jake/dev/jsavin/Frontier/third_party/cmake-src/../cmake-install/share/cmake-3.29/Modules/CMakeParseImplicitIncludeInfo.cmake
-- Installing: /Users/jake/dev/jsavin/Frontier/third_party/cmake-src/../cmake-install/share/cmake-3.29/Modules/FindMFC.cmake
-- Installing: /Users/jake/dev/jsavin/Frontier/third_party/cmake-src/../cmake-install/share/cmake-3.29/Modules/CMakeBorlandFindMake.cmake
-- Installing: /Users/jake/dev/jsavin/Frontier/third_party/cmake-src/../cmake-install/share/cmake-3.29/Modules/CMakeFortranCompilerId.F.in
-- Installing: /Users/jake/dev/jsavin/Frontier/third_party/cmake-src/../cmake-install/share/cmake-3.29/Modules/CheckStructHasMember.cmake
-- Installing: /Users/jake/dev/jsavin/Frontier/third_party/cmake-src/../cmake-install/share/cmake-3.29/Modules/ExternalProject.cmake
-- Installing: /Users/jake/dev/jsavin/Frontier/third_party/cmake-src/../cmake-install/share/cmake-3.29/Modules/CheckCSourceCompiles.cmake
-- Installing: /Users/jake/dev/jsavin/Frontier/third_party/cmake-src/../cmake-install/share/cmake-3.29/Modules/CMakeFindCodeBlocks.cmake
-- Installing: /Users/jake/dev/jsavin/Frontier/third_party/cmake-src/../cmake-install/share/cmake-3.29/Modules/BasicConfigVersion-AnyNewerVersion.cmake.in
-- Installing: /Users/jake/dev/jsavin/Frontier/third_party/cmake-src/../cmake-install/share/cmake-3.29/Modules/CMakeISPCInformation.cmake
-- Installing: /Users/jake/dev/jsavin/Frontier/third_party/cmake-src/../cmake-install/share/cmake-3.29/Modules/FindCUDA
-- Installing: /Users/jake/dev/jsavin/Frontier/third_party/cmake-src/../cmake-install/share/cmake-3.29/Modules/FindCUDA/parse_cubin.cmake
-- Installing: /Users/jake/dev/jsavin/Frontier/third_party/cmake-src/../cmake-install/share/cmake-3.29/Modules/FindCUDA/run_nvcc.cmake
-- Installing: /Users/jake/dev/jsavin/Frontier/third_party/cmake-src/../cmake-install/share/cmake-3.29/Modules/FindCUDA/select_compute_arch.cmake
-- Installing: /Users/jake/dev/jsavin/Frontier/third_party/cmake-src/../cmake-install/share/cmake-3.29/Modules/FindCUDA/make2cmake.cmake
-- Installing: /Users/jake/dev/jsavin/Frontier/third_party/cmake-src/../cmake-install/share/cmake-3.29/Modules/FindPython3.cmake
-- Installing: /Users/jake/dev/jsavin/Frontier/third_party/cmake-src/../cmake-install/share/cmake-3.29/Modules/CMakeBackwardCompatibilityCXX.cmake
-- Installing: /Users/jake/dev/jsavin/Frontier/third_party/cmake-src/../cmake-install/share/cmake-3.29/Modules/FindOpenThreads.cmake
-- Installing: /Users/jake/dev/jsavin/Frontier/third_party/cmake-src/../cmake-install/share/cmake-3.29/Modules/CheckSizeOf.cmake
-- Installing: /Users/jake/dev/jsavin/Frontier/third_party/cmake-src/../cmake-install/share/cmake-3.29/Modules/FindPythonInterp.cmake
-- Installing: /Users/jake/dev/jsavin/Frontier/third_party/cmake-src/../cmake-install/share/cmake-3.29/Modules/FindOpenSceneGraph.cmake
-- Installing: /Users/jake/dev/jsavin/Frontier/third_party/cmake-src/../cmake-install/share/cmake-3.29/Modules/CMakeDetermineVSServicePack.cmake
-- Installing: /Users/jake/dev/jsavin/Frontier/third_party/cmake-src/../cmake-install/share/cmake-3.29/Modules/CheckOBJCSourceCompiles.cmake
-- Installing: /Users/jake/dev/jsavin/Frontier/third_party/cmake-src/../cmake-install/share/cmake-3.29/Modules/CMakeTestASMCompiler.cmake
-- Installing: /Users/jake/dev/jsavin/Frontier/third_party/cmake-src/../cmake-install/share/cmake-3.29/Modules/CMakeCUDAInformation.cmake
-- Installing: /Users/jake/dev/jsavin/Frontier/third_party/cmake-src/../cmake-install/share/cmake-3.29/Modules/FindMPEG2.cmake
-- Installing: /Users/jake/dev/jsavin/Frontier/third_party/cmake-src/../cmake-install/share/cmake-3.29/Modules/UseSWIG.cmake
-- Installing: /Users/jake/dev/jsavin/Frontier/third_party/cmake-src/../cmake-install/share/cmake-3.29/Modules/CMakeVerifyManifest.cmake
-- Installing: /Users/jake/dev/jsavin/Frontier/third_party/cmake-src/../cmake-install/share/cmake-3.29/Modules/CMakePrintHelpers.cmake
-- Installing: /Users/jake/dev/jsavin/Frontier/third_party/cmake-src/../cmake-install/share/cmake-3.29/Modules/Qt4Macros.cmake
-- Installing: /Users/jake/dev/jsavin/Frontier/third_party/cmake-src/../cmake-install/share/cmake-3.29/Modules/UsePkgConfig.cmake
-- Installing: /Users/jake/dev/jsavin/Frontier/third_party/cmake-src/../cmake-install/share/cmake-3.29/Modules/FindPhysFS.cmake
-- Installing: /Users/jake/dev/jsavin/Frontier/third_party/cmake-src/../cmake-install/share/cmake-3.29/Modules/CMakeInitializeConfigs.cmake
-- Installing: /Users/jake/dev/jsavin/Frontier/third_party/cmake-src/../cmake-install/share/cmake-3.29/Modules/FindWish.cmake
-- Installing: /Users/jake/dev/jsavin/Frontier/third_party/cmake-src/../cmake-install/share/cmake-3.29/Modules/FindSDL_ttf.cmake
-- Installing: /Users/jake/dev/jsavin/Frontier/third_party/cmake-src/../cmake-install/share/cmake-3.29/Modules/FindPython
-- Installing: /Users/jake/dev/jsavin/Frontier/third_party/cmake-src/../cmake-install/share/cmake-3.29/Modules/FindPython/Support.cmake
-- Installing: /Users/jake/dev/jsavin/Frontier/third_party/cmake-src/../cmake-install/share/cmake-3.29/Modules/FindGLEW.cmake
-- Installing: /Users/jake/dev/jsavin/Frontier/third_party/cmake-src/../cmake-install/share/cmake-3.29/Modules/CMakeCXXCompiler.cmake.in
-- Installing: /Users/jake/dev/jsavin/Frontier/third_party/cmake-src/../cmake-install/share/cmake-3.29/Modules/CMakeCSharpCompilerId.cs.in
-- Installing: /Users/jake/dev/jsavin/Frontier/third_party/cmake-src/../cmake-install/share/cmake-3.29/Modules/TestEndianess.c.in
-- Installing: /Users/jake/dev/jsavin/Frontier/third_party/cmake-src/../cmake-install/share/cmake-3.29/Modules/MacroAddFileDependencies.cmake
-- Installing: /Users/jake/dev/jsavin/Frontier/third_party/cmake-src/../cmake-install/share/cmake-3.29/Modules/CMakeSystemSpecificInformation.cmake
-- Installing: /Users/jake/dev/jsavin/Frontier/third_party/cmake-src/../cmake-install/share/cmake-3.29/Modules/CheckIncludeFiles.cmake
-- Installing: /Users/jake/dev/jsavin/Frontier/third_party/cmake-src/../cmake-install/share/cmake-3.29/Modules/CMakeExtraGeneratorDetermineCompilerMacrosAndIncludeDirs.cmake
-- Installing: /Users/jake/dev/jsavin/Frontier/third_party/cmake-src/../cmake-install/share/cmake-3.29/Modules/FortranCInterface.cmake
-- Installing: /Users/jake/dev/jsavin/Frontier/third_party/cmake-src/../cmake-install/share/cmake-3.29/Modules/FindMsys.cmake
-- Installing: /Users/jake/dev/jsavin/Frontier/third_party/cmake-src/../cmake-install/share/cmake-3.29/Modules/FindCUDA.cmake
-- Installing: /Users/jake/dev/jsavin/Frontier/third_party/cmake-src/../cmake-install/share/cmake-3.29/Modules/CheckVariableExists.c
-- Installing: /Users/jake/dev/jsavin/Frontier/third_party/cmake-src/../cmake-install/share/cmake-3.29/Modules/CheckOBJCXXSourceRuns.cmake
-- Installing: /Users/jake/dev/jsavin/Frontier/third_party/cmake-src/../cmake-install/share/cmake-3.29/Modules/FindLua51.cmake
-- Installing: /Users/jake/dev/jsavin/Frontier/third_party/cmake-src/../cmake-install/share/cmake-3.29/Modules/CheckFortranCompilerFlag.cmake
-- Installing: /Users/jake/dev/jsavin/Frontier/third_party/cmake-src/../cmake-install/share/cmake-3.29/Modules/TestForANSIStreamHeaders.cmake
-- Installing: /Users/jake/dev/jsavin/Frontier/third_party/cmake-src/../cmake-install/share/cmake-3.29/Modules/WriteCompilerDetectionHeader.cmake
-- Installing: /Users/jake/dev/jsavin/Frontier/third_party/cmake-src/../cmake-install/share/cmake-3.29/Modules/CMakeBuildSettings.cmake.in
-- Installing: /Users/jake/dev/jsavin/Frontier/third_party/cmake-src/../cmake-install/share/cmake-3.29/Modules/CheckFunctionExists.cmake
-- Installing: /Users/jake/dev/jsavin/Frontier/third_party/cmake-src/../cmake-install/share/cmake-3.29/Modules/CMakeExpandImportedTargets.cmake
-- Installing: /Users/jake/dev/jsavin/Frontier/third_party/cmake-src/../cmake-install/share/cmake-3.29/Modules/FindASPELL.cmake
-- Installing: /Users/jake/dev/jsavin/Frontier/third_party/cmake-src/../cmake-install/share/cmake-3.29/Modules/FindGnuTLS.cmake
-- Installing: /Users/jake/dev/jsavin/Frontier/third_party/cmake-src/../cmake-install/share/cmake-3.29/Modules/FindCUDAToolkit.cmake
-- Installing: /Users/jake/dev/jsavin/Frontier/third_party/cmake-src/../cmake-install/share/cmake-3.29/Modules/CMakeCCompilerABI.c
-- Installing: /Users/jake/dev/jsavin/Frontier/third_party/cmake-src/../cmake-install/share/cmake-3.29/Modules/FindTclStub.cmake
-- Installing: /Users/jake/dev/jsavin/Frontier/third_party/cmake-src/../cmake-install/share/cmake-3.29/Modules/FindJNI.cmake
-- Installing: /Users/jake/dev/jsavin/Frontier/third_party/cmake-src/../cmake-install/share/cmake-3.29/Modules/FindEXPAT.cmake
-- Installing: /Users/jake/dev/jsavin/Frontier/third_party/cmake-src/../cmake-install/share/cmake-3.29/Modules/Use_wxWindows.cmake
-- Installing: /Users/jake/dev/jsavin/Frontier/third_party/cmake-src/../cmake-install/share/cmake-3.29/Modules/CMakeCInformation.cmake
-- Installing: /Users/jake/dev/jsavin/Frontier/third_party/cmake-src/../cmake-install/share/cmake-3.29/Modules/Documentation.cmake
-- Installing: /Users/jake/dev/jsavin/Frontier/third_party/cmake-src/../cmake-install/share/cmake-3.29/Modules/FindBacktrace.cmake
-- Installing: /Users/jake/dev/jsavin/Frontier/third_party/cmake-src/../cmake-install/share/cmake-3.29/Modules/ecos_clean.cmake
-- Installing: /Users/jake/dev/jsavin/Frontier/third_party/cmake-src/../cmake-install/share/cmake-3.29/Modules/FetchContent.cmake
-- Installing: /Users/jake/dev/jsavin/Frontier/third_party/cmake-src/../cmake-install/share/cmake-3.29/Modules/CMakeTestCompilerCommon.cmake
-- Installing: /Users/jake/dev/jsavin/Frontier/third_party/cmake-src/../cmake-install/share/cmake-3.29/Modules/CMakeDetermineASM_NASMCompiler.cmake
-- Installing: /Users/jake/dev/jsavin/Frontier/third_party/cmake-src/../cmake-install/share/cmake-3.29/Modules/readme.txt
-- Installing: /Users/jake/dev/jsavin/Frontier/third_party/cmake-src/../cmake-install/share/cmake-3.29/Modules/TestForANSIStreamHeaders.cxx
-- Installing: /Users/jake/dev/jsavin/Frontier/third_party/cmake-src/../cmake-install/share/cmake-3.29/Modules/MatlabTestsRedirect.cmake
-- Installing: /Users/jake/dev/jsavin/Frontier/third_party/cmake-src/../cmake-install/share/cmake-3.29/Modules/CMakeFindPackageMode.cmake
-- Installing: /Users/jake/dev/jsavin/Frontier/third_party/cmake-src/../cmake-install/share/cmake-3.29/Modules/CMakeDetermineOBJCCompiler.cmake
-- Installing: /Users/jake/dev/jsavin/Frontier/third_party/cmake-src/../cmake-install/share/cmake-3.29/Modules/CTest.cmake
-- Installing: /Users/jake/dev/jsavin/Frontier/third_party/cmake-src/../cmake-install/share/cmake-3.29/Modules/GNUInstallDirs.cmake
-- Installing: /Users/jake/dev/jsavin/Frontier/third_party/cmake-src/../cmake-install/share/cmake-3.29/Modules/FindGettext.cmake
-- Installing: /Users/jake/dev/jsavin/Frontier/third_party/cmake-src/../cmake-install/share/cmake-3.29/Modules/Squish4RunTestCase.bat
-- Installing: /Users/jake/dev/jsavin/Frontier/third_party/cmake-src/../cmake-install/share/cmake-3.29/Modules/SquishRunTestCase.sh
-- Installing: /Users/jake/dev/jsavin/Frontier/third_party/cmake-src/../cmake-install/share/cmake-3.29/Modules/CTestScriptMode.cmake
-- Installing: /Users/jake/dev/jsavin/Frontier/third_party/cmake-src/../cmake-install/share/cmake-3.29/Modules/FindPythonLibs.cmake
-- Installing: /Users/jake/dev/jsavin/Frontier/third_party/cmake-src/../cmake-install/share/cmake-3.29/Modules/FindTclsh.cmake
-- Installing: /Users/jake/dev/jsavin/Frontier/third_party/cmake-src/../cmake-install/share/cmake-3.29/Modules/CheckCompilerFlag.cmake
-- Installing: /Users/jake/dev/jsavin/Frontier/third_party/cmake-src/../cmake-install/share/cmake-3.29/Modules/CMakeAddFortranSubdirectory
-- Installing: /Users/jake/dev/jsavin/Frontier/third_party/cmake-src/../cmake-install/share/cmake-3.29/Modules/CMakeAddFortranSubdirectory/build_mingw.cmake.in
-- Installing: /Users/jake/dev/jsavin/Frontier/third_party/cmake-src/../cmake-install/share/cmake-3.29/Modules/CMakeAddFortranSubdirectory/config_mingw.cmake.in
-- Installing: /Users/jake/dev/jsavin/Frontier/third_party/cmake-src/../cmake-install/share/cmake-3.29/Modules/CMakeFindBinUtils.cmake
-- Installing: /Users/jake/dev/jsavin/Frontier/third_party/cmake-src/../cmake-install/share/cmake-3.29/Modules/FindPython2.cmake
-- Installing: /Users/jake/dev/jsavin/Frontier/third_party/cmake-src/../cmake-install/share/cmake-3.29/Modules/FindZLIB.cmake
-- Installing: /Users/jake/dev/jsavin/Frontier/third_party/cmake-src/../cmake-install/share/cmake-3.29/Modules/FindHDF5.cmake
-- Installing: /Users/jake/dev/jsavin/Frontier/third_party/cmake-src/../cmake-install/share/cmake-3.29/Modules/FindXMLRPC.cmake
-- Installing: /Users/jake/dev/jsavin/Frontier/third_party/cmake-src/../cmake-install/share/cmake-3.29/Modules/FindProtobuf.cmake
-- Installing: /Users/jake/dev/jsavin/Frontier/third_party/cmake-src/../cmake-install/share/cmake-3.29/Modules/CMakeMSYSFindMake.cmake
-- Installing: /Users/jake/dev/jsavin/Frontier/third_party/cmake-src/../cmake-install/share/cmake-3.29/Modules/CheckCSourceRuns.cmake
-- Installing: /Users/jake/dev/jsavin/Frontier/third_party/cmake-src/../cmake-install/share/cmake-3.29/Modules/FindPkgConfig.cmake
-- Installing: /Users/jake/dev/jsavin/Frontier/third_party/cmake-src/../cmake-install/share/cmake-3.29/Modules/CheckOBJCSourceRuns.cmake
-- Installing: /Users/jake/dev/jsavin/Frontier/third_party/cmake-src/../cmake-install/share/cmake-3.29/Modules/CMakeDetermineASM_MARMASMCompiler.cmake
-- Installing: /Users/jake/dev/jsavin/Frontier/third_party/cmake-src/../cmake-install/share/cmake-3.29/Modules/CMakeDetermineCXXCompiler.cmake
-- Installing: /Users/jake/dev/jsavin/Frontier/third_party/cmake-src/../cmake-install/share/cmake-3.29/Modules/CMakePackageConfigHelpers.cmake
-- Installing: /Users/jake/dev/jsavin/Frontier/third_party/cmake-src/../cmake-install/share/cmake-3.29/Modules/CMakeCUDACompilerABI.cu
-- Installing: /Users/jake/dev/jsavin/Frontier/third_party/cmake-src/../cmake-install/share/cmake-3.29/Modules/FindosgIntrospection.cmake
-- Installing: /Users/jake/dev/jsavin/Frontier/third_party/cmake-src/../cmake-install/share/cmake-3.29/Modules/FindLAPACK.cmake
-- Installing: /Users/jake/dev/jsavin/Frontier/third_party/cmake-src/../cmake-install/share/cmake-3.29/Modules/CMakeFortranCompilerABI.F
-- Installing: /Users/jake/dev/jsavin/Frontier/third_party/cmake-src/../cmake-install/share/cmake-3.29/Modules/CMakeSystemSpecificInitialize.cmake
-- Installing: /Users/jake/dev/jsavin/Frontier/third_party/cmake-src/../cmake-install/share/cmake-3.29/Modules/CheckCCompilerFlag.cmake
-- Installing: /Users/jake/dev/jsavin/Frontier/third_party/cmake-src/../cmake-install/share/cmake-3.29/Modules/CheckFortranSourceCompiles.cmake
-- Installing: /Users/jake/dev/jsavin/Frontier/third_party/cmake-src/../cmake-install/share/cmake-3.29/Modules/ExternalProject
-- Installing: /Users/jake/dev/jsavin/Frontier/third_party/cmake-src/../cmake-install/share/cmake-3.29/Modules/ExternalProject/shared_internal_commands.cmake
-- Installing: /Users/jake/dev/jsavin/Frontier/third_party/cmake-src/../cmake-install/share/cmake-3.29/Modules/ExternalProject/hgclone.cmake.in
-- Installing: /Users/jake/dev/jsavin/Frontier/third_party/cmake-src/../cmake-install/share/cmake-3.29/Modules/ExternalProject/verify.cmake.in
-- Installing: /Users/jake/dev/jsavin/Frontier/third_party/cmake-src/../cmake-install/share/cmake-3.29/Modules/ExternalProject/cfgcmd.txt.in
-- Installing: /Users/jake/dev/jsavin/Frontier/third_party/cmake-src/../cmake-install/share/cmake-3.29/Modules/ExternalProject/gitupdate.cmake.in
-- Installing: /Users/jake/dev/jsavin/Frontier/third_party/cmake-src/../cmake-install/share/cmake-3.29/Modules/ExternalProject/extractfile.cmake.in
-- Installing: /Users/jake/dev/jsavin/Frontier/third_party/cmake-src/../cmake-install/share/cmake-3.29/Modules/ExternalProject/gitclone.cmake.in
-- Installing: /Users/jake/dev/jsavin/Frontier/third_party/cmake-src/../cmake-install/share/cmake-3.29/Modules/ExternalProject/PatchInfo.txt.in
-- Installing: /Users/jake/dev/jsavin/Frontier/third_party/cmake-src/../cmake-install/share/cmake-3.29/Modules/ExternalProject/download.cmake.in
-- Installing: /Users/jake/dev/jsavin/Frontier/third_party/cmake-src/../cmake-install/share/cmake-3.29/Modules/ExternalProject/mkdirs.cmake.in
-- Installing: /Users/jake/dev/jsavin/Frontier/third_party/cmake-src/../cmake-install/share/cmake-3.29/Modules/ExternalProject/UpdateInfo.txt.in
-- Installing: /Users/jake/dev/jsavin/Frontier/third_party/cmake-src/../cmake-install/share/cmake-3.29/Modules/ExternalProject/RepositoryInfo.txt.in
-- Installing: /Users/jake/dev/jsavin/Frontier/third_party/cmake-src/../cmake-install/share/cmake-3.29/Modules/CompilerId
-- Installing: /Users/jake/dev/jsavin/Frontier/third_party/cmake-src/../cmake-install/share/cmake-3.29/Modules/CompilerId/main.swift.in
-- Installing: /Users/jake/dev/jsavin/Frontier/third_party/cmake-src/../cmake-install/share/cmake-3.29/Modules/CompilerId/VS-7.vcproj.in
-- Installing: /Users/jake/dev/jsavin/Frontier/third_party/cmake-src/../cmake-install/share/cmake-3.29/Modules/CompilerId/GHS_lib.gpj.in
-- Installing: /Users/jake/dev/jsavin/Frontier/third_party/cmake-src/../cmake-install/share/cmake-3.29/Modules/CompilerId/GHS_default.gpj.in
-- Installing: /Users/jake/dev/jsavin/Frontier/third_party/cmake-src/../cmake-install/share/cmake-3.29/Modules/CompilerId/VS-10.csproj.in
-- Installing: /Users/jake/dev/jsavin/Frontier/third_party/cmake-src/../cmake-install/share/cmake-3.29/Modules/CompilerId/VS-10.vcxproj.in
-- Installing: /Users/jake/dev/jsavin/Frontier/third_party/cmake-src/../cmake-install/share/cmake-3.29/Modules/CompilerId/VS-Intel.vfproj.in
-- Installing: /Users/jake/dev/jsavin/Frontier/third_party/cmake-src/../cmake-install/share/cmake-3.29/Modules/CompilerId/VS-NsightTegra.vcxproj.in
-- Installing: /Users/jake/dev/jsavin/Frontier/third_party/cmake-src/../cmake-install/share/cmake-3.29/Modules/CompilerId/Xcode-3.pbxproj.in
-- Installing: /Users/jake/dev/jsavin/Frontier/third_party/cmake-src/../cmake-install/share/cmake-3.29/Modules/CMakeRCCompiler.cmake.in
-- Installing: /Users/jake/dev/jsavin/Frontier/third_party/cmake-src/../cmake-install/share/cmake-3.29/Modules/FindSDL_mixer.cmake
-- Installing: /Users/jake/dev/jsavin/Frontier/third_party/cmake-src/../cmake-install/share/cmake-3.29/Modules/CMakeSwiftInformation.cmake
-- Installing: /Users/jake/dev/jsavin/Frontier/third_party/cmake-src/../cmake-install/share/cmake-3.29/Modules/CMakeTestASM-ATTCompiler.cmake
-- Installing: /Users/jake/dev/jsavin/Frontier/third_party/cmake-src/../cmake-install/share/cmake-3.29/Modules/FindFLTK2.cmake
-- Installing: /Users/jake/dev/jsavin/Frontier/third_party/cmake-src/../cmake-install/share/cmake-3.29/Modules/CMakeBackwardCompatibilityC.cmake
-- Installing: /Users/jake/dev/jsavin/Frontier/third_party/cmake-src/../cmake-install/share/cmake-3.29/Modules/CMakeCSharpCompiler.cmake.in
-- Installing: /Users/jake/dev/jsavin/Frontier/third_party/cmake-src/../cmake-install/share/cmake-3.29/Modules/CMakeFortranCompiler.cmake.in
-- Installing: /Users/jake/dev/jsavin/Frontier/third_party/cmake-src/../cmake-install/share/cmake-3.29/Modules/CheckVariableExists.cmake
-- Installing: /Users/jake/dev/jsavin/Frontier/third_party/cmake-src/../cmake-install/share/cmake-3.29/Modules/FindosgQt.cmake
-- Installing: /Users/jake/dev/jsavin/Frontier/third_party/cmake-src/../cmake-install/share/cmake-3.29/Modules/CMakeMinGWFindMake.cmake
-- Installing: /Users/jake/dev/jsavin/Frontier/third_party/cmake-src/../cmake-install/share/cmake-3.29/Modules/CheckTypeSizeMap.cmake.in
-- Installing: /Users/jake/dev/jsavin/Frontier/third_party/cmake-src/../cmake-install/share/cmake-3.29/Modules/CMakeLanguageInformation.cmake
-- Installing: /Users/jake/dev/jsavin/Frontier/third_party/cmake-src/../cmake-install/share/cmake-3.29/Modules/CMakeAddNewLanguage.txt
-- Installing: /Users/jake/dev/jsavin/Frontier/third_party/cmake-src/../cmake-install/share/cmake-3.29/Modules/FindX11.cmake
-- Installing: /Users/jake/dev/jsavin/Frontier/third_party/cmake-src/../cmake-install/share/cmake-3.29/Modules/FindPackageMessage.cmake
-- Installing: /Users/jake/dev/jsavin/Frontier/third_party/cmake-src/../cmake-install/share/cmake-3.29/Modules/TestForSSTREAM.cmake
-- Installing: /Users/jake/dev/jsavin/Frontier/third_party/cmake-src/../cmake-install/share/cmake-3.29/Modules/FindMatlab.cmake
-- Installing: /Users/jake/dev/jsavin/Frontier/third_party/cmake-src/../cmake-install/share/cmake-3.29/Modules/TestForSTDNamespace.cxx
-- Installing: /Users/jake/dev/jsavin/Frontier/third_party/cmake-src/../cmake-install/share/cmake-3.29/Modules/CMakeJavaCompiler.cmake.in
-- Installing: /Users/jake/dev/jsavin/Frontier/third_party/cmake-src/../cmake-install/share/cmake-3.29/Modules/CMakeCompilerCUDAArch.h
-- Installing: /Users/jake/dev/jsavin/Frontier/third_party/cmake-src/../cmake-install/share/cmake-3.29/Modules/TestCXXAcceptsFlag.cmake
-- Installing: /Users/jake/dev/jsavin/Frontier/third_party/cmake-src/../cmake-install/share/cmake-3.29/Modules/FindosgDB.cmake
-- Installing: /Users/jake/dev/jsavin/Frontier/third_party/cmake-src/../cmake-install/share/cmake-3.29/Modules/kde3uic.cmake
-- Installing: /Users/jake/dev/jsavin/Frontier/third_party/cmake-src/../cmake-install/share/cmake-3.29/Modules/WriteBasicConfigVersionFile.cmake
-- Installing: /Users/jake/dev/jsavin/Frontier/third_party/cmake-src/../cmake-install/share/cmake-3.29/Modules/UseEcos.cmake
-- Installing: /Users/jake/dev/jsavin/Frontier/third_party/cmake-src/../cmake-install/share/cmake-3.29/Modules/CMakeParseImplicitLinkInfo.cmake
-- Installing: /Users/jake/dev/jsavin/Frontier/third_party/cmake-src/../cmake-install/share/cmake-3.29/Modules/CMakeFindKate.cmake
-- Installing: /Users/jake/dev/jsavin/Frontier/third_party/cmake-src/../cmake-install/share/cmake-3.29/Modules/CMakeFindDependencyMacro.cmake
-- Installing: /Users/jake/dev/jsavin/Frontier/third_party/cmake-src/../cmake-install/share/cmake-3.29/Modules/TestForAnsiForScope.cxx
-- Installing: /Users/jake/dev/jsavin/Frontier/third_party/cmake-src/../cmake-install/share/cmake-3.29/Modules/CMakeParseLibraryArchitecture.cmake
-- Installing: /Users/jake/dev/jsavin/Frontier/third_party/cmake-src/../cmake-install/share/cmake-3.29/Modules/CMakeTestOBJCXXCompiler.cmake
-- Installing: /Users/jake/dev/jsavin/Frontier/third_party/cmake-src/../cmake-install/share/cmake-3.29/Modules/CMakeOBJCInformation.cmake
-- Installing: /Users/jake/dev/jsavin/Frontier/third_party/cmake-src/../cmake-install/share/cmake-3.29/Modules/Compiler
-- Installing: /Users/jake/dev/jsavin/Frontier/third_party/cmake-src/../cmake-install/share/cmake-3.29/Modules/Compiler/Fujitsu-C.cmake
-- Installing: /Users/jake/dev/jsavin/Frontier/third_party/cmake-src/../cmake-install/share/cmake-3.29/Modules/Compiler/AppleClang-C.cmake
-- Installing: /Users/jake/dev/jsavin/Frontier/third_party/cmake-src/../cmake-install/share/cmake-3.29/Modules/Compiler/TIClang.cmake
-- Installing: /Users/jake/dev/jsavin/Frontier/third_party/cmake-src/../cmake-install/share/cmake-3.29/Modules/Compiler/ARMClang-CXX.cmake
-- Installing: /Users/jake/dev/jsavin/Frontier/third_party/cmake-src/../cmake-install/share/cmake-3.29/Modules/Compiler/CrayPrgEnv.cmake
-- Installing: /Users/jake/dev/jsavin/Frontier/third_party/cmake-src/../cmake-install/share/cmake-3.29/Modules/Compiler/Flang-FindBinUtils.cmake
-- Installing: /Users/jake/dev/jsavin/Frontier/third_party/cmake-src/../cmake-install/share/cmake-3.29/Modules/Compiler/IBMClang-CXX-DetermineCompiler.cmake
-- Installing: /Users/jake/dev/jsavin/Frontier/third_party/cmake-src/../cmake-install/share/cmake-3.29/Modules/Compiler/IAR-CXX.cmake
-- Installing: /Users/jake/dev/jsavin/Frontier/third_party/cmake-src/../cmake-install/share/cmake-3.29/Modules/Compiler/LCC-Fortran.cmake
-- Installing: /Users/jake/dev/jsavin/Frontier/third_party/cmake-src/../cmake-install/share/cmake-3.29/Modules/Compiler/MSVC-C.cmake
-- Installing: /Users/jake/dev/jsavin/Frontier/third_party/cmake-src/../cmake-install/share/cmake-3.29/Modules/Compiler/Borland-DetermineCompiler.cmake
-- Installing: /Users/jake/dev/jsavin/Frontier/third_party/cmake-src/../cmake-install/share/cmake-3.29/Modules/Compiler/OrangeC-C.cmake
-- Installing: /Users/jake/dev/jsavin/Frontier/third_party/cmake-src/../cmake-install/share/cmake-3.29/Modules/Compiler/IAR-C.cmake
-- Installing: /Users/jake/dev/jsavin/Frontier/third_party/cmake-src/../cmake-install/share/cmake-3.29/Modules/Compiler/SCO-C.cmake
-- Installing: /Users/jake/dev/jsavin/Frontier/third_party/cmake-src/../cmake-install/share/cmake-3.29/Modules/Compiler/ADSP-ASM.cmake
-- Installing: /Users/jake/dev/jsavin/Frontier/third_party/cmake-src/../cmake-install/share/cmake-3.29/Modules/Compiler/XLClang.cmake
-- Installing: /Users/jake/dev/jsavin/Frontier/third_party/cmake-src/../cmake-install/share/cmake-3.29/Modules/Compiler/NVIDIA-CUDA.cmake
-- Installing: /Users/jake/dev/jsavin/Frontier/third_party/cmake-src/../cmake-install/share/cmake-3.29/Modules/Compiler/Cray-DetermineCompiler.cmake
-- Installing: /Users/jake/dev/jsavin/Frontier/third_party/cmake-src/../cmake-install/share/cmake-3.29/Modules/Compiler/Flang-Fortran.cmake
-- Installing: /Users/jake/dev/jsavin/Frontier/third_party/cmake-src/../cmake-install/share/cmake-3.29/Modules/Compiler/AppleClang-OBJCXX.cmake
-- Installing: /Users/jake/dev/jsavin/Frontier/third_party/cmake-src/../cmake-install/share/cmake-3.29/Modules/Compiler/CrayClang-C.cmake
-- Installing: /Users/jake/dev/jsavin/Frontier/third_party/cmake-src/../cmake-install/share/cmake-3.29/Modules/Compiler/SunPro-C.cmake
-- Installing: /Users/jake/dev/jsavin/Frontier/third_party/cmake-src/../cmake-install/share/cmake-3.29/Modules/Compiler/QCC-CXX.cmake
-- Installing: /Users/jake/dev/jsavin/Frontier/third_party/cmake-src/../cmake-install/share/cmake-3.29/Modules/Compiler/SunPro-CXX-FeatureTests.cmake
-- Installing: /Users/jake/dev/jsavin/Frontier/third_party/cmake-src/../cmake-install/share/cmake-3.29/Modules/Compiler/Clang-DetermineCompilerInternal.cmake
-- Installing: /Users/jake/dev/jsavin/Frontier/third_party/cmake-src/../cmake-install/share/cmake-3.29/Modules/Compiler/SCO.cmake
-- Installing: /Users/jake/dev/jsavin/Frontier/third_party/cmake-src/../cmake-install/share/cmake-3.29/Modules/Compiler/GNU-OBJCXX.cmake
-- Installing: /Users/jake/dev/jsavin/Frontier/third_party/cmake-src/../cmake-install/share/cmake-3.29/Modules/Compiler/ARMClang.cmake
-- Installing: /Users/jake/dev/jsavin/Frontier/third_party/cmake-src/../cmake-install/share/cmake-3.29/Modules/Compiler/Compaq-CXX-DetermineCompiler.cmake
-- Installing: /Users/jake/dev/jsavin/Frontier/third_party/cmake-src/../cmake-install/share/cmake-3.29/Modules/Compiler/GHS-CXX.cmake
-- Installing: /Users/jake/dev/jsavin/Frontier/third_party/cmake-src/../cmake-install/share/cmake-3.29/Modules/Compiler/OrangeC-CXX.cmake
-- Installing: /Users/jake/dev/jsavin/Frontier/third_party/cmake-src/../cmake-install/share/cmake-3.29/Modules/Compiler/SCO-DetermineCompiler.cmake
-- Installing: /Users/jake/dev/jsavin/Frontier/third_party/cmake-src/../cmake-install/share/cmake-3.29/Modules/Compiler/GNU-CXX-FeatureTests.cmake
-- Installing: /Users/jake/dev/jsavin/Frontier/third_party/cmake-src/../cmake-install/share/cmake-3.29/Modules/Compiler/Embarcadero-DetermineCompiler.cmake
-- Installing: /Users/jake/dev/jsavin/Frontier/third_party/cmake-src/../cmake-install/share/cmake-3.29/Modules/Compiler/Fujitsu-CXX.cmake
-- Installing: /Users/jake/dev/jsavin/Frontier/third_party/cmake-src/../cmake-install/share/cmake-3.29/Modules/Compiler/LCC-C-DetermineCompiler.cmake
-- Installing: /Users/jake/dev/jsavin/Frontier/third_party/cmake-src/../cmake-install/share/cmake-3.29/Modules/Compiler/PathScale.cmake
-- Installing: /Users/jake/dev/jsavin/Frontier/third_party/cmake-src/../cmake-install/share/cmake-3.29/Modules/Compiler/Tasking-FindBinUtils.cmake
-- Installing: /Users/jake/dev/jsavin/Frontier/third_party/cmake-src/../cmake-install/share/cmake-3.29/Modules/Compiler/VisualAge-Fortran.cmake
-- Installing: /Users/jake/dev/jsavin/Frontier/third_party/cmake-src/../cmake-install/share/cmake-3.29/Modules/Compiler/Bruce-C.cmake
-- Installing: /Users/jake/dev/jsavin/Frontier/third_party/cmake-src/../cmake-install/share/cmake-3.29/Modules/Compiler/XL-C.cmake
-- Installing: /Users/jake/dev/jsavin/Frontier/third_party/cmake-src/../cmake-install/share/cmake-3.29/Modules/Compiler/QCC-C-FeatureTests.cmake
-- Installing: /Users/jake/dev/jsavin/Frontier/third_party/cmake-src/../cmake-install/share/cmake-3.29/Modules/Compiler/HP-CXX-DetermineCompiler.cmake
-- Installing: /Users/jake/dev/jsavin/Frontier/third_party/cmake-src/../cmake-install/share/cmake-3.29/Modules/Compiler/IBMCPP-C-DetermineVersionInternal.cmake
-- Installing: /Users/jake/dev/jsavin/Frontier/third_party/cmake-src/../cmake-install/share/cmake-3.29/Modules/Compiler/G95-Fortran.cmake
-- Installing: /Users/jake/dev/jsavin/Frontier/third_party/cmake-src/../cmake-install/share/cmake-3.29/Modules/Compiler/MSVC-C-FeatureTests.cmake
-- Installing: /Users/jake/dev/jsavin/Frontier/third_party/cmake-src/../cmake-install/share/cmake-3.29/Modules/Compiler/Intel-CXX-FeatureTests.cmake
-- Installing: /Users/jake/dev/jsavin/Frontier/third_party/cmake-src/../cmake-install/share/cmake-3.29/Modules/Compiler/IBMClang-CXX.cmake
-- Installing: /Users/jake/dev/jsavin/Frontier/third_party/cmake-src/../cmake-install/share/cmake-3.29/Modules/Compiler/XLClang-CXX-DetermineCompiler.cmake
-- Installing: /Users/jake/dev/jsavin/Frontier/third_party/cmake-src/../cmake-install/share/cmake-3.29/Modules/Compiler/GNU-CXX-DetermineCompiler.cmake
-- Installing: /Users/jake/dev/jsavin/Frontier/third_party/cmake-src/../cmake-install/share/cmake-3.29/Modules/Compiler/Clang-CXX-FeatureTests.cmake
-- Installing: /Users/jake/dev/jsavin/Frontier/third_party/cmake-src/../cmake-install/share/cmake-3.29/Modules/Compiler/PGI.cmake
-- Installing: /Users/jake/dev/jsavin/Frontier/third_party/cmake-src/../cmake-install/share/cmake-3.29/Modules/Compiler/OpenWatcom-CXX.cmake
-- Installing: /Users/jake/dev/jsavin/Frontier/third_party/cmake-src/../cmake-install/share/cmake-3.29/Modules/Compiler/ARMClang-ASM.cmake
-- Installing: /Users/jake/dev/jsavin/Frontier/third_party/cmake-src/../cmake-install/share/cmake-3.29/Modules/Compiler/ADSP-C.cmake
-- Installing: /Users/jake/dev/jsavin/Frontier/third_party/cmake-src/../cmake-install/share/cmake-3.29/Modules/Compiler/Cray-Fortran.cmake
-- Installing: /Users/jake/dev/jsavin/Frontier/third_party/cmake-src/../cmake-install/share/cmake-3.29/Modules/Compiler/TIClang-DetermineCompiler.cmake
-- Installing: /Users/jake/dev/jsavin/Frontier/third_party/cmake-src/../cmake-install/share/cmake-3.29/Modules/Compiler/IntelLLVM-DetermineCompiler.cmake
-- Installing: /Users/jake/dev/jsavin/Frontier/third_party/cmake-src/../cmake-install/share/cmake-3.29/Modules/Compiler/IAR-ASM.cmake
-- Installing: /Users/jake/dev/jsavin/Frontier/third_party/cmake-src/../cmake-install/share/cmake-3.29/Modules/Compiler/Clang-DetermineCompiler.cmake
-- Installing: /Users/jake/dev/jsavin/Frontier/third_party/cmake-src/../cmake-install/share/cmake-3.29/Modules/Compiler/OpenWatcom-DetermineCompiler.cmake
-- Installing: /Users/jake/dev/jsavin/Frontier/third_party/cmake-src/../cmake-install/share/cmake-3.29/Modules/Compiler/VisualAge-CXX-DetermineCompiler.cmake
-- Installing: /Users/jake/dev/jsavin/Frontier/third_party/cmake-src/../cmake-install/share/cmake-3.29/Modules/Compiler/zOS-CXX-DetermineCompiler.cmake
-- Installing: /Users/jake/dev/jsavin/Frontier/third_party/cmake-src/../cmake-install/share/cmake-3.29/Modules/Compiler/PGI-CXX.cmake
-- Installing: /Users/jake/dev/jsavin/Frontier/third_party/cmake-src/../cmake-install/share/cmake-3.29/Modules/Compiler/IBMClang-C.cmake
-- Installing: /Users/jake/dev/jsavin/Frontier/third_party/cmake-src/../cmake-install/share/cmake-3.29/Modules/Compiler/ADSP-CXX.cmake
-- Installing: /Users/jake/dev/jsavin/Frontier/third_party/cmake-src/../cmake-install/share/cmake-3.29/Modules/Compiler/Compaq-C-DetermineCompiler.cmake
-- Installing: /Users/jake/dev/jsavin/Frontier/third_party/cmake-src/../cmake-install/share/cmake-3.29/Modules/Compiler/GNU-C-DetermineCompiler.cmake
-- Installing: /Users/jake/dev/jsavin/Frontier/third_party/cmake-src/../cmake-install/share/cmake-3.29/Modules/Compiler/HP-Fortran.cmake
-- Installing: /Users/jake/dev/jsavin/Frontier/third_party/cmake-src/../cmake-install/share/cmake-3.29/Modules/Compiler/GNU-FindBinUtils.cmake
-- Installing: /Users/jake/dev/jsavin/Frontier/third_party/cmake-src/../cmake-install/share/cmake-3.29/Modules/Compiler/GHS-C.cmake
-- Installing: /Users/jake/dev/jsavin/Frontier/third_party/cmake-src/../cmake-install/share/cmake-3.29/Modules/Compiler/Clang-FindBinUtils.cmake
-- Installing: /Users/jake/dev/jsavin/Frontier/third_party/cmake-src/../cmake-install/share/cmake-3.29/Modules/Compiler/QCC-ASM.cmake
-- Installing: /Users/jake/dev/jsavin/Frontier/third_party/cmake-src/../cmake-install/share/cmake-3.29/Modules/Compiler/AppleClang-DetermineCompiler.cmake
-- Installing: /Users/jake/dev/jsavin/Frontier/third_party/cmake-src/../cmake-install/share/cmake-3.29/Modules/Compiler/IntelLLVM-Fortran.cmake
-- Installing: /Users/jake/dev/jsavin/Frontier/third_party/cmake-src/../cmake-install/share/cmake-3.29/Modules/Compiler/PGI-Fortran.cmake
-- Installing: /Users/jake/dev/jsavin/Frontier/third_party/cmake-src/../cmake-install/share/cmake-3.29/Modules/Compiler/NVHPC-Fortran.cmake
-- Installing: /Users/jake/dev/jsavin/Frontier/third_party/cmake-src/../cmake-install/share/cmake-3.29/Modules/Compiler/XL-C-DetermineCompiler.cmake
-- Installing: /Users/jake/dev/jsavin/Frontier/third_party/cmake-src/../cmake-install/share/cmake-3.29/Modules/Compiler/OrangeC-ASM.cmake
-- Installing: /Users/jake/dev/jsavin/Frontier/third_party/cmake-src/../cmake-install/share/cmake-3.29/Modules/Compiler/HP-C-DetermineCompiler.cmake
-- Installing: /Users/jake/dev/jsavin/Frontier/third_party/cmake-src/../cmake-install/share/cmake-3.29/Modules/Compiler/IBMClang-C-DetermineCompiler.cmake
-- Installing: /Users/jake/dev/jsavin/Frontier/third_party/cmake-src/../cmake-install/share/cmake-3.29/Modules/Compiler/Clang.cmake
-- Installing: /Users/jake/dev/jsavin/Frontier/third_party/cmake-src/../cmake-install/share/cmake-3.29/Modules/Compiler/NVIDIA-HIP.cmake
-- Installing: /Users/jake/dev/jsavin/Frontier/third_party/cmake-src/../cmake-install/share/cmake-3.29/Modules/Compiler/GNU-OBJC.cmake
-- Installing: /Users/jake/dev/jsavin/Frontier/third_party/cmake-src/../cmake-install/share/cmake-3.29/Modules/Compiler/CrayClang-DetermineCompiler.cmake
-- Installing: /Users/jake/dev/jsavin/Frontier/third_party/cmake-src/../cmake-install/share/cmake-3.29/Modules/Compiler/PGI-DetermineCompiler.cmake
-- Installing: /Users/jake/dev/jsavin/Frontier/third_party/cmake-src/../cmake-install/share/cmake-3.29/Modules/Compiler/FujitsuClang-DetermineCompiler.cmake
-- Installing: /Users/jake/dev/jsavin/Frontier/third_party/cmake-src/../cmake-install/share/cmake-3.29/Modules/Compiler/XLClang-CXX.cmake
-- Installing: /Users/jake/dev/jsavin/Frontier/third_party/cmake-src/../cmake-install/share/cmake-3.29/Modules/Compiler/QCC-C.cmake
-- Installing: /Users/jake/dev/jsavin/Frontier/third_party/cmake-src/../cmake-install/share/cmake-3.29/Modules/Compiler/SunPro-CXX-DetermineCompiler.cmake
-- Installing: /Users/jake/dev/jsavin/Frontier/third_party/cmake-src/../cmake-install/share/cmake-3.29/Modules/Compiler/GHS-DetermineCompiler.cmake
-- Installing: /Users/jake/dev/jsavin/Frontier/third_party/cmake-src/../cmake-install/share/cmake-3.29/Modules/Compiler/Watcom-DetermineCompiler.cmake
-- Installing: /Users/jake/dev/jsavin/Frontier/third_party/cmake-src/../cmake-install/share/cmake-3.29/Modules/Compiler/IAR-DetermineCompiler.cmake
-- Installing: /Users/jake/dev/jsavin/Frontier/third_party/cmake-src/../cmake-install/share/cmake-3.29/Modules/Compiler/IBMClang-ASM.cmake
-- Installing: /Users/jake/dev/jsavin/Frontier/third_party/cmake-src/../cmake-install/share/cmake-3.29/Modules/Compiler/Tasking-C.cmake
-- Installing: /Users/jake/dev/jsavin/Frontier/third_party/cmake-src/../cmake-install/share/cmake-3.29/Modules/Compiler/SDCC-C-DetermineCompiler.cmake
-- Installing: /Users/jake/dev/jsavin/Frontier/third_party/cmake-src/../cmake-install/share/cmake-3.29/Modules/Compiler/LCC-FindBinUtils.cmake
-- Installing: /Users/jake/dev/jsavin/Frontier/third_party/cmake-src/../cmake-install/share/cmake-3.29/Modules/Compiler/IntelLLVM.cmake
-- Installing: /Users/jake/dev/jsavin/Frontier/third_party/cmake-src/../cmake-install/share/cmake-3.29/Modules/Compiler/Clang-ASM.cmake
-- Installing: /Users/jake/dev/jsavin/Frontier/third_party/cmake-src/../cmake-install/share/cmake-3.29/Modules/Compiler/Intel-ASM.cmake
-- Installing: /Users/jake/dev/jsavin/Frontier/third_party/cmake-src/../cmake-install/share/cmake-3.29/Modules/Compiler/VisualAge-C.cmake
-- Installing: /Users/jake/dev/jsavin/Frontier/third_party/cmake-src/../cmake-install/share/cmake-3.29/Modules/Compiler/LCC-C.cmake
-- Installing: /Users/jake/dev/jsavin/Frontier/third_party/cmake-src/../cmake-install/share/cmake-3.29/Modules/Compiler/XL-CXX-DetermineCompiler.cmake
-- Installing: /Users/jake/dev/jsavin/Frontier/third_party/cmake-src/../cmake-install/share/cmake-3.29/Modules/Compiler/Clang-HIP.cmake
-- Installing: /Users/jake/dev/jsavin/Frontier/third_party/cmake-src/../cmake-install/share/cmake-3.29/Modules/Compiler/SCO-CXX.cmake
-- Installing: /Users/jake/dev/jsavin/Frontier/third_party/cmake-src/../cmake-install/share/cmake-3.29/Modules/Compiler/MSVC-DetermineCompiler.cmake
-- Installing: /Users/jake/dev/jsavin/Frontier/third_party/cmake-src/../cmake-install/share/cmake-3.29/Modules/Compiler/XLClang-C.cmake
-- Installing: /Users/jake/dev/jsavin/Frontier/third_party/cmake-src/../cmake-install/share/cmake-3.29/Modules/Compiler/Clang-OBJCXX.cmake
-- Installing: /Users/jake/dev/jsavin/Frontier/third_party/cmake-src/../cmake-install/share/cmake-3.29/Modules/Compiler/Tasking.cmake
-- Installing: /Users/jake/dev/jsavin/Frontier/third_party/cmake-src/../cmake-install/share/cmake-3.29/Modules/Compiler/IAR.cmake
-- Installing: /Users/jake/dev/jsavin/Frontier/third_party/cmake-src/../cmake-install/share/cmake-3.29/Modules/Compiler/TI-DetermineCompiler.cmake
-- Installing: /Users/jake/dev/jsavin/Frontier/third_party/cmake-src/../cmake-install/share/cmake-3.29/Modules/Compiler/ARMClang-DetermineCompiler.cmake
-- Installing: /Users/jake/dev/jsavin/Frontier/third_party/cmake-src/../cmake-install/share/cmake-3.29/Modules/Compiler/Intel-ISPC.cmake
-- Installing: /Users/jake/dev/jsavin/Frontier/third_party/cmake-src/../cmake-install/share/cmake-3.29/Modules/Compiler/Intel-C.cmake
-- Installing: /Users/jake/dev/jsavin/Frontier/third_party/cmake-src/../cmake-install/share/cmake-3.29/Modules/Compiler/Cray-C.cmake
-- Installing: /Users/jake/dev/jsavin/Frontier/third_party/cmake-src/../cmake-install/share/cmake-3.29/Modules/Compiler/CrayClang.cmake
-- Installing: /Users/jake/dev/jsavin/Frontier/third_party/cmake-src/../cmake-install/share/cmake-3.29/Modules/Compiler/GNU-C-FeatureTests.cmake
-- Installing: /Users/jake/dev/jsavin/Frontier/third_party/cmake-src/../cmake-install/share/cmake-3.29/Modules/Compiler/LCC-CXX-DetermineCompiler.cmake
-- Installing: /Users/jake/dev/jsavin/Frontier/third_party/cmake-src/../cmake-install/share/cmake-3.29/Modules/Compiler/GNU-ASM.cmake
-- Installing: /Users/jake/dev/jsavin/Frontier/third_party/cmake-src/../cmake-install/share/cmake-3.29/Modules/Compiler/GNU-C.cmake
-- Installing: /Users/jake/dev/jsavin/Frontier/third_party/cmake-src/../cmake-install/share/cmake-3.29/Modules/Compiler/NVHPC-DetermineCompiler.cmake
-- Installing: /Users/jake/dev/jsavin/Frontier/third_party/cmake-src/../cmake-install/share/cmake-3.29/Modules/Compiler/ARMCC.cmake
-- Installing: /Users/jake/dev/jsavin/Frontier/third_party/cmake-src/../cmake-install/share/cmake-3.29/Modules/Compiler/ADSP.cmake
-- Installing: /Users/jake/dev/jsavin/Frontier/third_party/cmake-src/../cmake-install/share/cmake-3.29/Modules/Compiler/LCC.cmake
-- Installing: /Users/jake/dev/jsavin/Frontier/third_party/cmake-src/../cmake-install/share/cmake-3.29/Modules/Compiler/NVHPC-C.cmake
-- Installing: /Users/jake/dev/jsavin/Frontier/third_party/cmake-src/../cmake-install/share/cmake-3.29/Modules/Compiler/FujitsuClang-C.cmake
-- Installing: /Users/jake/dev/jsavin/Frontier/third_party/cmake-src/../cmake-install/share/cmake-3.29/Modules/Compiler/NVIDIA.cmake
-- Installing: /Users/jake/dev/jsavin/Frontier/third_party/cmake-src/../cmake-install/share/cmake-3.29/Modules/Compiler/ARMClang-C-FeatureTests.cmake
-- Installing: /Users/jake/dev/jsavin/Frontier/third_party/cmake-src/../cmake-install/share/cmake-3.29/Modules/Compiler/IntelLLVM-C.cmake
-- Installing: /Users/jake/dev/jsavin/Frontier/third_party/cmake-src/../cmake-install/share/cmake-3.29/Modules/Compiler/AppleClang-CXX-FeatureTests.cmake
-- Installing: /Users/jake/dev/jsavin/Frontier/third_party/cmake-src/../cmake-install/share/cmake-3.29/Modules/Compiler/AppleClang-C-FeatureTests.cmake
-- Installing: /Users/jake/dev/jsavin/Frontier/third_party/cmake-src/../cmake-install/share/cmake-3.29/Modules/Compiler/SunPro.cmake
-- Installing: /Users/jake/dev/jsavin/Frontier/third_party/cmake-src/../cmake-install/share/cmake-3.29/Modules/Compiler/HP-ASM.cmake
-- Installing: /Users/jake/dev/jsavin/Frontier/third_party/cmake-src/../cmake-install/share/cmake-3.29/Modules/Compiler/GHS.cmake
-- Installing: /Users/jake/dev/jsavin/Frontier/third_party/cmake-src/../cmake-install/share/cmake-3.29/Modules/Compiler/PGI-C.cmake
-- Installing: /Users/jake/dev/jsavin/Frontier/third_party/cmake-src/../cmake-install/share/cmake-3.29/Modules/Compiler/Cray-CXX.cmake
-- Installing: /Users/jake/dev/jsavin/Frontier/third_party/cmake-src/../cmake-install/share/cmake-3.29/Modules/Compiler/SunPro-Fortran.cmake
-- Installing: /Users/jake/dev/jsavin/Frontier/third_party/cmake-src/../cmake-install/share/cmake-3.29/Modules/Compiler/TIClang-CXX.cmake
-- Installing: /Users/jake/dev/jsavin/Frontier/third_party/cmake-src/../cmake-install/share/cmake-3.29/Modules/Compiler/SunPro-ASM.cmake
-- Installing: /Users/jake/dev/jsavin/Frontier/third_party/cmake-src/../cmake-install/share/cmake-3.29/Modules/Compiler/SunPro-C-FeatureTests.cmake
-- Installing: /Users/jake/dev/jsavin/Frontier/third_party/cmake-src/../cmake-install/share/cmake-3.29/Modules/Compiler/IntelLLVM-ASM.cmake
-- Installing: /Users/jake/dev/jsavin/Frontier/third_party/cmake-src/../cmake-install/share/cmake-3.29/Modules/Compiler/XL-Fortran.cmake
-- Installing: /Users/jake/dev/jsavin/Frontier/third_party/cmake-src/../cmake-install/share/cmake-3.29/Modules/Compiler/ADSP-DetermineCompiler.cmake
-- Installing: /Users/jake/dev/jsavin/Frontier/third_party/cmake-src/../cmake-install/share/cmake-3.29/Modules/Compiler/XL-CXX.cmake
-- Installing: /Users/jake/dev/jsavin/Frontier/third_party/cmake-src/../cmake-install/share/cmake-3.29/Modules/Compiler/Tasking-DetermineCompiler.cmake
-- Installing: /Users/jake/dev/jsavin/Frontier/third_party/cmake-src/../cmake-install/share/cmake-3.29/Modules/Compiler/MSVC.cmake
-- Installing: /Users/jake/dev/jsavin/Frontier/third_party/cmake-src/../cmake-install/share/cmake-3.29/Modules/Compiler/AppleClang-ASM.cmake
-- Installing: /Users/jake/dev/jsavin/Frontier/third_party/cmake-src/../cmake-install/share/cmake-3.29/Modules/Compiler/CrayPrgEnv-CXX.cmake
-- Installing: /Users/jake/dev/jsavin/Frontier/third_party/cmake-src/../cmake-install/share/cmake-3.29/Modules/Compiler/LCC-CXX-FeatureTests.cmake
-- Installing: /Users/jake/dev/jsavin/Frontier/third_party/cmake-src/../cmake-install/share/cmake-3.29/Modules/Compiler/XL.cmake
-- Installing: /Users/jake/dev/jsavin/Frontier/third_party/cmake-src/../cmake-install/share/cmake-3.29/Modules/Compiler/Cray.cmake
-- Installing: /Users/jake/dev/jsavin/Frontier/third_party/cmake-src/../cmake-install/share/cmake-3.29/Modules/Compiler/MSVC-CXX.cmake
-- Installing: /Users/jake/dev/jsavin/Frontier/third_party/cmake-src/../cmake-install/share/cmake-3.29/Modules/Compiler/ARMCC-CXX.cmake
-- Installing: /Users/jake/dev/jsavin/Frontier/third_party/cmake-src/../cmake-install/share/cmake-3.29/Modules/Compiler/TIClang-C-FeatureTests.cmake
-- Installing: /Users/jake/dev/jsavin/Frontier/third_party/cmake-src/../cmake-install/share/cmake-3.29/Modules/Compiler/TinyCC-C-DetermineCompiler.cmake
-- Installing: /Users/jake/dev/jsavin/Frontier/third_party/cmake-src/../cmake-install/share/cmake-3.29/Modules/Compiler/Bruce-C-DetermineCompiler.cmake
-- Installing: /Users/jake/dev/jsavin/Frontier/third_party/cmake-src/../cmake-install/share/cmake-3.29/Modules/Compiler/QCC.cmake
-- Installing: /Users/jake/dev/jsavin/Frontier/third_party/cmake-src/../cmake-install/share/cmake-3.29/Modules/Compiler/TI-ASM.cmake
-- Installing: /Users/jake/dev/jsavin/Frontier/third_party/cmake-src/../cmake-install/share/cmake-3.29/Modules/Compiler/NAG-Fortran.cmake
-- Installing: /Users/jake/dev/jsavin/Frontier/third_party/cmake-src/../cmake-install/share/cmake-3.29/Modules/Compiler/CCur-Fortran.cmake
-- Installing: /Users/jake/dev/jsavin/Frontier/third_party/cmake-src/../cmake-install/share/cmake-3.29/Modules/Compiler/ARMClang-C.cmake
-- Installing: /Users/jake/dev/jsavin/Frontier/third_party/cmake-src/../cmake-install/share/cmake-3.29/Modules/Compiler/TI-C.cmake
-- Installing: /Users/jake/dev/jsavin/Frontier/third_party/cmake-src/../cmake-install/share/cmake-3.29/Modules/Compiler/LCC-C-FeatureTests.cmake
-- Installing: /Users/jake/dev/jsavin/Frontier/third_party/cmake-src/../cmake-install/share/cmake-3.29/Modules/Compiler/Tasking-ASM.cmake
-- Installing: /Users/jake/dev/jsavin/Frontier/third_party/cmake-src/../cmake-install/share/cmake-3.29/Modules/Compiler/MSVC-CXX-FeatureTests.cmake
-- Installing: /Users/jake/dev/jsavin/Frontier/third_party/cmake-src/../cmake-install/share/cmake-3.29/Modules/Compiler/PathScale-Fortran.cmake
-- Installing: /Users/jake/dev/jsavin/Frontier/third_party/cmake-src/../cmake-install/share/cmake-3.29/Modules/Compiler/OpenWatcom.cmake
-- Installing: /Users/jake/dev/jsavin/Frontier/third_party/cmake-src/../cmake-install/share/cmake-3.29/Modules/Compiler/Clang-C-FeatureTests.cmake
-- Installing: /Users/jake/dev/jsavin/Frontier/third_party/cmake-src/../cmake-install/share/cmake-3.29/Modules/Compiler/OpenWatcom-C.cmake
-- Installing: /Users/jake/dev/jsavin/Frontier/third_party/cmake-src/../cmake-install/share/cmake-3.29/Modules/Compiler/GNU-Fortran.cmake
-- Installing: /Users/jake/dev/jsavin/Frontier/third_party/cmake-src/../cmake-install/share/cmake-3.29/Modules/Compiler/zOS-C-DetermineCompiler.cmake
-- Installing: /Users/jake/dev/jsavin/Frontier/third_party/cmake-src/../cmake-install/share/cmake-3.29/Modules/Compiler/VisualAge-CXX.cmake
-- Installing: /Users/jake/dev/jsavin/Frontier/third_party/cmake-src/../cmake-install/share/cmake-3.29/Modules/Compiler/TIClang-C.cmake
-- Installing: /Users/jake/dev/jsavin/Frontier/third_party/cmake-src/../cmake-install/share/cmake-3.29/Modules/Compiler/Clang-CXX.cmake
-- Installing: /Users/jake/dev/jsavin/Frontier/third_party/cmake-src/../cmake-install/share/cmake-3.29/Modules/Compiler/Intel-CXX.cmake
-- Installing: /Users/jake/dev/jsavin/Frontier/third_party/cmake-src/../cmake-install/share/cmake-3.29/Modules/Compiler/SunPro-C-DetermineCompiler.cmake
-- Installing: /Users/jake/dev/jsavin/Frontier/third_party/cmake-src/../cmake-install/share/cmake-3.29/Modules/Compiler/TinyCC-C.cmake
-- Installing: /Users/jake/dev/jsavin/Frontier/third_party/cmake-src/../cmake-install/share/cmake-3.29/Modules/Compiler/XLClang-C-DetermineCompiler.cmake
-- Installing: /Users/jake/dev/jsavin/Frontier/third_party/cmake-src/../cmake-install/share/cmake-3.29/Modules/Compiler/PathScale-C.cmake
-- Installing: /Users/jake/dev/jsavin/Frontier/third_party/cmake-src/../cmake-install/share/cmake-3.29/Modules/Compiler/NVHPC-CXX.cmake
-- Installing: /Users/jake/dev/jsavin/Frontier/third_party/cmake-src/../cmake-install/share/cmake-3.29/Modules/Compiler/LLVMFlang-Fortran.cmake
-- Installing: /Users/jake/dev/jsavin/Frontier/third_party/cmake-src/../cmake-install/share/cmake-3.29/Modules/Compiler/ARMClang-CXX-FeatureTests.cmake
-- Installing: /Users/jake/dev/jsavin/Frontier/third_party/cmake-src/../cmake-install/share/cmake-3.29/Modules/Compiler/LCC-CXX.cmake
-- Installing: /Users/jake/dev/jsavin/Frontier/third_party/cmake-src/../cmake-install/share/cmake-3.29/Modules/Compiler/OrangeC.cmake
-- Installing: /Users/jake/dev/jsavin/Frontier/third_party/cmake-src/../cmake-install/share/cmake-3.29/Modules/Compiler/FujitsuClang-FindBinUtils.cmake
-- Installing: /Users/jake/dev/jsavin/Frontier/third_party/cmake-src/../cmake-install/share/cmake-3.29/Modules/Compiler/Intel-Fortran.cmake
-- Installing: /Users/jake/dev/jsavin/Frontier/third_party/cmake-src/../cmake-install/share/cmake-3.29/Modules/Compiler/Clang-OBJC.cmake
-- Installing: /Users/jake/dev/jsavin/Frontier/third_party/cmake-src/../cmake-install/share/cmake-3.29/Modules/Compiler/ARMCC-DetermineCompiler.cmake
-- Installing: /Users/jake/dev/jsavin/Frontier/third_party/cmake-src/../cmake-install/share/cmake-3.29/Modules/Compiler/XL-Fortran
-- Installing: /Users/jake/dev/jsavin/Frontier/third_party/cmake-src/../cmake-install/share/cmake-3.29/Modules/Compiler/XL-Fortran/cpp
-- Installing: /Users/jake/dev/jsavin/Frontier/third_party/cmake-src/../cmake-install/share/cmake-3.29/Modules/Compiler/GNU-CXX.cmake
-- Installing: /Users/jake/dev/jsavin/Frontier/third_party/cmake-src/../cmake-install/share/cmake-3.29/Modules/Compiler/VisualAge-C-DetermineCompiler.cmake
-- Installing: /Users/jake/dev/jsavin/Frontier/third_party/cmake-src/../cmake-install/share/cmake-3.29/Modules/Compiler/Clang-C.cmake
-- Installing: /Users/jake/dev/jsavin/Frontier/third_party/cmake-src/../cmake-install/share/cmake-3.29/Modules/Compiler/Fujitsu.cmake
-- Installing: /Users/jake/dev/jsavin/Frontier/third_party/cmake-src/../cmake-install/share/cmake-3.29/Modules/Compiler/GNU.cmake
-- Installing: /Users/jake/dev/jsavin/Frontier/third_party/cmake-src/../cmake-install/share/cmake-3.29/Modules/Compiler/AppleClang-OBJC.cmake
-- Installing: /Users/jake/dev/jsavin/Frontier/third_party/cmake-src/../cmake-install/share/cmake-3.29/Modules/Compiler/HP-C.cmake
-- Installing: /Users/jake/dev/jsavin/Frontier/third_party/cmake-src/../cmake-install/share/cmake-3.29/Modules/Compiler/CrayPrgEnv-Fortran.cmake
-- Installing: /Users/jake/dev/jsavin/Frontier/third_party/cmake-src/../cmake-install/share/cmake-3.29/Modules/Compiler/TI.cmake
-- Installing: /Users/jake/dev/jsavin/Frontier/third_party/cmake-src/../cmake-install/share/cmake-3.29/Modules/Compiler/HP-CXX.cmake
-- Installing: /Users/jake/dev/jsavin/Frontier/third_party/cmake-src/../cmake-install/share/cmake-3.29/Modules/Compiler/QCC-CXX-FeatureTests.cmake
-- Installing: /Users/jake/dev/jsavin/Frontier/third_party/cmake-src/../cmake-install/share/cmake-3.29/Modules/Compiler/IntelLLVM-FindBinUtils.cmake
-- Installing: /Users/jake/dev/jsavin/Frontier/third_party/cmake-src/../cmake-install/share/cmake-3.29/Modules/Compiler/Absoft-Fortran.cmake
-- Installing: /Users/jake/dev/jsavin/Frontier/third_party/cmake-src/../cmake-install/share/cmake-3.29/Modules/Compiler/FujitsuClang-CXX.cmake
-- Installing: /Users/jake/dev/jsavin/Frontier/third_party/cmake-src/../cmake-install/share/cmake-3.29/Modules/Compiler/FujitsuClang.cmake
-- Installing: /Users/jake/dev/jsavin/Frontier/third_party/cmake-src/../cmake-install/share/cmake-3.29/Modules/Compiler/OrangeC-DetermineCompiler.cmake
-- Installing: /Users/jake/dev/jsavin/Frontier/third_party/cmake-src/../cmake-install/share/cmake-3.29/Modules/Compiler/TIClang-ASM.cmake
-- Installing: /Users/jake/dev/jsavin/Frontier/third_party/cmake-src/../cmake-install/share/cmake-3.29/Modules/Compiler/CrayClang-CXX.cmake
-- Installing: /Users/jake/dev/jsavin/Frontier/third_party/cmake-src/../cmake-install/share/cmake-3.29/Modules/Compiler/CMakeCommonCompilerMacros.cmake
-- Installing: /Users/jake/dev/jsavin/Frontier/third_party/cmake-src/../cmake-install/share/cmake-3.29/Modules/Compiler/SunPro-CXX.cmake
-- Installing: /Users/jake/dev/jsavin/Frontier/third_party/cmake-src/../cmake-install/share/cmake-3.29/Modules/Compiler/Intel-C-FeatureTests.cmake
-- Installing: /Users/jake/dev/jsavin/Frontier/third_party/cmake-src/../cmake-install/share/cmake-3.29/Modules/Compiler/IntelLLVM-CXX.cmake
-- Installing: /Users/jake/dev/jsavin/Frontier/third_party/cmake-src/../cmake-install/share/cmake-3.29/Modules/Compiler/Intel.cmake
-- Installing: /Users/jake/dev/jsavin/Frontier/third_party/cmake-src/../cmake-install/share/cmake-3.29/Modules/Compiler/Clang-CUDA.cmake
-- Installing: /Users/jake/dev/jsavin/Frontier/third_party/cmake-src/../cmake-install/share/cmake-3.29/Modules/Compiler/TIClang-CXX-FeatureTests.cmake
-- Installing: /Users/jake/dev/jsavin/Frontier/third_party/cmake-src/../cmake-install/share/cmake-3.29/Modules/Compiler/Fujitsu-DetermineCompiler.cmake
-- Installing: /Users/jake/dev/jsavin/Frontier/third_party/cmake-src/../cmake-install/share/cmake-3.29/Modules/Compiler/NVIDIA-DetermineCompiler.cmake
-- Installing: /Users/jake/dev/jsavin/Frontier/third_party/cmake-src/../cmake-install/share/cmake-3.29/Modules/Compiler/XL-ASM.cmake
-- Installing: /Users/jake/dev/jsavin/Frontier/third_party/cmake-src/../cmake-install/share/cmake-3.29/Modules/Compiler/IBMClang.cmake
-- Installing: /Users/jake/dev/jsavin/Frontier/third_party/cmake-src/../cmake-install/share/cmake-3.29/Modules/Compiler/NVHPC.cmake
-- Installing: /Users/jake/dev/jsavin/Frontier/third_party/cmake-src/../cmake-install/share/cmake-3.29/Modules/Compiler/AppleClang-CXX.cmake
-- Installing: /Users/jake/dev/jsavin/Frontier/third_party/cmake-src/../cmake-install/share/cmake-3.29/Modules/Compiler/Intel-DetermineCompiler.cmake
-- Installing: /Users/jake/dev/jsavin/Frontier/third_party/cmake-src/../cmake-install/share/cmake-3.29/Modules/Compiler/MSVC-ASM.cmake
-- Installing: /Users/jake/dev/jsavin/Frontier/third_party/cmake-src/../cmake-install/share/cmake-3.29/Modules/Compiler/Clang-CXX-TestableFeatures.cmake
-- Installing: /Users/jake/dev/jsavin/Frontier/third_party/cmake-src/../cmake-install/share/cmake-3.29/Modules/Compiler/ARMCC-ASM.cmake
-- Installing: /Users/jake/dev/jsavin/Frontier/third_party/cmake-src/../cmake-install/share/cmake-3.29/Modules/Compiler/PathScale-CXX.cmake
-- Installing: /Users/jake/dev/jsavin/Frontier/third_party/cmake-src/../cmake-install/share/cmake-3.29/Modules/Compiler/PathScale-DetermineCompiler.cmake
-- Installing: /Users/jake/dev/jsavin/Frontier/third_party/cmake-src/../cmake-install/share/cmake-3.29/Modules/Compiler/ARMCC-C.cmake
-- Installing: /Users/jake/dev/jsavin/Frontier/third_party/cmake-src/../cmake-install/share/cmake-3.29/Modules/Compiler/TI-CXX.cmake
-- Installing: /Users/jake/dev/jsavin/Frontier/third_party/cmake-src/../cmake-install/share/cmake-3.29/Modules/Compiler/CrayPrgEnv-C.cmake
-- Installing: /Users/jake/dev/jsavin/Frontier/third_party/cmake-src/../cmake-install/share/cmake-3.29/Modules/Compiler/IBMCPP-CXX-DetermineVersionInternal.cmake
-- Installing: /Users/jake/dev/jsavin/Frontier/third_party/cmake-src/../cmake-install/share/cmake-3.29/Modules/Compiler/Fujitsu-Fortran.cmake
-- Installing: /Users/jake/dev/jsavin/Frontier/third_party/cmake-src/../cmake-install/share/cmake-3.29/Modules/Compiler/Tasking-CXX.cmake
-- Installing: /Users/jake/dev/jsavin/Frontier/third_party/cmake-src/../cmake-install/share/cmake-3.29/Modules/FeatureSummary.cmake
-- Installing: /Users/jake/dev/jsavin/Frontier/third_party/cmake-src/../cmake-install/share/cmake-3.29/Modules/CMakeOBJCXXInformation.cmake
-- Installing: /Users/jake/dev/jsavin/Frontier/third_party/cmake-src/../cmake-install/share/cmake-3.29/Modules/FindPostgreSQL.cmake
-- Installing: /Users/jake/dev/jsavin/Frontier/third_party/cmake-src/../cmake-install/share/cmake-3.29/Modules/Squish4RunTestCase.sh
-- Installing: /Users/jake/dev/jsavin/Frontier/third_party/cmake-src/../cmake-install/share/cmake-3.29/Modules/CMakeNMakeFindMake.cmake
-- Installing: /Users/jake/dev/jsavin/Frontier/third_party/cmake-src/../cmake-install/share/cmake-3.29/Modules/FindPNG.cmake
-- Installing: /Users/jake/dev/jsavin/Frontier/third_party/cmake-src/../cmake-install/share/cmake-3.29/Modules/CMakeExportBuildSettings.cmake
-- Installing: /Users/jake/dev/jsavin/Frontier/third_party/cmake-src/../cmake-install/share/cmake-3.29/Modules/FindArmadillo.cmake
-- Installing: /Users/jake/dev/jsavin/Frontier/third_party/cmake-src/../cmake-install/share/cmake-3.29/Modules/FindMotif.cmake
-- Installing: /Users/jake/dev/jsavin/Frontier/third_party/cmake-src/../cmake-install/share/cmake-3.29/Modules/FindGDAL.cmake
-- Installing: /Users/jake/dev/jsavin/Frontier/third_party/cmake-src/../cmake-install/share/cmake-3.29/Modules/CMakeDetermineSystem.cmake
-- Installing: /Users/jake/dev/jsavin/Frontier/third_party/cmake-src/../cmake-install/share/cmake-3.29/Modules/FindKDE3.cmake
-- Installing: /Users/jake/dev/jsavin/Frontier/third_party/cmake-src/../cmake-install/share/cmake-3.29/Modules/exportheader.cmake.in
-- Installing: /Users/jake/dev/jsavin/Frontier/third_party/cmake-src/../cmake-install/share/cmake-3.29/Modules/CPackIFWConfigureFile.cmake
-- Installing: /Users/jake/dev/jsavin/Frontier/third_party/cmake-src/../cmake-install/share/cmake-3.29/Modules/FindDevIL.cmake
-- Installing: /Users/jake/dev/jsavin/Frontier/third_party/cmake-src/../cmake-install/share/cmake-3.29/Modules/FindLibArchive.cmake
-- Installing: /Users/jake/dev/jsavin/Frontier/third_party/cmake-src/../cmake-install/share/cmake-3.29/Modules/CMakeCXXCompilerId.cpp.in
-- Installing: /Users/jake/dev/jsavin/Frontier/third_party/cmake-src/../cmake-install/share/cmake-3.29/Modules/KDE3Macros.cmake
-- Installing: /Users/jake/dev/jsavin/Frontier/third_party/cmake-src/../cmake-install/share/cmake-3.29/Modules/FindThreads.cmake
-- Installing: /Users/jake/dev/jsavin/Frontier/third_party/cmake-src/../cmake-install/share/cmake-3.29/Modules/CMakeTestSwiftCompiler.cmake
-- Installing: /Users/jake/dev/jsavin/Frontier/third_party/cmake-src/../cmake-install/share/cmake-3.29/Modules/FindLTTngUST.cmake
-- Installing: /Users/jake/dev/jsavin/Frontier/third_party/cmake-src/../cmake-install/share/cmake-3.29/Modules/SelectLibraryConfigurations.cmake
-- Installing: /Users/jake/dev/jsavin/Frontier/third_party/cmake-src/../cmake-install/share/cmake-3.29/Modules/FindMPI
-- Installing: /Users/jake/dev/jsavin/Frontier/third_party/cmake-src/../cmake-install/share/cmake-3.29/Modules/FindMPI/test_mpi.f90.in
-- Installing: /Users/jake/dev/jsavin/Frontier/third_party/cmake-src/../cmake-install/share/cmake-3.29/Modules/FindMPI/fortranparam_mpi.f90.in
-- Installing: /Users/jake/dev/jsavin/Frontier/third_party/cmake-src/../cmake-install/share/cmake-3.29/Modules/FindMPI/libver_mpi.f90.in
-- Installing: /Users/jake/dev/jsavin/Frontier/third_party/cmake-src/../cmake-install/share/cmake-3.29/Modules/FindMPI/mpiver.f90.in
-- Installing: /Users/jake/dev/jsavin/Frontier/third_party/cmake-src/../cmake-install/share/cmake-3.29/Modules/FindMPI/libver_mpi.c
-- Installing: /Users/jake/dev/jsavin/Frontier/third_party/cmake-src/../cmake-install/share/cmake-3.29/Modules/FindMPI/test_mpi.c
-- Installing: /Users/jake/dev/jsavin/Frontier/third_party/cmake-src/../cmake-install/share/cmake-3.29/Modules/FindIntl.cmake
-- Installing: /Users/jake/dev/jsavin/Frontier/third_party/cmake-src/../cmake-install/share/cmake-3.29/Modules/FindLua50.cmake
-- Installing: /Users/jake/dev/jsavin/Frontier/third_party/cmake-src/../cmake-install/share/cmake-3.29/Modules/CMakeDetermineOBJCXXCompiler.cmake
-- Installing: /Users/jake/dev/jsavin/Frontier/third_party/cmake-src/../cmake-install/share/cmake-3.29/Modules/FindCVS.cmake
-- Installing: /Users/jake/dev/jsavin/Frontier/third_party/cmake-src/../cmake-install/share/cmake-3.29/Modules/CMakeGraphVizOptions.cmake
-- Installing: /Users/jake/dev/jsavin/Frontier/third_party/cmake-src/../cmake-install/share/cmake-3.29/Modules/CheckPrototypeDefinition.cmake
-- Installing: /Users/jake/dev/jsavin/Frontier/third_party/cmake-src/../cmake-install/share/cmake-3.29/Modules/FindCurses.cmake
-- Installing: /Users/jake/dev/jsavin/Frontier/third_party/cmake-src/../cmake-install/share/cmake-3.29/Modules/CMakeCheckCompilerFlagCommonPatterns.cmake
-- Installing: /Users/jake/dev/jsavin/Frontier/third_party/cmake-src/../cmake-install/share/cmake-3.29/Modules/FindIconv.cmake
-- Installing: /Users/jake/dev/jsavin/Frontier/third_party/cmake-src/../cmake-install/share/cmake-3.29/Modules/CMakeDetermineCompileFeatures.cmake
-- Installing: /Users/jake/dev/jsavin/Frontier/third_party/cmake-src/../cmake-install/share/cmake-3.29/Modules/CMakeNinjaFindMake.cmake
-- Installing: /Users/jake/dev/jsavin/Frontier/third_party/cmake-src/../cmake-install/share/cmake-3.29/Modules/FindGSL.cmake
-- Installing: /Users/jake/dev/jsavin/Frontier/third_party/cmake-src/../cmake-install/share/cmake-3.29/Modules/CheckLinkerFlag.cmake
-- Installing: /Users/jake/dev/jsavin/Frontier/third_party/cmake-src/../cmake-install/share/cmake-3.29/Modules/CMakeTestOBJCCompiler.cmake
-- Installing: /Users/jake/dev/jsavin/Frontier/third_party/cmake-src/../cmake-install/share/cmake-3.29/Templates
-- Installing: /Users/jake/dev/jsavin/Frontier/third_party/cmake-src/../cmake-install/share/cmake-3.29/Templates/CMakeVSMacros2.vsmacros
-- Installing: /Users/jake/dev/jsavin/Frontier/third_party/cmake-src/../cmake-install/share/cmake-3.29/Templates/CPackConfig.cmake.in
-- Installing: /Users/jake/dev/jsavin/Frontier/third_party/cmake-src/../cmake-install/share/cmake-3.29/Templates/MSBuild
-- Installing: /Users/jake/dev/jsavin/Frontier/third_party/cmake-src/../cmake-install/share/cmake-3.29/Templates/MSBuild/nasm.targets
-- Installing: /Users/jake/dev/jsavin/Frontier/third_party/cmake-src/../cmake-install/share/cmake-3.29/Templates/MSBuild/nasm.props.in
-- Installing: /Users/jake/dev/jsavin/Frontier/third_party/cmake-src/../cmake-install/share/cmake-3.29/Templates/MSBuild/nasm.xml
-- Installing: /Users/jake/dev/jsavin/Frontier/third_party/cmake-src/../cmake-install/share/cmake-3.29/Templates/MSBuild/FlagTables
-- Installing: /Users/jake/dev/jsavin/Frontier/third_party/cmake-src/../cmake-install/share/cmake-3.29/Templates/MSBuild/FlagTables/v12_MASM.json
-- Installing: /Users/jake/dev/jsavin/Frontier/third_party/cmake-src/../cmake-install/share/cmake-3.29/Templates/MSBuild/FlagTables/v143_CSharp.json
-- Installing: /Users/jake/dev/jsavin/Frontier/third_party/cmake-src/../cmake-install/share/cmake-3.29/Templates/MSBuild/FlagTables/v12_LIB.json
-- Installing: /Users/jake/dev/jsavin/Frontier/third_party/cmake-src/../cmake-install/share/cmake-3.29/Templates/MSBuild/FlagTables/v142_CL.json
-- Installing: /Users/jake/dev/jsavin/Frontier/third_party/cmake-src/../cmake-install/share/cmake-3.29/Templates/MSBuild/FlagTables/v10_CSharp.json
-- Installing: /Users/jake/dev/jsavin/Frontier/third_party/cmake-src/../cmake-install/share/cmake-3.29/Templates/MSBuild/FlagTables/v143_CL.json
-- Installing: /Users/jake/dev/jsavin/Frontier/third_party/cmake-src/../cmake-install/share/cmake-3.29/Templates/MSBuild/FlagTables/v143_Link.json
-- Installing: /Users/jake/dev/jsavin/Frontier/third_party/cmake-src/../cmake-install/share/cmake-3.29/Templates/MSBuild/FlagTables/v14_MASM.json
-- Installing: /Users/jake/dev/jsavin/Frontier/third_party/cmake-src/../cmake-install/share/cmake-3.29/Templates/MSBuild/FlagTables/v12_Link.json
-- Installing: /Users/jake/dev/jsavin/Frontier/third_party/cmake-src/../cmake-install/share/cmake-3.29/Templates/MSBuild/FlagTables/v141_CL.json
-- Installing: /Users/jake/dev/jsavin/Frontier/third_party/cmake-src/../cmake-install/share/cmake-3.29/Templates/MSBuild/FlagTables/v14_RC.json
-- Installing: /Users/jake/dev/jsavin/Frontier/third_party/cmake-src/../cmake-install/share/cmake-3.29/Templates/MSBuild/FlagTables/v140_CSharp.json
-- Installing: /Users/jake/dev/jsavin/Frontier/third_party/cmake-src/../cmake-install/share/cmake-3.29/Templates/MSBuild/FlagTables/v10_CudaHost.json
-- Installing: /Users/jake/dev/jsavin/Frontier/third_party/cmake-src/../cmake-install/share/cmake-3.29/Templates/MSBuild/FlagTables/v140_CL.json
-- Installing: /Users/jake/dev/jsavin/Frontier/third_party/cmake-src/../cmake-install/share/cmake-3.29/Templates/MSBuild/FlagTables/v14_LIB.json
-- Installing: /Users/jake/dev/jsavin/Frontier/third_party/cmake-src/../cmake-install/share/cmake-3.29/Templates/MSBuild/FlagTables/v142_Link.json
-- Installing: /Users/jake/dev/jsavin/Frontier/third_party/cmake-src/../cmake-install/share/cmake-3.29/Templates/MSBuild/FlagTables/v10_CL.json
-- Installing: /Users/jake/dev/jsavin/Frontier/third_party/cmake-src/../cmake-install/share/cmake-3.29/Templates/MSBuild/FlagTables/v11_CSharp.json
-- Installing: /Users/jake/dev/jsavin/Frontier/third_party/cmake-src/../cmake-install/share/cmake-3.29/Templates/MSBuild/FlagTables/v10_MASM.json
-- Installing: /Users/jake/dev/jsavin/Frontier/third_party/cmake-src/../cmake-install/share/cmake-3.29/Templates/MSBuild/FlagTables/v11_RC.json
-- Installing: /Users/jake/dev/jsavin/Frontier/third_party/cmake-src/../cmake-install/share/cmake-3.29/Templates/MSBuild/FlagTables/v11_CL.json
-- Installing: /Users/jake/dev/jsavin/Frontier/third_party/cmake-src/../cmake-install/share/cmake-3.29/Templates/MSBuild/FlagTables/v11_LIB.json
-- Installing: /Users/jake/dev/jsavin/Frontier/third_party/cmake-src/../cmake-install/share/cmake-3.29/Templates/MSBuild/FlagTables/v10_LIB.json
-- Installing: /Users/jake/dev/jsavin/Frontier/third_party/cmake-src/../cmake-install/share/cmake-3.29/Templates/MSBuild/FlagTables/v142_CSharp.json
-- Installing: /Users/jake/dev/jsavin/Frontier/third_party/cmake-src/../cmake-install/share/cmake-3.29/Templates/MSBuild/FlagTables/v10_RC.json
-- Installing: /Users/jake/dev/jsavin/Frontier/third_party/cmake-src/../cmake-install/share/cmake-3.29/Templates/MSBuild/FlagTables/v141_Link.json
-- Installing: /Users/jake/dev/jsavin/Frontier/third_party/cmake-src/../cmake-install/share/cmake-3.29/Templates/MSBuild/FlagTables/v10_Link.json
-- Installing: /Users/jake/dev/jsavin/Frontier/third_party/cmake-src/../cmake-install/share/cmake-3.29/Templates/MSBuild/FlagTables/v12_RC.json
-- Installing: /Users/jake/dev/jsavin/Frontier/third_party/cmake-src/../cmake-install/share/cmake-3.29/Templates/MSBuild/FlagTables/v10_NASM.json
-- Installing: /Users/jake/dev/jsavin/Frontier/third_party/cmake-src/../cmake-install/share/cmake-3.29/Templates/MSBuild/FlagTables/v141_CSharp.json
-- Installing: /Users/jake/dev/jsavin/Frontier/third_party/cmake-src/../cmake-install/share/cmake-3.29/Templates/MSBuild/FlagTables/v11_MASM.json
-- Installing: /Users/jake/dev/jsavin/Frontier/third_party/cmake-src/../cmake-install/share/cmake-3.29/Templates/MSBuild/FlagTables/v12_CSharp.json
-- Installing: /Users/jake/dev/jsavin/Frontier/third_party/cmake-src/../cmake-install/share/cmake-3.29/Templates/MSBuild/FlagTables/v10_MARMASM.json
-- Installing: /Users/jake/dev/jsavin/Frontier/third_party/cmake-src/../cmake-install/share/cmake-3.29/Templates/MSBuild/FlagTables/v12_CL.json
-- Installing: /Users/jake/dev/jsavin/Frontier/third_party/cmake-src/../cmake-install/share/cmake-3.29/Templates/MSBuild/FlagTables/v11_Link.json
-- Installing: /Users/jake/dev/jsavin/Frontier/third_party/cmake-src/../cmake-install/share/cmake-3.29/Templates/MSBuild/FlagTables/v10_Cuda.json
-- Installing: /Users/jake/dev/jsavin/Frontier/third_party/cmake-src/../cmake-install/share/cmake-3.29/Templates/MSBuild/FlagTables/v140_Link.json
-- Installing: /Users/jake/dev/jsavin/Frontier/third_party/cmake-src/../cmake-install/share/cmake-3.29/Templates/MSBuild/CustomBuildDepFile.targets
-- Installing: /Users/jake/dev/jsavin/Frontier/third_party/cmake-src/../cmake-install/share/cmake-3.29/Templates/CPack.GenericWelcome.txt
-- Installing: /Users/jake/dev/jsavin/Frontier/third_party/cmake-src/../cmake-install/share/cmake-3.29/Templates/CPack.GenericDescription.txt
-- Installing: /Users/jake/dev/jsavin/Frontier/third_party/cmake-src/../cmake-install/share/cmake-3.29/Templates/AppleInfo.plist
-- Installing: /Users/jake/dev/jsavin/Frontier/third_party/cmake-src/../cmake-install/share/cmake-3.29/Templates/CPack.GenericLicense.txt
-- Installing: /Users/jake/dev/jsavin/Frontier/third_party/cmake-src/../cmake-install/share/cmake-3.29/Templates/TestDriver.cxx.in
-- Installing: /Users/jake/dev/jsavin/Frontier/third_party/cmake-src/../cmake-install/share/cmake-3.29/Templates/CMakeVSMacros1.vsmacros
-- Installing: /Users/jake/dev/jsavin/Frontier/third_party/cmake-src/../cmake-install/share/cmake-3.29/Templates/Windows
-- Installing: /Users/jake/dev/jsavin/Frontier/third_party/cmake-src/../cmake-install/share/cmake-3.29/Templates/Windows/SplashScreen.png
-- Installing: /Users/jake/dev/jsavin/Frontier/third_party/cmake-src/../cmake-install/share/cmake-3.29/Templates/Windows/StoreLogo.png
-- Installing: /Users/jake/dev/jsavin/Frontier/third_party/cmake-src/../cmake-install/share/cmake-3.29/Templates/Windows/Windows_TemporaryKey.pfx
-- Installing: /Users/jake/dev/jsavin/Frontier/third_party/cmake-src/../cmake-install/share/cmake-3.29/Templates/Windows/ApplicationIcon.png
-- Installing: /Users/jake/dev/jsavin/Frontier/third_party/cmake-src/../cmake-install/share/cmake-3.29/Templates/Windows/Logo.png
-- Installing: /Users/jake/dev/jsavin/Frontier/third_party/cmake-src/../cmake-install/share/cmake-3.29/Templates/Windows/SmallLogo.png
-- Installing: /Users/jake/dev/jsavin/Frontier/third_party/cmake-src/../cmake-install/share/cmake-3.29/Templates/Windows/SmallLogo44x44.png
-- Installing: /Users/jake/dev/jsavin/Frontier/third_party/cmake-src/../cmake-install/share/cmake-3.29/Templates/CTestScript.cmake.in
-- Installing: /Users/jake/dev/jsavin/Frontier/third_party/cmake-src/../cmake-install/share/vim/vimfiles/indent
-- Installing: /Users/jake/dev/jsavin/Frontier/third_party/cmake-src/../cmake-install/share/vim/vimfiles/indent/cmake.vim
-- Installing: /Users/jake/dev/jsavin/Frontier/third_party/cmake-src/../cmake-install/share/vim/vimfiles/syntax
-- Installing: /Users/jake/dev/jsavin/Frontier/third_party/cmake-src/../cmake-install/share/vim/vimfiles/syntax/cmake.vim
-- Installing: /Users/jake/dev/jsavin/Frontier/third_party/cmake-src/../cmake-install/share/emacs/site-lisp/cmake-mode.el
-- Installing: /Users/jake/dev/jsavin/Frontier/third_party/cmake-src/../cmake-install/share/aclocal/cmake.m4
-- Installing: /Users/jake/dev/jsavin/Frontier/third_party/cmake-src/../cmake-install/share/bash-completion/completions/cmake
-- Installing: /Users/jake/dev/jsavin/Frontier/third_party/cmake-src/../cmake-install/share/bash-completion/completions/cpack
-- Installing: /Users/jake/dev/jsavin/Frontier/third_party/cmake-src/../cmake-install/share/bash-completion/completions/ctest
